numero_acta,archivo_imagen,fecha_lote,fecha_documento,medicamento_insumo,cantidad,unidad,presentacion
SIN_NUMERO,E-000001.jpg,2026-08-12,12/08/2024,Paxixer,2.0,frascos,120ml
SIN_NUMERO,E-000001.jpg,2026-08-12,12/08/2024,B-fex,1.0,frasco,60ml
SIN_NUMERO,E-000001.jpg,2026-08-12,12/08/2024,Meloxicam,2.0,frascos,10ml
SIN_NUMERO,E-000001.jpg,2026-08-12,12/08/2024,Verde mint,1.0,unidad,50g
SIN_NUMERO,E-000001.jpg,2026-08-12,12/08/2024,Caja de guantes,1.0,caja,
SIN_NUMERO,E-000002.jpg,2026-08-12,12/08/2016,Zoo-calm,2.0,frascos,120 ml
SIN_NUMERO,E-000002.jpg,2026-08-12,12/08/2016,Meloxicam,5.0,frascos,10 ml
SIN_NUMERO,E-000002.jpg,2026-08-12,12/08/2016,Helbproc,1.0,frasco,10 ml
SIN_NUMERO,E-000002.jpg,2026-08-12,12/08/2016,Amoxicilina,80.0,tabletas,500 mg
SIN_NUMERO,E-000002.jpg,2026-08-12,12/08/2016,Ampicilina,5.0,frascos,50 ml
SIN_NUMERO,E-000002.jpg,2026-08-12,12/08/2016,Clorhexidina,2.0,frascos,Spray 100 ml
SIN_NUMERO,E-000002.jpg,2026-08-12,12/08/2016,Boxidin,1.0,frasco,120 ml
SIN_NUMERO,E-000002.jpg,2026-08-12,12/08/2016,Alcohol,1.0,frasco,500 ml
SIN_NUMERO,E-000002.jpg,2026-08-12,12/08/2016,Metronidazol,1.0,frasco,250 mg
SIN_NUMERO,E-000002.jpg,2026-08-12,12/08/2016,Fiprodo,1.0,frasco,0.67 ml
SIN_NUMERO,E-000002.jpg,2026-08-12,12/08/2016,Meloxicam,1.0,frasco,0.15% 30 ml
SIN_NUMERO,E-000002.jpg,2026-08-12,12/08/2016,Cefalexina,1.0,caja,100 mg
SIN_NUMERO,E-000002.jpg,2026-08-12,12/08/2016,Propofol,1.0,caja,20 ml
SIN_NUMERO,E-000002.jpg,2026-08-12,12/08/2016,Metrodix,1.0,frasco,8% 60 ml
SIN_NUMERO,E-000002.jpg,2026-08-12,12/08/2016,Finhemox,1.0,frasco,50 ml
SIN_NUMERO,E-000002.jpg,2026-08-12,12/08/2016,Dipirona,1.0,frasco,50% 50 ml
SIN_NUMERO,E-000002.jpg,2026-08-12,12/08/2016,Pronalgin,1.0,frasco,50 ml
SIN_NUMERO,E-000003.jpg,2026-08-12,12/08/2026,Meloxicam,10.0,unidades,oral 10 ml
SIN_NUMERO,E-000003.jpg,2026-08-12,12/08/2026,Meloxicam,4.0,unidades,oral 15 ml
SIN_NUMERO,E-000003.jpg,2026-08-12,12/08/2026,Meloxicam,8.0,cajas,2 mg caja x 10 tab
SIN_NUMERO,E-000003.jpg,2026-08-12,12/08/2026,Meloxicam,6.0,cajas,2 mg caja x 10 tab
SIN_NUMERO,E-000003.jpg,2026-08-12,12/08/2026,Meloxicam,1.0,cajas,2 mg caja x 10 tab
SIN_NUMERO,E-000003.jpg,2026-08-12,12/08/2026,Meloxicam,1.0,frascos,sus. oral x 10 ml
SIN_NUMERO,E-000003.jpg,2026-08-12,12/08/2026,Meloxicam,2.0,frascos,oral 15 ml
SIN_NUMERO,E-000003.jpg,2026-08-12,12/08/2026,Tramadol,5.0,unidades,100 mg/ml
SIN_NUMERO,E-000003.jpg,2026-08-12,12/08/2026,Ankofen,1.0,cajas,caja x 10 tab
SIN_NUMERO,E-000003.jpg,2026-08-12,12/08/2026,Meloximax,2.0,cajas,caja x 30 tab
SIN_NUMERO,E-000003.jpg,2026-08-12,12/08/2026,Ankofen,1.0,unidades,10 ml
SIN_NUMERO,E-000003.jpg,2026-08-12,12/08/2026,Melalgic,11.0,unidades,gotas 10 ml
SIN_NUMERO,E-000003.jpg,2026-08-12,12/08/2026,Spectra-dol,4.0,unidades,gotas 10 ml
SIN_NUMERO,E-000003.jpg,2026-08-12,12/08/2026,Meloxibest,27.0,unidades,10 ml
SIN_NUMERO,E-000003.jpg,2026-08-12,12/08/2026,Meloxiproc,27.0,unidades,0.15% oral
SIN_NUMERO,E-000003.jpg,2026-08-12,12/08/2026,Previcox,5.0,tabletas,227 mg
SIN_NUMERO,E-000003.jpg,2026-08-12,12/08/2026,Lyrica,36.0,cápsulas,50 mg
SIN_NUMERO,E-000003.jpg,2026-08-12,12/08/2026,Meloxipet,89.0,unidades,0.15% 10 ml
SIN_NUMERO,E-000003.jpg,2026-08-12,12/08/2026,Doxiciclina,2.0,cajas,100 mg x 10 tab
SIN_NUMERO,E-000003.jpg,2026-08-12,12/08/2026,Doxiciclina,2.0,cajas,200 mg x 10 tab
SIN_NUMERO,E-000003.jpg,2026-08-12,12/08/2026,Doxican,2.0,cajas,100 caja x 20 tab
SIN_NUMERO,E-000003.jpg,2026-08-12,12/08/2026,Doxican,1.0,cajas,200 caja x 20 tab
SIN_NUMERO,E-000004.jpg,2026-08-12,12/02/2016,Neoclindan,1.0,frascos,30 ml
SIN_NUMERO,E-000004.jpg,2026-08-12,12/02/2016,Quinochar,1.0,frascos,30 ml
SIN_NUMERO,E-000004.jpg,2026-08-12,12/02/2016,Amoxicilina,1.0,frascos,suspensión 5% 60 ml
SIN_NUMERO,E-000004.jpg,2026-08-12,12/02/2016,Descensor,2.0,cajas,200 mg x 30 tabletas
SIN_NUMERO,E-000004.jpg,2026-08-12,12/02/2016,B-Fex,1.0,frascos,60 ml
SIN_NUMERO,E-000004.jpg,2026-08-12,12/02/2016,Marodix,1.0,frascos,30% 60 ml
SIN_NUMERO,E-000004.jpg,2026-08-12,12/02/2016,Metronidazol,1.0,frascos,250 mg/5 ml
SIN_NUMERO,E-000004.jpg,2026-08-12,12/02/2016,Metosal,5.0,frascos,120 ml
SIN_NUMERO,E-000004.jpg,2026-08-12,12/02/2016,Metronidazol,9.0,tabletas,20 mg
SIN_NUMERO,E-000004.jpg,2026-08-12,12/02/2016,Pretub,13.0,tabletas,50 mg
SIN_NUMERO,E-000004.jpg,2026-08-12,12/02/2016,Prednisolona,76.0,tabletas,5 mg (Genfar)
SIN_NUMERO,E-000004.jpg,2026-08-12,12/02/2016,Prednicare,6.0,tabletas,5 mg
SIN_NUMERO,E-000004.jpg,2026-08-12,12/02/2016,Prednisolona,1.0,cajas,20 mg (Holliday)
SIN_NUMERO,E-000004.jpg,2026-08-12,12/02/2016,Prednisolona,30.0,tabletas,5 mg x 100 tabletas
SIN_NUMERO,E-000004.jpg,2026-08-12,12/02/2016,Prednisolona,4.0,frascos,20 mg (Cosapharma)
SIN_NUMERO,E-000004.jpg,2026-08-12,12/02/2016,Metilprednisolona,4.0,frascos,500 mg
SIN_NUMERO,E-000005.jpg,2026-08-12,12-AGO-26,Dexametasona,87.0,unidades,4mg
SIN_NUMERO,E-000005.jpg,2026-08-12,12-AGO-26,Dexametasona,390.0,unidades,8mg
SIN_NUMERO,E-000005.jpg,2026-08-12,12-AGO-26,Dexametasona,12.0,frascos,10ml
SIN_NUMERO,E-000005.jpg,2026-08-12,12-AGO-26,Dexametasona,2.0,frascos,50ml
SIN_NUMERO,E-000005.jpg,2026-08-12,12-AGO-26,Cavental Antiparasitario oral,6.0,unidades,
SIN_NUMERO,E-000005.jpg,2026-08-12,12-AGO-26,Meloxicam,7.0,tabletas,2mg
SIN_NUMERO,E-000005.jpg,2026-08-12,12-AGO-26,Electrolito,2.0,unidades,10ml
SIN_NUMERO,E-000005.jpg,2026-08-12,12-AGO-26,Meloxicam,2.0,unidades,10ml
SIN_NUMERO,E-000005.jpg,2026-08-12,12-AGO-26,Meloxicam,1.0,frasco,15ml
SIN_NUMERO,E-000005.jpg,2026-08-12,12-AGO-26,Meloxicam,5.0,frascos,30ml
SIN_NUMERO,E-000005.jpg,2026-08-12,12-AGO-26,Meloxicam,1.0,caja,15mg
SIN_NUMERO,E-000005.jpg,2026-08-12,12-AGO-26,Meloxicam,2.0,tabletas,7.5mg
SIN_NUMERO,E-000005.jpg,2026-08-12,12-AGO-26,Trumel,6.0,unidades,
SIN_NUMERO,E-000005.jpg,2026-08-12,12-AGO-26,John Burn,7.0,unidades,
SIN_NUMERO,E-000005.jpg,2026-08-12,12-AGO-26,Dexametasona,2.0,ampollas,
SIN_NUMERO,E-000005.jpg,2026-08-12,12-AGO-26,Metoclopramida,2.0,ampollas,
SIN_NUMERO,E-000005.jpg,2026-08-12,12-AGO-26,Lactato de Ringer,2.0,bolsas,
SIN_NUMERO,E-000005.jpg,2026-08-12,12-AGO-26,Amoxicilina,3.0,blisters,
SIN_NUMERO,E-000006.jpg,2026-08-12,12/08/202X,Dextromin,1.0,frasco,500ml
SIN_NUMERO,E-000006.jpg,2026-08-12,12/08/202X,Baixidin,1.0,frasco,120ml
SIN_NUMERO,E-000006.jpg,2026-08-12,12/08/202X,Meloxiproc,1.0,frasco,10ml
SIN_NUMERO,E-000006.jpg,2026-08-12,12/08/202X,Bronqui,1.0,frasco,200 120ml
SIN_NUMERO,E-000006.jpg,2026-08-12,12/08/202X,Clorhexidina,1.0,frasco,120ml
SIN_NUMERO,E-000006.jpg,2026-08-12,12/08/202X,Adrenalina,25.0,ampollas,1mg
SIN_NUMERO,E-000006.jpg,2026-08-12,12/08/202X,Dexametasona,20.0,ampollas,8mg/2ml
SIN_NUMERO,E-000006.jpg,2026-08-12,12/08/202X,Lidocaina,1.0,frasco,2% 50ml
SIN_NUMERO,E-000006.jpg,2026-08-12,12/08/202X,Clorhexidina,1.0,frasco,60ml
SIN_NUMERO,E-000006.jpg,2026-08-12,12/08/202X,Paracanis,1.0,frasco,5ml
SIN_NUMERO,E-000006.jpg,2026-08-12,12/08/202X,Carmelub,1.0,frasco,15ml
SIN_NUMERO,E-000006.jpg,2026-08-12,12/08/202X,Quercetol,1.0,frasco,100mg
SIN_NUMERO,E-000006.jpg,2026-08-12,12/08/202X,Electrolito,2.0,frascos,10g
SIN_NUMERO,E-000006.jpg,2026-08-12,12/08/202X,Metarsal,1.0,frasco,120ml
SIN_NUMERO,E-000006.jpg,2026-08-12,12/08/202X,Meloxicam,10.0,tabletas,4mg
SIN_NUMERO,E-000006.jpg,2026-08-12,12/08/202X,Clorhexidina spray,1.0,frasco,10ml
SIN_NUMERO,E-000006.jpg,2026-08-12,12/08/202X,Tears lagrima,1.0,frasco,10ml
SIN_NUMERO,E-000006.jpg,2026-08-12,12/08/202X,Wesche,1.0,frasco,60ml
SIN_NUMERO,E-000006.jpg,2026-08-12,12/08/202X,Digest,1.0,frasco,100g
SIN_NUMERO,E-000006.jpg,2026-08-12,12/08/202X,Furosemida,1.0,tableta,40mg
SIN_NUMERO,E-000006.jpg,2026-08-12,12/08/202X,Prednisona,20.0,tabletas,5mg
SIN_NUMERO,E-000006.jpg,2026-08-12,12/08/202X,Tramadol,10.0,tabletas,50mg
SIN_NUMERO,E-000007.jpg,2026-08-12,,Diclofenaco sodico,1.0,unidades,
SIN_NUMERO,E-000007.jpg,2026-08-12,,Acido tranexamico,2.0,ampollas,10 ampollas
SIN_NUMERO,E-000007.jpg,2026-08-12,,Lactato Ringer,10.0,bolsas,1 ampolla
SIN_NUMERO,E-000007.jpg,2026-08-12,,Jeringas,2.0,unidades,
SIN_NUMERO,E-000007.jpg,2026-08-12,,Nexgard,1.0,unidades,4-5kg
SIN_NUMERO,E-000007.jpg,2026-08-12,,Guacal mediano,1.0,unidades,
SIN_NUMERO,E-000007.jpg,2026-08-12,,Guacal mediano,1.0,unidades,
SIN_NUMERO,E-000007.jpg,2026-08-12,,Guacal mediano,7.0,unidades,
SIN_NUMERO,E-000007.jpg,2026-08-12,,Camas,10.0,unidades,
SIN_NUMERO,E-000007.jpg,2026-08-12,,Collares,3.0,unidades,
SIN_NUMERO,E-000007.jpg,2026-08-12,,Guacales M.P.G.,20.0,unidades,
SIN_NUMERO,E-000007.jpg,2026-08-12,,Camas,5.0,unidades,
SIN_NUMERO,E-000007.jpg,2026-08-12,,Tapetes,8.0,unidades,
SIN_NUMERO,E-000007.jpg,2026-08-12,,Cobijas,14.0,unidades,
SIN_NUMERO,E-000007.jpg,2026-08-12,,Comederos,5.0,unidades,
SIN_NUMERO,E-000007.jpg,2026-08-12,,Camas,5.0,unidades,
SIN_NUMERO,E-000007.jpg,2026-08-12,,Camas,1.0,unidades,
SIN_NUMERO,E-000007.jpg,2026-08-12,,Splash relajante,1.0,unidades,
SIN_NUMERO,E-000007.jpg,2026-08-12,,Isabelino,1.0,unidades,
SIN_NUMERO,E-000007.jpg,2026-08-12,,Guacal mediano,1.0,unidades,
SIN_NUMERO,E-000007.jpg,2026-08-12,,Cobij,1.0,unidades,
SIN_NUMERO,E-000007.jpg,2026-08-12,,Comedero pequeño,4.0,unidades,
SIN_NUMERO,E-000007.jpg,2026-08-12,,Termo metal,1.0,unidades,
SIN_NUMERO,E-000008.jpg,2026-08-12,,Collares,15.0,unidades,
SIN_NUMERO,E-000008.jpg,2026-08-12,,Comederos,28.0,unidades,
SIN_NUMERO,E-000009.jpg,2026-08-12,,Collares isabelinos,20.0,unidades,
SIN_NUMERO,E-000009.jpg,2026-08-12,,Guacales para gatos,6.0,unidades,
SIN_NUMERO,E-000009.jpg,2026-08-12,,Areneros,2.0,unidades,
SIN_NUMERO,E-000009.jpg,2026-08-12,,Comederos,3.0,unidades,
SIN_NUMERO,E-000009.jpg,2026-08-12,,Collares,20.0,unidades,
SIN_NUMERO,E-000009.jpg,2026-08-12,,Guacales,1.0,unidades,
SIN_NUMERO,E-000009.jpg,2026-08-12,,Desparasitante,2.0,unidades,
SIN_NUMERO,E-000009.jpg,2026-08-12,,Camas,4.0,unidades,
SIN_NUMERO,E-000009.jpg,2026-08-12,,Camas,5.0,cajas,
SIN_NUMERO,E-000009.jpg,2026-08-12,,Collares grandes,5.0,unidades,
SIN_NUMERO,E-000009.jpg,2026-08-12,,Desparasitante,6.0,unidades,
SIN_NUMERO,E-000009.jpg,2026-08-12,,Camas grandes,12.0,unidades,
SIN_NUMERO,E-000009.jpg,2026-08-12,,Camas colchones,10.0,unidades,
SIN_NUMERO,E-000009.jpg,2026-08-12,,Collares,20.0,unidades,
SIN_NUMERO,E-000009.jpg,2026-08-12,,Kit medicamentos,1.0,kit,
SIN_NUMERO,E-000009.jpg,2026-08-12,,Desparasitante,2.0,unidades,
SIN_NUMERO,E-000009.jpg,2026-08-12,,Guacales,10.0,unidades,
SIN_NUMERO,E-000009.jpg,2026-08-12,,Camas,1.0,unidades,
SIN_NUMERO,E-000009.jpg,2026-08-12,,Arena para gatos,1.0,unidades,
SIN_NUMERO,E-000010.jpg,2026-08-12,,Guantes talla S,2.0,cajas,
SIN_NUMERO,E-000010.jpg,2026-08-12,,Guantes talla M,4.0,cajas,
SIN_NUMERO,E-000010.jpg,2026-08-12,,Guantes talla L,4.0,cajas,
SIN_NUMERO,E-000010.jpg,2026-08-12,,Tapabocas 50 unidades,2.0,cajas,
SIN_NUMERO,E-000010.jpg,2026-08-12,,Pañitos húmedos,4.0,paquetes,
SIN_NUMERO,E-000010.jpg,2026-08-12,,Alcohol,3.0,frascos,700 ml
SIN_NUMERO,E-000010.jpg,2026-08-12,,Alcohol,2.0,frascos,350 ml
SIN_NUMERO,E-000010.jpg,2026-08-12,,Lactato de Ringer,2.0,bolsas,500 ml
SIN_NUMERO,E-000010.jpg,2026-08-12,,Cloruro de sodio,10.0,bolsas,500 ml
SIN_NUMERO,E-000010.jpg,2026-08-12,,Esparadrapo,2.0,rollos,
SIN_NUMERO,E-000010.jpg,2026-08-12,,Micropore,2.0,rollos,
SIN_NUMERO,E-000010.jpg,2026-08-12,,Gasas,200.0,unidades,
SIN_NUMERO,E-000010.jpg,2026-08-12,,Algodones,2.0,paquetes,
SIN_NUMERO,E-000010.jpg,2026-08-12,,Catéter verde,20.0,unidades,
SIN_NUMERO,E-000010.jpg,2026-08-12,,Catéter rosado,20.0,unidades,
SIN_NUMERO,E-000010.jpg,2026-08-12,,Catéter azul,40.0,unidades,
SIN_NUMERO,E-000010.jpg,2026-08-12,,Catéter amarillo,20.0,unidades,
SIN_NUMERO,E-000010.jpg,2026-08-12,,Micro gotero,6.0,unidades,
SIN_NUMERO,E-000010.jpg,2026-08-12,,Macro gotero,6.0,unidades,
SIN_NUMERO,E-000010.jpg,2026-08-12,,Cánula nasal oxígeno,4.0,unidades,
SIN_NUMERO,E-000010.jpg,2026-08-12,,Tubo endotraqueal,3.0,unidades,
SIN_NUMERO,E-000010.jpg,2026-08-12,,Tubo endotraqueal,3.0,unidades,
SIN_NUMERO,E-000010.jpg,2026-08-12,,Tubo endotraqueal,3.0,unidades,
SIN_NUMERO,E-000010.jpg,2026-08-12,,Jeringa,60.0,unidades,1 ml
SIN_NUMERO,E-000010.jpg,2026-08-12,,Jeringa,60.0,unidades,2 ml
SIN_NUMERO,E-000010.jpg,2026-08-12,,Jeringa,60.0,unidades,3 ml
SIN_NUMERO,E-000010.jpg,2026-08-12,,Jeringa,60.0,unidades,5 ml
SIN_NUMERO,E-000010.jpg,2026-08-12,,Jeringa,10.0,unidades,20 ml
SIN_NUMERO,E-000010.jpg,2026-08-12,,Jeringa,20.0,unidades,50 ml
SIN_NUMERO,E-000010.jpg,2026-08-12,,Suturas,5.0,unidades,
SIN_NUMERO,E-000010.jpg,2026-08-12,,Vendas,5.0,unidades,
SIN_NUMERO,E-000010.jpg,2026-08-12,,Tapón heparina,10.0,unidades,
SIN_NUMERO,E-000010.jpg,2026-08-12,,Gasas,5.0,paquetes,
SIN_NUMERO,E-000010.jpg,2026-08-12,,Sondas,5.0,unidades,
SIN_NUMERO,E-000010.jpg,2026-08-12,,Sonda,3.0,unidades,
SIN_NUMERO,E-000010.jpg,2026-08-12,,Batas,5.0,unidades,
SIN_NUMERO,E-000010.jpg,2026-08-12,,Ayudas,30.0,unidades,
SIN_NUMERO,E-000011.jpg,2026-08-12,,Guantes talla S,2.0,cajas,
SIN_NUMERO,E-000011.jpg,2026-08-12,,Guantes talla M,4.0,cajas,
SIN_NUMERO,E-000011.jpg,2026-08-12,,Guantes talla L,4.0,cajas,
SIN_NUMERO,E-000011.jpg,2026-08-12,,Tapabocas,2.0,cajas,50 unidades
SIN_NUMERO,E-000011.jpg,2026-08-12,,Pañitos húmedos,4.0,unidades,
SIN_NUMERO,E-000011.jpg,2026-08-12,,Alcohol,3.0,frascos,700 ml
SIN_NUMERO,E-000011.jpg,2026-08-12,,Alcohol,2.0,frascos,350 ml
SIN_NUMERO,E-000011.jpg,2026-08-12,,Lactato de Ringer,8.0,bolsas,500 ml
SIN_NUMERO,E-000011.jpg,2026-08-12,,Cloruro de sodio,10.0,bolsas,500 ml
SIN_NUMERO,E-000011.jpg,2026-08-12,,Esparadrapo,2.0,unidades,
SIN_NUMERO,E-000011.jpg,2026-08-12,,Micropore,2.0,unidades,
SIN_NUMERO,E-000011.jpg,2026-08-12,,Gasas,200.0,unidades,
SIN_NUMERO,E-000011.jpg,2026-08-12,,Algodones,2.0,unidades,
SIN_NUMERO,E-000011.jpg,2026-08-12,,Catéter verde,20.0,unidades,
SIN_NUMERO,E-000011.jpg,2026-08-12,,Catéter rosado,20.0,unidades,
SIN_NUMERO,E-000011.jpg,2026-08-12,,Catéter azul,40.0,unidades,
SIN_NUMERO,E-000011.jpg,2026-08-12,,Catéter amarillo,20.0,unidades,
SIN_NUMERO,E-000011.jpg,2026-08-12,,Micro goteo,6.0,unidades,
SIN_NUMERO,E-000011.jpg,2026-08-12,,Macro goteo,4.0,unidades,
SIN_NUMERO,E-000011.jpg,2026-08-12,,Cánula nasal oxígeno,3.0,unidades,
SIN_NUMERO,E-000011.jpg,2026-08-12,,Tubo endotraqueal,3.0,unidades,
SIN_NUMERO,E-000011.jpg,2026-08-12,,Tubo endotraqueal,3.0,unidades,
SIN_NUMERO,E-000011.jpg,2026-08-12,,Tubo endotraqueal,3.0,unidades,
SIN_NUMERO,E-000011.jpg,2026-08-12,,Jeringa,60.0,unidades,1 ml
SIN_NUMERO,E-000011.jpg,2026-08-12,,Jeringa,60.0,unidades,2 ml
SIN_NUMERO,E-000011.jpg,2026-08-12,,Jeringa,60.0,unidades,3 ml
SIN_NUMERO,E-000011.jpg,2026-08-12,,Jeringa,60.0,unidades,5 ml
SIN_NUMERO,E-000011.jpg,2026-08-12,,Jeringa,60.0,unidades,10 ml
SIN_NUMERO,E-000011.jpg,2026-08-12,,Jeringa,10.0,unidades,20 ml
SIN_NUMERO,E-000011.jpg,2026-08-12,,Jeringa,20.0,unidades,50 ml
SIN_NUMERO,E-000011.jpg,2026-08-12,,Sutura,11.0,unidades,
SIN_NUMERO,E-000011.jpg,2026-08-12,,Vendas,5.0,unidades,
SIN_NUMERO,E-000011.jpg,2026-08-12,,Tapón heparina,10.0,unidades,
SIN_NUMERO,E-000011.jpg,2026-08-12,,Batas,5.0,unidades,
SIN_NUMERO,E-000011.jpg,2026-08-12,,Sonda,2.0,unidades,
SIN_NUMERO,E-000011.jpg,2026-08-12,,Sonda,2.0,unidades,
SIN_NUMERO,E-000011.jpg,2026-08-12,,Agujas,30.0,unidades,
SIN_NUMERO,E-000012.jpg,2026-08-12,,Guantes talla S,2.0,unidades,
SIN_NUMERO,E-000012.jpg,2026-08-12,,Guantes talla M,4.0,unidades,
SIN_NUMERO,E-000012.jpg,2026-08-12,,Guantes talla L,2.0,unidades,
SIN_NUMERO,E-000012.jpg,2026-08-12,,Tapabocas,4.0,cajas,50 unidades
SIN_NUMERO,E-000012.jpg,2026-08-12,,Paños húmedos,3.0,unidades,
SIN_NUMERO,E-000012.jpg,2026-08-12,,Alcohol,2.0,frascos,300 ml
SIN_NUMERO,E-000012.jpg,2026-08-12,,Lactato de Ringer,8.0,bolsas,500 ml
SIN_NUMERO,E-000012.jpg,2026-08-12,,Cloruro de sodio,10.0,bolsas,500 ml
SIN_NUMERO,E-000012.jpg,2026-08-12,,Esparadrapo,2.0,rollos,
SIN_NUMERO,E-000012.jpg,2026-08-12,,Micropore,2.0,rollos,
SIN_NUMERO,E-000012.jpg,2026-08-12,,Gasas,200.0,unidades,
SIN_NUMERO,E-000012.jpg,2026-08-12,,Algodones,2.0,paquetes,
SIN_NUMERO,E-000012.jpg,2026-08-12,,Catéter verde,20.0,unidades,
SIN_NUMERO,E-000012.jpg,2026-08-12,,Catéter rosado,20.0,unidades,
SIN_NUMERO,E-000012.jpg,2026-08-12,,Catéter azul,40.0,unidades,
SIN_NUMERO,E-000012.jpg,2026-08-12,,Catéter amarillo,20.0,unidades,
SIN_NUMERO,E-000012.jpg,2026-08-12,,Microgotero,6.0,unidades,
SIN_NUMERO,E-000012.jpg,2026-08-12,,Macrogotero,6.0,unidades,
SIN_NUMERO,E-000012.jpg,2026-08-12,,Cánula nasal oxígeno,4.0,unidades,
SIN_NUMERO,E-000012.jpg,2026-08-12,,Tubo endotraqueal,3.0,unidades,
SIN_NUMERO,E-000012.jpg,2026-08-12,,Tubo endotraqueal,3.0,unidades,
SIN_NUMERO,E-000012.jpg,2026-08-12,,Tubo endotraqueal,3.0,unidades,
SIN_NUMERO,E-000012.jpg,2026-08-12,,Jeringa,60.0,unidades,1 ml
SIN_NUMERO,E-000012.jpg,2026-08-12,,Jeringa,60.0,unidades,2 ml
SIN_NUMERO,E-000012.jpg,2026-08-12,,Jeringa,60.0,unidades,3 ml
SIN_NUMERO,E-000012.jpg,2026-08-12,,Jeringa,60.0,unidades,5 ml
SIN_NUMERO,E-000012.jpg,2026-08-12,,Jeringa,60.0,unidades,10 ml
SIN_NUMERO,E-000012.jpg,2026-08-12,,Jeringa,10.0,unidades,20 ml
SIN_NUMERO,E-000012.jpg,2026-08-12,,Jeringa,20.0,unidades,50 ml
SIN_NUMERO,E-000012.jpg,2026-08-12,,Vendas,5.0,unidades,
SIN_NUMERO,E-000012.jpg,2026-08-12,,Tapón heparina,10.0,unidades,
SIN_NUMERO,E-000012.jpg,2026-08-12,,Sonda,3.0,unidades,
SIN_NUMERO,E-000012.jpg,2026-08-12,,Sonda,3.0,unidades,
SIN_NUMERO,E-000012.jpg,2026-08-12,,Batas,5.0,unidades,
SIN_NUMERO,E-000012.jpg,2026-08-12,,Guantes,5.0,pares,
SIN_NUMERO,E-000012.jpg,2026-08-12,,Ayudas,30.0,unidades,
SIN_NUMERO,E-000013.jpg,2026-08-12,,Guantes talla S,2.0,unidades,
SIN_NUMERO,E-000013.jpg,2026-08-12,,Guantes talla M,4.0,unidades,
SIN_NUMERO,E-000013.jpg,2026-08-12,,Guantes talla L,4.0,unidades,
SIN_NUMERO,E-000013.jpg,2026-08-12,,Tapabocas,4.0,cajas,50 unidades
SIN_NUMERO,E-000013.jpg,2026-08-12,,Paños húmedos,3.0,unidades,
SIN_NUMERO,E-000013.jpg,2026-08-12,,Alcohol,2.0,frascos,700 ml
SIN_NUMERO,E-000013.jpg,2026-08-12,,Alcohol,2.0,frascos,350 ml
SIN_NUMERO,E-000013.jpg,2026-08-12,,Lactato de Ringer,8.0,bolsas,500 ml
SIN_NUMERO,E-000013.jpg,2026-08-12,,Cloruro de sodio,10.0,bolsas,500 ml
SIN_NUMERO,E-000013.jpg,2026-08-12,,Esparadrapo,2.0,unidades,
SIN_NUMERO,E-000013.jpg,2026-08-12,,Micropore,2.0,unidades,
SIN_NUMERO,E-000013.jpg,2026-08-12,,Algodones,200.0,unidades,
SIN_NUMERO,E-000013.jpg,2026-08-12,,Gasas,20.0,unidades,
SIN_NUMERO,E-000013.jpg,2026-08-12,,Catéter verde,20.0,unidades,
SIN_NUMERO,E-000013.jpg,2026-08-12,,Catéter rosado,20.0,unidades,
SIN_NUMERO,E-000013.jpg,2026-08-12,,Catéter azul,40.0,unidades,
SIN_NUMERO,E-000013.jpg,2026-08-12,,Catéter amarillo,20.0,unidades,
SIN_NUMERO,E-000013.jpg,2026-08-12,,Microgoteo,6.0,unidades,
SIN_NUMERO,E-000013.jpg,2026-08-12,,Canula nasal oxígeno,4.0,unidades,
SIN_NUMERO,E-000013.jpg,2026-08-12,,Tubo endotraqueal,3.0,unidades,
SIN_NUMERO,E-000013.jpg,2026-08-12,,Tubo endotraqueal,3.0,unidades,
SIN_NUMERO,E-000013.jpg,2026-08-12,,Tubo endotraqueal,3.0,unidades,
SIN_NUMERO,E-000013.jpg,2026-08-12,,Jeringa,60.0,unidades,1 ml
SIN_NUMERO,E-000013.jpg,2026-08-12,,Jeringa,60.0,unidades,2 ml
SIN_NUMERO,E-000013.jpg,2026-08-12,,Jeringa,60.0,unidades,3 ml
SIN_NUMERO,E-000013.jpg,2026-08-12,,Jeringa,60.0,unidades,5 ml
SIN_NUMERO,E-000013.jpg,2026-08-12,,Jeringa,60.0,unidades,10 ml
SIN_NUMERO,E-000013.jpg,2026-08-12,,Jeringa,10.0,unidades,20 ml
SIN_NUMERO,E-000013.jpg,2026-08-12,,Jeringa,20.0,unidades,50 ml
SIN_NUMERO,E-000013.jpg,2026-08-12,,Suturas,5.0,unidades,
SIN_NUMERO,E-000013.jpg,2026-08-12,,Vendas,5.0,unidades,
SIN_NUMERO,E-000013.jpg,2026-08-12,,Tapón heparina,10.0,unidades,
SIN_NUMERO,E-000013.jpg,2026-08-12,,Sonda,3.0,unidades,
SIN_NUMERO,E-000013.jpg,2026-08-12,,Batas,5.0,unidades,
SIN_NUMERO,E-000013.jpg,2026-08-12,,Agujas,30.0,unidades,
SIN_NUMERO,E-000014.jpg,2026-08-13,8-13-26,Doloro,30.0,tabletas,10mg
SIN_NUMERO,E-000014.jpg,2026-08-13,8-13-26,Dexametasona,5.0,ampollas,8mg/2ml
SIN_NUMERO,E-000014.jpg,2026-08-13,8-13-26,Petcell,20.0,ml,
SIN_NUMERO,E-000014.jpg,2026-08-13,8-13-26,Hemocytan,1.0,frasco,340ml
SIN_NUMERO,E-000014.jpg,2026-08-13,8-13-26,Orenda,1.0,frasco,30g
SIN_NUMERO,E-000014.jpg,2026-08-13,8-13-26,Ocoxi,1.0,frasco,150ml
SIN_NUMERO,E-000014.jpg,2026-08-13,8-13-26,Yodopovidona,1.0,frasco,60mg
SIN_NUMERO,E-000014.jpg,2026-08-13,8-13-26,Aseptidina,1.0,frasco,120ml
SIN_NUMERO,E-000014.jpg,2026-08-13,8-13-26,Syndet,1.0,caja,240g
SIN_NUMERO,E-000014.jpg,2026-08-13,8-13-26,Dermocan,1.0,frasco,
SIN_NUMERO,E-000014.jpg,2026-08-13,8-13-26,Complemil,1.0,frasco,100ml
SIN_NUMERO,E-000014.jpg,2026-08-13,8-13-26,Aurotel,1.0,frasco,
SIN_NUMERO,E-000014.jpg,2026-08-13,8-13-26,Eimatos,2.0,frascos,500ml
SIN_NUMERO,E-000014.jpg,2026-08-13,8-13-26,Aseptidina,1.0,frasco,500ml
SIN_NUMERO,E-000014.jpg,2026-08-13,8-13-26,Clorhexidina,1.0,frasco,120ml
SIN_NUMERO,E-000014.jpg,2026-08-13,8-13-26,Weconex,1.0,frasco,60ml
SIN_NUMERO,E-000014.jpg,2026-08-13,8-13-26,Iodolor,1.0,frasco,120ml
SIN_NUMERO,E-000014.jpg,2026-08-13,8-13-26,Clorhexidina,1.0,frasco,100ml
SIN_NUMERO,E-000014.jpg,2026-08-13,8-13-26,Fisohex,1.0,frasco,230ml
SIN_NUMERO,E-000014.jpg,2026-08-13,8-13-26,Clorhexidina,14.0,frascos,120ml
SIN_NUMERO,E-000014.jpg,2026-08-13,8-13-26,Iodine,2.0,frascos,60ml
SIN_NUMERO,E-000015.jpg,2026-08-13,,Camas,5.0,unidades,
SIN_NUMERO,E-000015.jpg,2026-08-13,,Collares,20.0,unidades,
SIN_NUMERO,E-000015.jpg,2026-08-13,,Guacales,2.0,unidades,
SIN_NUMERO,E-000015.jpg,2026-08-13,,Arenero,3.0,unidades,
SIN_NUMERO,E-000015.jpg,2026-08-13,,Almuerzos,1.0,unidades,
SIN_NUMERO,E-000015.jpg,2026-08-13,,Meloxicam,5.0,unidades,
SIN_NUMERO,E-000015.jpg,2026-08-13,,Bolsas,2.0,unidades,
SIN_NUMERO,E-000015.jpg,2026-08-13,,Guacal,3.0,unidades,
SIN_NUMERO,E-000015.jpg,2026-08-13,,Repelente,1.0,unidades,
SIN_NUMERO,E-000015.jpg,2026-08-13,,Guacal,1.0,unidades,
SIN_NUMERO,E-000015.jpg,2026-08-13,,Camas,3.0,unidades,
SIN_NUMERO,E-000015.jpg,2026-08-13,,Desparasitante oral,30.0,unidades,
SIN_NUMERO,E-000015.jpg,2026-08-13,,Nexgard,1.0,unidades,
SIN_NUMERO,E-000015.jpg,2026-08-13,,Shampoo,20.0,unidades,
SIN_NUMERO,E-000015.jpg,2026-08-13,,Collar,1.0,unidades,
SIN_NUMERO,E-000015.jpg,2026-08-13,,Tapetes,6.0,unidades,
SIN_NUMERO,E-000015.jpg,2026-08-13,,Camas,2.0,unidades,
SIN_NUMERO,E-000015.jpg,2026-08-13,,Isabelino,3.0,unidades,
SIN_NUMERO,E-000015.jpg,2026-08-13,,Areneros,2.0,unidades,
SIN_NUMERO,E-000015.jpg,2026-08-13,,Guacales,3.0,unidades,
SIN_NUMERO,E-000015.jpg,2026-08-13,,Camas,2.0,unidades,
SIN_NUMERO,E-000015.jpg,2026-08-13,,Guacales,29.0,unidades,
SIN_NUMERO,E-000016.jpg,2026-08-13,,Tapetes,2.0,unidades,
SIN_NUMERO,E-000016.jpg,2026-08-13,,Comedero estandar,30.0,unidades,
SIN_NUMERO,E-000016.jpg,2026-08-13,,Tapete,2.0,unidades,
SIN_NUMERO,E-000016.jpg,2026-08-13,,Mantas,10.0,unidades,
SIN_NUMERO,E-000016.jpg,2026-08-13,,Collares,15.0,unidades,
SIN_NUMERO,E-000016.jpg,2026-08-13,,Jabelinos,4.0,unidades,
SIN_NUMERO,E-000016.jpg,2026-08-13,,Accesorios,2.0,unidades,
SIN_NUMERO,E-000016.jpg,2026-08-13,,Bozales,5.0,unidades,
SIN_NUMERO,E-000016.jpg,2026-08-13,,Pañitos,2.0,unidades,
SIN_NUMERO,E-000016.jpg,2026-08-13,,Camas,6.0,unidades,
SIN_NUMERO,E-000016.jpg,2026-08-13,,Collar,1.0,unidades,
SIN_NUMERO,E-000016.jpg,2026-08-13,,Flumucil,4.0,unidades,
SIN_NUMERO,E-000016.jpg,2026-08-13,,Pomadas,4.0,unidades,
SIN_NUMERO,E-000016.jpg,2026-08-13,,Gotas oftalmológicas,1.0,frasco,
SIN_NUMERO,E-000016.jpg,2026-08-13,,Brixia,1.0,unidad,
SIN_NUMERO,E-000016.jpg,2026-08-13,,Metronidazol,1.0,unidad,
SIN_NUMERO,E-000016.jpg,2026-08-13,,Glutamicol,2.0,unidades,
SIN_NUMERO,E-000016.jpg,2026-08-13,,Bonavit,1.0,unidad,
SIN_NUMERO,E-000016.jpg,2026-08-13,,Quercetol,1.0,unidad,
SIN_NUMERO,E-000016.jpg,2026-08-13,,Tramadol,1.0,unidad,
SIN_NUMERO,E-000016.jpg,2026-08-13,,Enrofloxacina,1.0,unidad,
SIN_NUMERO,E-000016.jpg,2026-08-13,,Cutamycon,1.0,unidad,
SIN_NUMERO,E-000016.jpg,2026-08-13,,Coca,14.0,unidades,
SIN_NUMERO,E-000017.jpg,2026-08-13,13/08/2016,Dextrosa,1.0,frasco,500 ml IXER 080
SIN_NUMERO,E-000017.jpg,2026-08-13,13/08/2016,Adrenalina,2.0,ampollas,
SIN_NUMERO,E-000017.jpg,2026-08-13,13/08/2016,Carprodol,20.0,tabletas,blister
SIN_NUMERO,E-000017.jpg,2026-08-13,13/08/2016,Furosemida,3.0,blisters,500 mg
SIN_NUMERO,E-000017.jpg,2026-08-13,13/08/2016,Ketoprofeno,1.0,blister,15%
SIN_NUMERO,E-000017.jpg,2026-08-13,13/08/2016,Lidocaína,3.0,ampollas,inyectable
SIN_NUMERO,E-000017.jpg,2026-08-13,13/08/2016,Electrolítico Pet,1.0,frasco,
SIN_NUMERO,E-000017.jpg,2026-08-13,13/08/2016,Mesopram,2.0,tarros,
SIN_NUMERO,E-000017.jpg,2026-08-13,13/08/2016,Meloxicam,2.0,tarros,oral
SIN_NUMERO,E-000017.jpg,2026-08-13,13/08/2016,Oftalmotri Fresh,1.0,frasco,Natural 200
SIN_NUMERO,E-000017.jpg,2026-08-13,13/08/2016,Simparica,2.0,unidades,5-10 kg
SIN_NUMERO,E-000017.jpg,2026-08-13,13/08/2016,Yodo,2.0,unidades,
SIN_NUMERO,E-000017.jpg,2026-08-13,13/08/2016,Dipirona,10.0,ampollas,inyectable
SIN_NUMERO,E-000017.jpg,2026-08-13,13/08/2016,Dexametasona,10.0,ampollas,inyectable
SIN_NUMERO,E-000017.jpg,2026-08-13,13/08/2016,Gluconato de clorhexidina,1.0,frasco,4%
SIN_NUMERO,E-000017.jpg,2026-08-13,13/08/2016,Gluconato de clorhexidina,1.0,frasco,2%
SIN_NUMERO,E-000017.jpg,2026-08-13,13/08/2016,Canipets,1.0,frasco,suspensión oral
SIN_NUMERO,E-000017.jpg,2026-08-13,13/08/2016,Lidocaína,1.0,frasco,inyectable 2%
SIN_NUMERO,E-000018.jpg,2026-08-13,13-08-26,Lactato,8.0,unidades,
SIN_NUMERO,E-000018.jpg,2026-08-13,13-08-26,Catéter Periférico,60.0,unidades,
SIN_NUMERO,E-000018.jpg,2026-08-13,13-08-26,Suero Fisiológico,10.0,unidades,
SIN_NUMERO,E-000018.jpg,2026-08-13,13-08-26,Lidocaína HCl 2%,5.0,unidades,
SIN_NUMERO,E-000018.jpg,2026-08-13,13-08-26,Dexametasona inyectable,100.0,ampollas,
SIN_NUMERO,E-000018.jpg,2026-08-13,13-08-26,Jabón Antiséptico,4.0,unidades,
SIN_NUMERO,E-000018.jpg,2026-08-13,13-08-26,Catéter intravenoso,6.0,unidades,
SIN_NUMERO,E-000018.jpg,2026-08-13,13-08-26,Macrogoteo,8.0,unidades,
SIN_NUMERO,E-000018.jpg,2026-08-13,13-08-26,Buretrol,5.0,unidades,
SIN_NUMERO,E-000018.jpg,2026-08-13,13-08-26,Omeprazol,2.0,unidades,
SIN_NUMERO,E-000018.jpg,2026-08-13,13-08-26,Tramadol,3.0,ampollas,
SIN_NUMERO,E-000018.jpg,2026-08-13,13-08-26,Dexametasona,2.0,ampollas,
SIN_NUMERO,E-000018.jpg,2026-08-13,13-08-26,Diclofenaco Sódico,25.0,ampollas,
SIN_NUMERO,E-000018.jpg,2026-08-13,13-08-26,Domeboro,29.0,unidades,
SIN_NUMERO,E-000018.jpg,2026-08-13,13-08-26,Jeringa Hipodérmica 10ml,10.0,unidades,
SIN_NUMERO,E-000018.jpg,2026-08-13,13-08-26,Jeringa Hipodérmica 5ml,9.0,unidades,
SIN_NUMERO,E-000018.jpg,2026-08-13,13-08-26,Catéter intravenoso periférico,20.0,unidades,
SIN_NUMERO,E-000018.jpg,2026-08-13,13-08-26,Lactato de Ringer,5.0,unidades,
SIN_NUMERO,E-000018.jpg,2026-08-13,13-08-26,Destrosa,16.0,unidades,
SIN_NUMERO,E-000018.jpg,2026-08-13,13-08-26,Jeringa desechable 5ml,2.0,unidades,
SIN_NUMERO,E-000018.jpg,2026-08-13,13-08-26,Cloruro de Sodio,2.0,unidades,
SIN_NUMERO,E-000018.jpg,2026-08-13,13-08-26,Tubo Endotraqueal,15.0,unidades,
SIN_NUMERO,E-000018.jpg,2026-08-13,13-08-26,Doxican 200mg,2.0,cajas,caja de 20
SIN_NUMERO,E-000018.jpg,2026-08-13,13-08-26,Meloxicat 0.15% oral,2.0,unidades,
SIN_NUMERO,E-000018.jpg,2026-08-13,13-08-26,Nicalan 400 mg,2.0,unidades,
SIN_NUMERO,E-000019.jpg,2026-08-13,13/8/26,Prednisona,10.0,unidades,20 mg
SIN_NUMERO,E-000019.jpg,2026-08-13,13/8/26,Carbamazepina,10.0,unidades,200 mg
SIN_NUMERO,E-000019.jpg,2026-08-13,13/8/26,Meloxicam,10.0,unidades,15 mg
SIN_NUMERO,E-000019.jpg,2026-08-13,13/8/26,Enrofloxacina,20.0,unidades,200 mg
SIN_NUMERO,E-000019.jpg,2026-08-13,13/8/26,Cefalexina,9.0,unidades,500 mg
SIN_NUMERO,E-000019.jpg,2026-08-13,13/8/26,Tirafen,4.0,unidades,350 mg
SIN_NUMERO,E-000019.jpg,2026-08-13,13/8/26,Alernex,10.0,unidades,5 mg
SIN_NUMERO,E-000019.jpg,2026-08-13,13/8/26,Novalgina,15.0,unidades,500 mg
SIN_NUMERO,E-000019.jpg,2026-08-13,13/8/26,Furosemida,20.0,unidades,40 mg
SIN_NUMERO,E-000019.jpg,2026-08-13,13/8/26,Doxocin,6.0,frascos,100 mg
SIN_NUMERO,E-000019.jpg,2026-08-13,13/8/26,Propofol,6.0,frascos,0.5 ml
SIN_NUMERO,E-000019.jpg,2026-08-13,13/8/26,Flegen,6.0,unidades,
SIN_NUMERO,E-000019.jpg,2026-08-13,13/8/26,Roncaina,1.0,frascos,50 ml
SIN_NUMERO,E-000019.jpg,2026-08-13,13/8/26,Condroton,1.0,frascos,10 ml
SIN_NUMERO,E-000019.jpg,2026-08-13,13/8/26,Complejo B,1.0,frascos,
SIN_NUMERO,E-000019.jpg,2026-08-13,13/8/26,Roncaina con epinefrina,5.0,frascos,50 ml
SIN_NUMERO,E-000019.jpg,2026-08-13,13/8/26,Ampicilina,2.0,frascos,1.5 gr
SIN_NUMERO,E-000019.jpg,2026-08-13,13/8/26,Midazolam,8.0,ampollas,2 ml
SIN_NUMERO,E-000019.jpg,2026-08-13,13/8/26,Dexmedetomidina,37.0,unidades,200 mcg
SIN_NUMERO,E-000019.jpg,2026-08-13,13/8/26,N-Acetilcisteína,10.0,unidades,300 mg
SIN_NUMERO,E-000019.jpg,2026-08-13,13/8/26,Dexametasona,20.0,ampollas,8 mg/2 ml
SIN_NUMERO,E-000019.jpg,2026-08-13,13/8/26,Gentamicina,1.0,frascos,160 mg/2 ml
SIN_NUMERO,E-000019.jpg,2026-08-13,13/8/26,Gusantol NF,3.0,frascos,
SIN_NUMERO,E-000019.jpg,2026-08-13,13/8/26,Epiotic,26.0,frascos,100 ml
SIN_NUMERO,E-000019.jpg,2026-08-13,13/8/26,Galgocal,26.0,unidades,200 mg
SIN_NUMERO,E-000020.jpg,2026-08-13,13/8/26,Veldemint,9.0,unidades,30 g
SIN_NUMERO,E-000020.jpg,2026-08-13,13/8/26,Metronidazol,4.0,unidades,120 ml
SIN_NUMERO,E-000020.jpg,2026-08-13,13/8/26,Bisoft,1.0,unidades,250 ml
SIN_NUMERO,E-000020.jpg,2026-08-13,13/8/26,Edo Alsa,2.0,unidades,100 g
SIN_NUMERO,E-000020.jpg,2026-08-13,13/8/26,Ungüento,3.0,unidades,120 g
SIN_NUMERO,E-000020.jpg,2026-08-13,13/8/26,Sulfadiazina de plata,20.0,unidades,
SIN_NUMERO,E-000020.jpg,2026-08-13,13/8/26,Ut Balance (pastas),12.0,unidades,
SIN_NUMERO,E-000020.jpg,2026-08-13,13/8/26,Cefalexina,36.0,unidades,500 mg
SIN_NUMERO,E-000020.jpg,2026-08-13,13/8/26,Furosemida,35.0,unidades,40 mg
SIN_NUMERO,E-000020.jpg,2026-08-13,13/8/26,Dipirona,56.0,unidades,2 ml
SIN_NUMERO,E-000020.jpg,2026-08-13,13/8/26,Compleand,4.0,unidades,100 ml
SIN_NUMERO,E-000020.jpg,2026-08-13,13/8/26,Renalet,1.0,unidades,150 ml
SIN_NUMERO,E-000020.jpg,2026-08-13,13/8/26,Asbrip,1.0,unidades,150 ml
SIN_NUMERO,E-000020.jpg,2026-08-13,13/8/26,Pezonil,5.0,unidades,40 g
SIN_NUMERO,E-000020.jpg,2026-08-13,13/8/26,Nature,10.0,unidades,frasco
SIN_NUMERO,E-000020.jpg,2026-08-13,13/8/26,Agua estéril,10.0,unidades,5 ml
SIN_NUMERO,E-000020.jpg,2026-08-13,13/8/26,Meloximax,10.0,unidades,1 mg
SIN_NUMERO,E-000020.jpg,2026-08-13,13/8/26,Naproxeno,6.0,unidades,500 mg
SIN_NUMERO,E-000020.jpg,2026-08-13,13/8/26,Descense Vet,10.0,unidades,200 mg
SIN_NUMERO,E-000020.jpg,2026-08-13,13/8/26,Moxar,10.0,unidades,5 mg
SIN_NUMERO,E-000021.jpg,2026-08-13,13/8/26,Acido Tranexamico,5.0,unidades,500mg/5ml
SIN_NUMERO,E-000021.jpg,2026-08-13,13/8/26,Diclofenaco Sodico,82.0,unidades,
SIN_NUMERO,E-000021.jpg,2026-08-13,13/8/26,Dexametasona,20.0,unidades,8mg/2ml
SIN_NUMERO,E-000021.jpg,2026-08-13,13/8/26,Gentamicina,13.0,unidades,160mg/2ml
SIN_NUMERO,E-000021.jpg,2026-08-13,13/8/26,Fleegen (Lagrimas),4.0,unidades,
SIN_NUMERO,E-000021.jpg,2026-08-13,13/8/26,Pet Drops,4.0,unidades,
SIN_NUMERO,E-000021.jpg,2026-08-13,13/8/26,Pull Off 11-20kg Perro,2.0,unidades,
SIN_NUMERO,E-000021.jpg,2026-08-13,13/8/26,Pull Off 2-10kg Perro,1.0,unidades,
SIN_NUMERO,E-000021.jpg,2026-08-13,13/8/26,Pull Off Gato 2-4kg,8.0,unidades,
SIN_NUMERO,E-000021.jpg,2026-08-13,13/8/26,Oftalmotrif,2.0,unidades,15ml
SIN_NUMERO,E-000021.jpg,2026-08-13,13/8/26,Bandel Puppy,3.0,unidades,5ml
SIN_NUMERO,E-000021.jpg,2026-08-13,13/8/26,Bandel,1.0,unidades,10ml
SIN_NUMERO,E-000021.jpg,2026-08-13,13/8/26,Micardil,2.0,unidades,35mg
SIN_NUMERO,E-000021.jpg,2026-08-13,13/8/26,Roxicaina,2.0,unidades,2% 30ml
SIN_NUMERO,E-000021.jpg,2026-08-13,13/8/26,Dacderm,3.0,unidades,60ml
SIN_NUMERO,E-000021.jpg,2026-08-13,13/8/26,Restaderm,2.0,unidades,100ml
SIN_NUMERO,E-000021.jpg,2026-08-13,13/8/26,Combit,1.0,unidades,120ml
SIN_NUMERO,E-000021.jpg,2026-08-13,13/8/26,Peronic,1.0,unidades,100gr
SIN_NUMERO,E-000021.jpg,2026-08-13,13/8/26,Mamitolina,1.0,unidades,150gr
SIN_NUMERO,E-000021.jpg,2026-08-13,13/8/26,Verdemint,1.0,unidades,300gr
SIN_NUMERO,E-000022.jpg,2026-08-13,13/8/26,Dolidol,1.0,frasco,0.1% 10ml
SIN_NUMERO,E-000022.jpg,2026-08-13,13/8/26,Systane Ultra,1.0,frasco,2.5ml
SIN_NUMERO,E-000022.jpg,2026-08-13,13/8/26,Oftalmotamax,1.0,frasco,5ml
SIN_NUMERO,E-000022.jpg,2026-08-13,13/8/26,Hialub,1.0,frasco,4mg 10ml
SIN_NUMERO,E-000022.jpg,2026-08-13,13/8/26,Toblacort,1.0,frasco,3ml
SIN_NUMERO,E-000022.jpg,2026-08-13,13/8/26,Tealsoft,2.0,frascos,3ml
SIN_NUMERO,E-000022.jpg,2026-08-13,13/8/26,Dextromin B,25.0,unidades,500ml
SIN_NUMERO,E-000022.jpg,2026-08-13,13/8/26,Aminolyte,4.0,bolsas,250ml
SIN_NUMERO,E-000022.jpg,2026-08-13,13/8/26,Baxidin,1.0,frasco,solución
SIN_NUMERO,E-000022.jpg,2026-08-13,13/8/26,Pleasepsis,1.0,frasco,1000ml
SIN_NUMERO,E-000022.jpg,2026-08-13,13/8/26,Compleand,1.0,frasco,1lt
SIN_NUMERO,E-000022.jpg,2026-08-13,13/8/26,Ixer,1.0,frasco,080 1lt
SIN_NUMERO,E-000022.jpg,2026-08-13,13/8/26,Clorhexin spray,10.0,frascos,120ml
SIN_NUMERO,E-000022.jpg,2026-08-13,13/8/26,Vioxin solución,7.0,frascos,2.3%
SIN_NUMERO,E-000022.jpg,2026-08-13,13/8/26,Vioxin solución,3.0,frascos,2%
SIN_NUMERO,E-000022.jpg,2026-08-13,13/8/26,Vioxin solución,1.0,frasco,4%
SIN_NUMERO,E-000022.jpg,2026-08-13,13/8/26,Clorhexidina,5.0,frascos,60ml
SIN_NUMERO,E-000022.jpg,2026-08-13,13/8/26,Clorhexidina,11.0,frascos,120ml
SIN_NUMERO,E-000022.jpg,2026-08-13,13/8/26,Hexocleen,4.0,frascos,2% 120ml
SIN_NUMERO,E-000022.jpg,2026-08-13,13/8/26,Vetisule,2.0,frascos,120ml
SIN_NUMERO,E-000022.jpg,2026-08-13,13/8/26,Dexametasona,75.0,ampollas,8mg/2ml
SIN_NUMERO,E-000022.jpg,2026-08-13,13/8/26,Adrenalina,22.0,ampollas,1ml
SIN_NUMERO,E-000023.jpg,2026-08-13,13-08-26,Dexametasona inyectable,1.0,unidad,
SIN_NUMERO,E-000023.jpg,2026-08-13,13-08-26,Quercetol Vet 100 mg,3.0,unidades,
SIN_NUMERO,E-000023.jpg,2026-08-13,13-08-26,Quercetol Vet 50 mg,9.0,unidades,
SIN_NUMERO,E-000023.jpg,2026-08-13,13-08-26,Multivitamínico especies grandes,1.0,amv,
SIN_NUMERO,E-000023.jpg,2026-08-13,13-08-26,Meloxicam oral gotas,20.0,unidades,
SIN_NUMERO,E-000023.jpg,2026-08-13,13-08-26,Meloxicam tabletas,7.0,unidades,
SIN_NUMERO,E-000023.jpg,2026-08-13,13-08-26,Adrenalina ampollas,100.0,ampollas,
SIN_NUMERO,E-000023.jpg,2026-08-13,13-08-26,Antiparasitario oral,3.0,unidades,
SIN_NUMERO,E-000023.jpg,2026-08-13,13-08-26,Meloxicam inyectable,3.0,unidades,
SIN_NUMERO,E-000023.jpg,2026-08-13,13-08-26,Tramadol ampollas,15.0,ampollas,
SIN_NUMERO,E-000023.jpg,2026-08-13,13-08-26,Dipirona ampolla,20.0,ampollas,
SIN_NUMERO,E-000023.jpg,2026-08-13,13-08-26,Ketoprofeno gotas,1.0,unidad,
SIN_NUMERO,E-000023.jpg,2026-08-13,13-08-26,Vitamina B inyectable,1.0,unidad,
SIN_NUMERO,E-000023.jpg,2026-08-13,13-08-26,Dexametasona ampollas,16.0,ampollas,
SIN_NUMERO,E-000023.jpg,2026-08-13,13-08-26,Curagan,4.0,unidades,
SIN_NUMERO,E-000023.jpg,2026-08-13,13-08-26,Electrolito Vet Polvo,2.0,unidades,
SIN_NUMERO,E-000023.jpg,2026-08-13,13-08-26,Esencia Floral Poppy,4.0,unidades,
SIN_NUMERO,E-000023.jpg,2026-08-13,13-08-26,Esencia Floral Kitten,8.0,unidades,
SIN_NUMERO,E-000023.jpg,2026-08-13,13-08-26,Quercetol inyectable 12.5%,2.0,unidades,
SIN_NUMERO,E-000023.jpg,2026-08-13,13-08-26,Fibrinexam tabletas,5.0,tabletas,
SIN_NUMERO,E-000023.jpg,2026-08-13,13-08-26,Antiparasitario oral,10.0,unidades,
SIN_NUMERO,E-000023.jpg,2026-08-13,13-08-26,Meloxicam gotas,10.0,goteros,
SIN_NUMERO,E-000023.jpg,2026-08-13,13-08-26,Ciprofloxacina 100mg tableta,10.0,tabletas,
SIN_NUMERO,E-000023.jpg,2026-08-13,13-08-26,Solución antiséptica spray,10.0,unidades,
SIN_NUMERO,E-000023.jpg,2026-08-13,13-08-26,Meloxicam tabletas,10.0,tabletas,
SIN_NUMERO,E-000024.jpg,2026-08-13,13-08-26,Catéter intravenoso calibre 24,9.0,unidades,
SIN_NUMERO,E-000024.jpg,2026-08-13,13-08-26,Catéter intravenoso K 20,5.0,unidades,
SIN_NUMERO,E-000024.jpg,2026-08-13,13-08-26,Catéter intravenoso K 18,6.0,unidades,
SIN_NUMERO,E-000024.jpg,2026-08-13,13-08-26,Catéter intravenoso K 22,2.0,unidades,
SIN_NUMERO,E-000024.jpg,2026-08-13,13-08-26,Jeringa 1 ml,10.0,unidades,
SIN_NUMERO,E-000024.jpg,2026-08-13,13-08-26,Jeringa 10 ml,5.0,unidades,
SIN_NUMERO,E-000024.jpg,2026-08-13,13-08-26,Clorhexidina 2% spray,4.0,frascos,
SIN_NUMERO,E-000024.jpg,2026-08-13,13-08-26,Solución auricular,5.0,frascos,
SIN_NUMERO,E-000024.jpg,2026-08-13,13-08-26,Bronquicor,10.0,unidades,
SIN_NUMERO,E-000024.jpg,2026-08-13,13-08-26,Cicatrizante en spray,4.0,frascos,
SIN_NUMERO,E-000024.jpg,2026-08-13,13-08-26,Solución antiséptica,1.0,frascos,
SIN_NUMERO,E-000024.jpg,2026-08-13,13-08-26,Doxiciclina,3.0,unidades,tópico
SIN_NUMERO,E-000024.jpg,2026-08-13,13-08-26,Lidocaína clorhidrato 2%,2.0,unidades,
SIN_NUMERO,E-000024.jpg,2026-08-13,13-08-26,Dextromin-B,1.0,unidades,
SIN_NUMERO,E-000024.jpg,2026-08-13,13-08-26,Colirio-200,16.0,unidades,
SIN_NUMERO,E-000024.jpg,2026-08-13,13-08-26,Dermo clean-ojos,7.0,unidades,
SIN_NUMERO,E-000024.jpg,2026-08-13,13-08-26,Dipirona inyectable,3.0,unidades,
SIN_NUMERO,E-000024.jpg,2026-08-13,13-08-26,Sellos de Heparina,15.0,unidades,
SIN_NUMERO,E-000024.jpg,2026-08-13,13-08-26,Sutura,5.0,cajas,caja x 12
SIN_NUMERO,E-000024.jpg,2026-08-13,13-08-26,Lidocaína inyectable,1.0,unidades,
SIN_NUMERO,E-000024.jpg,2026-08-13,13-08-26,Dexametasona,3.0,ampollas,
SIN_NUMERO,E-000024.jpg,2026-08-13,13-08-26,Adrenalina,1.0,ampollas,1mg
SIN_NUMERO,E-000024.jpg,2026-08-13,13-08-26,Prednisolona,3.0,comprimidos,
SIN_NUMERO,E-000024.jpg,2026-08-13,13-08-26,Sanimicon crema,1.0,tubos,
SIN_NUMERO,E-000025.jpg,2026-08-13,13-08-26,Hojas de bisturí,100.0,unidades,
SIN_NUMERO,E-000025.jpg,2026-08-13,13-08-26,Metronidazol 8%,1.0,frasco,
SIN_NUMERO,E-000025.jpg,2026-08-13,13-08-26,Meloxicam oral,5.0,unidades,
SIN_NUMERO,E-000025.jpg,2026-08-13,13-08-26,Diclofenaco sódico 75mg,10.0,unidades,
SIN_NUMERO,E-000025.jpg,2026-08-13,13-08-26,Meloxipet,1.0,unidad,
SIN_NUMERO,E-000025.jpg,2026-08-13,13-08-26,Crema dérmica,15.0,unidades,
SIN_NUMERO,E-000025.jpg,2026-08-13,13-08-26,Gotas antibiótico ocular,6.0,unidades,
SIN_NUMERO,E-000025.jpg,2026-08-13,13-08-26,Lancetas estériles,6.0,cajas,
SIN_NUMERO,E-000025.jpg,2026-08-13,13-08-26,Tiras de prueba de glucosa,1.0,caja,
SIN_NUMERO,E-000025.jpg,2026-08-13,13-08-26,Dipirona 50ml,1.0,frasco,
SIN_NUMERO,E-000025.jpg,2026-08-13,13-08-26,Solución antiséptica,7.0,unidades,
SIN_NUMERO,E-000025.jpg,2026-08-13,13-08-26,Complemento alimenticio gato,1.0,unidad,
SIN_NUMERO,E-000025.jpg,2026-08-13,13-08-26,Ketoprofeno inyectable,1.0,frasco,
SIN_NUMERO,E-000025.jpg,2026-08-13,13-08-26,Hemavet Multi-v Oral,1.0,frasco,
SIN_NUMERO,E-000025.jpg,2026-08-13,13-08-26,Complemento lactoreemplazador perro,1.0,unidad,
SIN_NUMERO,E-000025.jpg,2026-08-13,13-08-26,Clorhexidina spray,1.0,frasco,
SIN_NUMERO,E-000025.jpg,2026-08-13,13-08-26,Pomada antiinflamatoria cicatrizante,3.0,unidades,
SIN_NUMERO,E-000025.jpg,2026-08-13,13-08-26,Calsyn Multi-v,1.0,frasco,
SIN_NUMERO,E-000025.jpg,2026-08-13,13-08-26,Vitaminas masticables,1.0,frasco,
SIN_NUMERO,E-000025.jpg,2026-08-13,13-08-26,Doxiciclina oral,1.0,caja,
SIN_NUMERO,E-000025.jpg,2026-08-13,13-08-26,Perosan-n ungüento,1.0,tubo,
SIN_NUMERO,E-000025.jpg,2026-08-13,13-08-26,Hepatic-Care,1.0,frasco,
SIN_NUMERO,E-000025.jpg,2026-08-13,13-08-26,Doxapram HCl inyectable,2.0,ampollas,
SIN_NUMERO,E-000025.jpg,2026-08-13,13-08-26,Dextromin B12,3.0,frascos,
SIN_NUMERO,E-000025.jpg,2026-08-13,13-08-26,Lidocaína inyectable,1.0,frasco,
SIN_NUMERO,E-000026.jpg,2026-08-13,13-8-26,Meloxipet suspensión,6.0,gotas,10ml
SIN_NUMERO,E-000026.jpg,2026-08-13,13-8-26,Adrenalina,1.0,ampolletas,1ml
SIN_NUMERO,E-000026.jpg,2026-08-13,13-8-26,Clorhexidina,1.0,unidades,60ml
SIN_NUMERO,E-000026.jpg,2026-08-13,13-8-26,Meloxican,212.0,tabletas,7.5mg
SIN_NUMERO,E-000026.jpg,2026-08-13,13-8-26,Meloxican ampolla,20.0,ampolla,15mg 1ml
SIN_NUMERO,E-000026.jpg,2026-08-13,13-8-26,Tramadol,50.0,ampolla,50mg 1ml
SIN_NUMERO,E-000026.jpg,2026-08-13,13-8-26,Canatox solución,1.0,unidades,20ml
SIN_NUMERO,E-000026.jpg,2026-08-13,13-8-26,Hoxicaina,54.0,unidades,2% 10ml
SIN_NUMERO,E-000026.jpg,2026-08-13,13-8-26,Dexametasona,50.0,ampolleta,2ml 8mg
SIN_NUMERO,E-000026.jpg,2026-08-13,13-8-26,Electro-200 polvo,1.0,polvo soluble,19.5g
SIN_NUMERO,E-000026.jpg,2026-08-13,13-8-26,Dial 200,1.0,polvo soluble,10g
SIN_NUMERO,E-000026.jpg,2026-08-13,13-8-26,Atropina,1.0,solución,200 10ml
SIN_NUMERO,E-000026.jpg,2026-08-13,13-8-26,Baxidin,1.0,solución,60ml
SIN_NUMERO,E-000026.jpg,2026-08-13,13-8-26,Metrodix,1.0,solución,8%
SIN_NUMERO,E-000026.jpg,2026-08-13,13-8-26,Canipet,1.0,suspensión,2ml
SIN_NUMERO,E-000026.jpg,2026-08-13,13-8-26,Vicivet,1.0,solución,10ml
SIN_NUMERO,E-000026.jpg,2026-08-13,13-8-26,Algican pet,10.0,solución,4mg
SIN_NUMERO,E-000026.jpg,2026-08-13,13-8-26,Liberprot,26.0,gotas,50ml
SIN_NUMERO,E-000026.jpg,2026-08-13,13-8-26,Ixer,1.0,solución,080 120ml
SIN_NUMERO,E-000026.jpg,2026-08-13,13-8-26,Pileran,1.0,solución,20ml
SIN_NUMERO,E-000026.jpg,2026-08-13,13-8-26,Peronil,3.0,ungüento,20gr
SIN_NUMERO,E-000026.jpg,2026-08-13,13-8-26,Rezosan,1.0,ungüento,30gr
SIN_NUMERO,E-000026.jpg,2026-08-13,13-8-26,Orenda,2.0,crema dermica,30gr
SIN_NUMERO,E-000026.jpg,2026-08-13,13-8-26,Venovit,8.0,unidades,5% 500ml
SIN_NUMERO,E-000026.jpg,2026-08-13,13-8-26,Aminolyte,1.0,unidades,500ml
SIN_NUMERO,E-000026.jpg,2026-08-13,13-8-26,Pinza Kelly curva,1.0,unidades,
SIN_NUMERO,E-000026.jpg,2026-08-13,13-8-26,Poma aguja mayo,1.0,unidades,
SIN_NUMERO,E-000026.jpg,2026-08-13,13-8-26,Tijera iris recta,1.0,unidades,
SIN_NUMERO,E-000026.jpg,2026-08-13,13-8-26,Mangos de bisturí,2.0,unidades,
SIN_NUMERO,E-000026.jpg,2026-08-13,13-8-26,Sutura de nylon 2.0,3.0,unidades,
SIN_NUMERO,E-000026.jpg,2026-08-13,13-8-26,Sutura de nylon 3.0,1.0,unidades,
SIN_NUMERO,E-000026.jpg,2026-08-13,13-8-26,Sutura de nylon 4.0,3.0,unidades,
SIN_NUMERO,E-000027.jpg,2026-08-13,13/8/26,Sutura Chromic Cat 3.0,3.0,unidades,
SIN_NUMERO,E-000027.jpg,2026-08-13,13/8/26,Hojas de bisturí,28.0,unidades,
SIN_NUMERO,E-000027.jpg,2026-08-13,13/8/26,Trazidex 3ml optico,5.0,frascos,
SIN_NUMERO,E-000027.jpg,2026-08-13,13/8/26,Hioscina 20ml 1ml,2.0,ampollas,
SIN_NUMERO,E-000027.jpg,2026-08-13,13/8/26,Dexametasona 4mg 1ml,7.0,ampollas,
SIN_NUMERO,E-000027.jpg,2026-08-13,13/8/26,Epiotic 100ml,3.0,frascos,
SIN_NUMERO,E-000027.jpg,2026-08-13,13/8/26,Dipirona sódica 2ml,3.0,ampollas,
SIN_NUMERO,E-000027.jpg,2026-08-13,13/8/26,Furosemida 20mg/2ml,15.0,ampollas,
SIN_NUMERO,E-000027.jpg,2026-08-13,13/8/26,Dexametasona 8mg/10ml,16.0,frascos,
SIN_NUMERO,E-000027.jpg,2026-08-13,13/8/26,Tramadol 50mg/1ml,18.0,ampollas,
SIN_NUMERO,E-000027.jpg,2026-08-13,13/8/26,Adrenalina 1mg 1ml,16.0,ampollas,
SIN_NUMERO,E-000027.jpg,2026-08-13,13/8/26,Complejo B,1.0,frasco,
SIN_NUMERO,E-000027.jpg,2026-08-13,13/8/26,Metilprednisolona 500mg,3.0,frascos,
SIN_NUMERO,E-000027.jpg,2026-08-13,13/8/26,Lidocaína clorhidrato 10ml,4.0,frascos,
SIN_NUMERO,E-000027.jpg,2026-08-13,13/8/26,Diclofenaco sódico 75mg x 3ml,5.0,ampollas,
SIN_NUMERO,E-000027.jpg,2026-08-13,13/8/26,Psicaina 20mg,19.0,ampollas,
SIN_NUMERO,E-000027.jpg,2026-08-13,13/8/26,Hial Tears 0.4%,4.0,frascos,
SIN_NUMERO,E-000027.jpg,2026-08-13,13/8/26,Sophixin 0.3% 5ml,1.0,frasco,
SIN_NUMERO,E-000027.jpg,2026-08-13,13/8/26,Ofta-200 10ml,1.0,frasco,
SIN_NUMERO,E-000027.jpg,2026-08-13,13/8/26,Orthabracin D,1.0,frasco,
SIN_NUMERO,E-000027.jpg,2026-08-13,13/8/26,Splash Tears 15ml,1.0,frasco,
SIN_NUMERO,E-000027.jpg,2026-08-13,13/8/26,Trazidex 3.5g,1.0,tubo,
SIN_NUMERO,E-000027.jpg,2026-08-13,13/8/26,Trobafotal 0.3% 5ml,1.0,frasco,
SIN_NUMERO,E-000027.jpg,2026-08-13,13/8/26,Landax 0.5% 25ml,1.0,frasco,
SIN_NUMERO,E-000028.jpg,2026-08-13,13/8/26,Quercetol Vet,2.0,unidades,12.5% 10 ml
SIN_NUMERO,E-000028.jpg,2026-08-13,13/8/26,Predni-300,6.0,unidades,5 mg
SIN_NUMERO,E-000028.jpg,2026-08-13,13/8/26,Dipirona,15.0,unidades,25g/5ml
SIN_NUMERO,E-000028.jpg,2026-08-13,13/8/26,Adrenalina,3.0,unidades,1 ml
SIN_NUMERO,E-000028.jpg,2026-08-13,13/8/26,Rondel suspensión,10.0,unidades,
SIN_NUMERO,E-000028.jpg,2026-08-13,13/8/26,Vetmedin,10.0,unidades,5 mg
SIN_NUMERO,E-000028.jpg,2026-08-13,13/8/26,Cefalexina,13.0,unidades,500 mg
SIN_NUMERO,E-000028.jpg,2026-08-13,13/8/26,Isodine,3.0,unidades,
SIN_NUMERO,E-000028.jpg,2026-08-13,13/8/26,Roxicaina,7.0,unidades,2% 50 ml
SIN_NUMERO,E-000028.jpg,2026-08-13,13/8/26,Lágrimas oftacril,8.0,unidades,0.1% 10 ml
SIN_NUMERO,E-000028.jpg,2026-08-13,13/8/26,Dolidol,6.0,unidades,vencida
SIN_NUMERO,E-000028.jpg,2026-08-13,13/8/26,Crema GA,6.0,unidades,15 gr
SIN_NUMERO,E-000028.jpg,2026-08-13,13/8/26,Doxiciclina,2.0,unidades,200
SIN_NUMERO,E-000028.jpg,2026-08-13,13/8/26,Free Gen Gel,3.0,unidades,1%
SIN_NUMERO,E-000028.jpg,2026-08-13,13/8/26,Dexametasona,2.0,unidades,10 ml
SIN_NUMERO,E-000028.jpg,2026-08-13,13/8/26,Lidocaína,2.0,unidades,0.5% 10 ml
SIN_NUMERO,E-000028.jpg,2026-08-13,13/8/26,Melodol,5.0,unidades,20 ml
SIN_NUMERO,E-000028.jpg,2026-08-13,13/8/26,Canatox NF,12.0,unidades,40 gr
SIN_NUMERO,E-000028.jpg,2026-08-13,13/8/26,Ketoprofeno,13.0,unidades,100 mg/2ml
SIN_NUMERO,E-000028.jpg,2026-08-13,13/8/26,Propofol,3.0,unidades,
SIN_NUMERO,E-000028.jpg,2026-08-13,13/8/26,N-Acetilcisteína,1.0,unidades,300 mg
SIN_NUMERO,E-000028.jpg,2026-08-13,13/8/26,Galgocal,1.0,unidades,600 mg
SIN_NUMERO,E-000028.jpg,2026-08-13,13/8/26,Quetamina,2.0,unidades,8 mg/2ml
SIN_NUMERO,E-000029.jpg,2026-08-13,13/8/26,Tramadol,1.0,unidad,100mg/ml
SIN_NUMERO,E-000029.jpg,2026-08-13,13/8/26,Amoxicilina,1.0,unidad,250mg/5ml
SIN_NUMERO,E-000029.jpg,2026-08-13,13/8/26,Ojuk V,1.0,unidad,10 ml
SIN_NUMERO,E-000029.jpg,2026-08-13,13/8/26,Zylkene,1.0,unidad,225 mg
SIN_NUMERO,E-000029.jpg,2026-08-13,13/8/26,Metronidazol,1.0,unidad,10 ml
SIN_NUMERO,E-000029.jpg,2026-08-13,13/8/26,Clinanex,1.0,unidad,500 mg
SIN_NUMERO,E-000029.jpg,2026-08-13,13/8/26,Fiprotecton,1.0,unidad,
SIN_NUMERO,E-000029.jpg,2026-08-13,13/8/26,Agua oxigenada,3.0,unidades,100 ml
SIN_NUMERO,E-000029.jpg,2026-08-13,13/8/26,Vitin-R,1.0,unidad,100 ml
SIN_NUMERO,E-000029.jpg,2026-08-13,13/8/26,Bromuro de ipratropio,1.0,unidad,20 mcg
SIN_NUMERO,E-000029.jpg,2026-08-13,13/8/26,Finhemox,1.0,unidad,10 ml
SIN_NUMERO,E-000029.jpg,2026-08-13,13/8/26,Peronil,1.0,unidad,20 gr
SIN_NUMERO,E-000029.jpg,2026-08-13,13/8/26,Ceruline,1.0,unidad,120 ml
SIN_NUMERO,E-000029.jpg,2026-08-13,13/8/26,Dogg y Cat,1.0,unidad,250 ml
SIN_NUMERO,E-000029.jpg,2026-08-13,13/8/26,Ubrevet,1.0,unidad,220 gr
SIN_NUMERO,E-000029.jpg,2026-08-13,13/8/26,Finhemox,1.0,unidad,50 ml
SIN_NUMERO,E-000029.jpg,2026-08-13,13/8/26,Galgocal Pool,1.0,unidad,5 ml
SIN_NUMERO,E-000029.jpg,2026-08-13,13/8/26,Fibrilok,10.0,unidades,500 mg
SIN_NUMERO,E-000029.jpg,2026-08-13,13/8/26,Doxiciclina,30.0,unidades,100
SIN_NUMERO,E-000029.jpg,2026-08-13,13/8/26,Meloxic,28.0,unidades,2 mg
SIN_NUMERO,E-000029.jpg,2026-08-13,13/8/26,Nexgard Gatos,1.0,unidad,2.5-7.5 kg
SIN_NUMERO,E-000029.jpg,2026-08-13,13/8/26,Loxicaina Jalea,1.0,unidad,30 g
SIN_NUMERO,E-000029.jpg,2026-08-13,13/8/26,Lidocaina Jalea,1.0,unidad,30 g
SIN_NUMERO,E-000029.jpg,2026-08-13,13/8/26,Euphorbium Heel,1.0,unidad,
SIN_NUMERO,E-000029.jpg,2026-08-13,13/8/26,Lidocaina inyección,6.0,unidades,2% / 50 ml
SIN_NUMERO,E-000030.jpg,2026-08-13,13/8/26,Dexmedetomidina,1.0,frasco,2 ml
SIN_NUMERO,E-000030.jpg,2026-08-13,13/8/26,Ecodic,1.0,frasco,10 ml
SIN_NUMERO,E-000030.jpg,2026-08-13,13/8/26,Tramadol,38.0,unidades,50 mg/1 ml
SIN_NUMERO,E-000030.jpg,2026-08-13,13/8/26,Vetoquinol,1.0,unidad,200 mg
SIN_NUMERO,E-000030.jpg,2026-08-13,13/8/26,Nebulizador portátil,1.0,unidad,
SIN_NUMERO,E-000030.jpg,2026-08-13,13/8/26,Balanza digital,1.0,unidad,
SIN_NUMERO,E-000030.jpg,2026-08-13,13/8/26,Pelunos,1.0,unidad,120 ml
SIN_NUMERO,E-000030.jpg,2026-08-13,13/8/26,Dexametasona,2.0,unidades,8 mg/2 ml
SIN_NUMERO,E-000030.jpg,2026-08-13,13/8/26,Diclofenaco,7.0,unidades,75 mg/3 ml
SIN_NUMERO,E-000030.jpg,2026-08-13,13/8/26,Dipirona,4.0,unidades,1 g/2 ml
SIN_NUMERO,E-000030.jpg,2026-08-13,13/8/26,Furosemida,60.0,unidades,40 mg
SIN_NUMERO,E-000030.jpg,2026-08-13,13/8/26,Meloxicam,1.0,frasco,2% / 10 ml
SIN_NUMERO,E-000030.jpg,2026-08-13,13/8/26,Colirio,1.0,frasco,200
SIN_NUMERO,E-000030.jpg,2026-08-13,13/8/26,Apetil,1.0,frasco,10 ml
SIN_NUMERO,E-000030.jpg,2026-08-13,13/8/26,Tramadol,1.0,frasco,10% / 100 ml
SIN_NUMERO,E-000030.jpg,2026-08-13,13/8/26,Hemavet,1.0,frasco,100 ml
SIN_NUMERO,E-000030.jpg,2026-08-13,13/8/26,Visivet,1.0,frasco,10 ml
SIN_NUMERO,E-000030.jpg,2026-08-13,13/8/26,Cefalexina,1.0,frasco,250 mg/5 ml
SIN_NUMERO,E-000030.jpg,2026-08-13,13/8/26,Neo 18p,1.0,frasco,30 ml
SIN_NUMERO,E-000030.jpg,2026-08-13,13/8/26,Dexametasona,1.0,frasco,20 ml
SIN_NUMERO,E-000030.jpg,2026-08-13,13/8/26,Dexametasona,1.0,frasco,10 ml
SIN_NUMERO,E-000030.jpg,2026-08-13,13/8/26,Baxidin,2.0,frascos,300 ml
SIN_NUMERO,E-000030.jpg,2026-08-13,13/8/26,Tranqui Pets,1.0,frasco,50 ml
SIN_NUMERO,E-000030.jpg,2026-08-13,13/8/26,Dermosyn,1.0,frasco,100 ml
SIN_NUMERO,E-000031.jpg,2026-08-13,13/8/26,Adrenalina,50.0,ampollas,1mg/1ml
SIN_NUMERO,E-000031.jpg,2026-08-13,13/8/26,Ampicilina Sulbactam,1.0,unidad,
SIN_NUMERO,E-000031.jpg,2026-08-13,13/8/26,Omeprazol,1.0,unidad,40mg
SIN_NUMERO,E-000031.jpg,2026-08-13,13/8/26,Lagelikov,1.0,unidad,0.5%/15ml
SIN_NUMERO,E-000031.jpg,2026-08-13,13/8/26,Baxidin,1.0,frasco,60ml
SIN_NUMERO,E-000031.jpg,2026-08-13,13/8/26,Trazidex,1.0,unidad,3.5g
SIN_NUMERO,E-000031.jpg,2026-08-13,13/8/26,Oluvvet N.F.,1.0,frasco,50ml
SIN_NUMERO,E-000031.jpg,2026-08-13,13/8/26,Hemolitan Pet,1.0,frasco,60ml
SIN_NUMERO,E-000031.jpg,2026-08-13,13/8/26,Hemolitan Pet,1.0,frasco,30ml
SIN_NUMERO,E-000031.jpg,2026-08-13,13/8/26,Metronidazol,1.0,frasco,40ml
SIN_NUMERO,E-000031.jpg,2026-08-13,13/8/26,Diclofenaco,10.0,ampollas,75mg/3ml
SIN_NUMERO,E-000031.jpg,2026-08-13,13/8/26,Dolofeno,1.0,frasco,100ml
SIN_NUMERO,E-000031.jpg,2026-08-13,13/8/26,Oftal Motil Lub,3.0,frascos,15ml
SIN_NUMERO,E-000031.jpg,2026-08-13,13/8/26,Melodol,3.0,frascos,0.15% 10ml
SIN_NUMERO,E-000031.jpg,2026-08-13,13/8/26,Pet Drops,1.0,frasco,5ml
SIN_NUMERO,E-000031.jpg,2026-08-13,13/8/26,Fiprostat,2.0,frascos,120ml
SIN_NUMERO,E-000031.jpg,2026-08-13,13/8/26,Splash Tears,1.0,frasco,15ml
SIN_NUMERO,E-000031.jpg,2026-08-13,13/8/26,Solepol NF,4.0,frascos,360ml
SIN_NUMERO,E-000031.jpg,2026-08-13,13/8/26,Ketoprofeno,1.0,frasco,10ml
SIN_NUMERO,E-000031.jpg,2026-08-13,13/8/26,Lidocaina,1.0,frasco,10ml
SIN_NUMERO,E-000031.jpg,2026-08-13,13/8/26,Ranidin,1.0,frasco,20ml
SIN_NUMERO,E-000031.jpg,2026-08-13,13/8/26,Yodopovidona,1.0,frasco,60ml
SIN_NUMERO,E-000031.jpg,2026-08-13,13/8/26,Colirio,1.0,frasco,10ml
SIN_NUMERO,E-000031.jpg,2026-08-13,13/8/26,Anestesin,1.0,frasco,5g
SIN_NUMERO,E-000031.jpg,2026-08-13,13/8/26,Imostimuline,1.0,frasco,250ml
SIN_NUMERO,E-000032.jpg,2026-08-13,13/Agosto/26,Lidocaína,1.0,frasco,2% 240ml
SIN_NUMERO,E-000032.jpg,2026-08-13,13/Agosto/26,Cutamycon-VF,2.0,frascos,35g
SIN_NUMERO,E-000032.jpg,2026-08-13,13/Agosto/26,Levetiracetam,1.0,caja,500mg/30tab
SIN_NUMERO,E-000032.jpg,2026-08-13,13/Agosto/26,Lactoreemplazador,3.0,unidades,30g
SIN_NUMERO,E-000032.jpg,2026-08-13,13/Agosto/26,Caprocol,1.0,unidad,75mg
SIN_NUMERO,E-000032.jpg,2026-08-13,13/Agosto/26,Yoad,1.0,frasco,2.5% 1000ml
SIN_NUMERO,E-000032.jpg,2026-08-13,13/Agosto/26,Entrocine,8.0,unidades,4gr
SIN_NUMERO,E-000032.jpg,2026-08-13,13/Agosto/26,Petaderm Creme,1.0,tubo,30g
SIN_NUMERO,E-000032.jpg,2026-08-13,13/Agosto/26,Colgikov,2.0,frascos,0.5% 15ml
SIN_NUMERO,E-000032.jpg,2026-08-13,13/Agosto/26,Meloxiproc,1.0,frasco,0.15% 10ml
SIN_NUMERO,E-000032.jpg,2026-08-13,13/Agosto/26,Floratac,1.0,frasco,10g
SIN_NUMERO,E-000032.jpg,2026-08-13,13/Agosto/26,Svitears,2.0,frascos,15ml
SIN_NUMERO,E-000032.jpg,2026-08-13,13/Agosto/26,Energyin oral,1.0,frasco,100ml
SIN_NUMERO,E-000032.jpg,2026-08-13,13/Agosto/26,Zeel,3.0,unidades,30g
SIN_NUMERO,E-000032.jpg,2026-08-13,13/Agosto/26,Obrevet,1.0,frasco,15g
SIN_NUMERO,E-000032.jpg,2026-08-13,13/Agosto/26,Petmed jabón,1.0,unidad,10ml
SIN_NUMERO,E-000032.jpg,2026-08-13,13/Agosto/26,Ahrofen,1.0,frasco,10ml
SIN_NUMERO,E-000032.jpg,2026-08-13,13/Agosto/26,Tramadol,2.0,frascos,10% 100mg/ml
SIN_NUMERO,E-000032.jpg,2026-08-13,13/Agosto/26,Vilivet,1.0,frasco,10ml
SIN_NUMERO,E-000032.jpg,2026-08-13,13/Agosto/26,Melalgic,1.0,frasco,200mg/12
SIN_NUMERO,E-000032.jpg,2026-08-13,13/Agosto/26,Nicilon,1.0,frasco,30ml
SIN_NUMERO,E-000032.jpg,2026-08-13,13/Agosto/26,Hectovita-vet C,1.0,frasco,100ml
SIN_NUMERO,E-000032.jpg,2026-08-13,13/Agosto/26,Sanic-Alt,1.0,frasco,30ml
SIN_NUMERO,E-000032.jpg,2026-08-13,13/Agosto/26,Hemolitan Pet,1.0,frasco,30ml
SIN_NUMERO,E-000033.jpg,2026-08-13,13/Ago/26,Doxiciclina,1.0,frasco,50ml
SIN_NUMERO,E-000033.jpg,2026-08-13,13/Ago/26,Dexametasona,1.0,frasco,100mg 10ml
SIN_NUMERO,E-000033.jpg,2026-08-13,13/Ago/26,Meloxicam,3.0,frascos,40mg 10ml
SIN_NUMERO,E-000033.jpg,2026-08-13,13/Ago/26,Furosemida,6.0,ampollas,50mg 120ml
SIN_NUMERO,E-000033.jpg,2026-08-13,13/Ago/26,Tramadol Clorhidrato,10.0,ampollas,15mg
SIN_NUMERO,E-000033.jpg,2026-08-13,13/Ago/26,Complejo B,3.0,frascos,
SIN_NUMERO,E-000033.jpg,2026-08-13,13/Ago/26,Prednisolona,6.0,tabletas,20mg/30t
SIN_NUMERO,E-000033.jpg,2026-08-13,13/Ago/26,Bravecto,2.0,unidades,100mg 4.5-10kg
SIN_NUMERO,E-000033.jpg,2026-08-13,13/Ago/26,Meloxicam oral,1.0,frasco,10-20kg
SIN_NUMERO,E-000033.jpg,2026-08-13,13/Ago/26,Septiderm,1.0,frasco,10ml
SIN_NUMERO,E-000033.jpg,2026-08-13,13/Ago/26,Jabon Antiseptico,9.0,frascos,120ml
SIN_NUMERO,E-000033.jpg,2026-08-13,13/Ago/26,Solucion antiseptico,28.0,frascos,500ml
SIN_NUMERO,E-000033.jpg,2026-08-13,13/Ago/26,Solucion antiseptico,3.0,frascos,500ml
SIN_NUMERO,E-000033.jpg,2026-08-13,13/Ago/26,Alapie topico,9.0,frascos,120ml
SIN_NUMERO,E-000033.jpg,2026-08-13,13/Ago/26,Doxiciclina oral,2.0,cajas,80ml
SIN_NUMERO,E-000033.jpg,2026-08-13,13/Ago/26,Metronidazol oral,1.0,frasco,60ml
SIN_NUMERO,E-000033.jpg,2026-08-13,13/Ago/26,Electro 200-C,5.0,frascos,15ml
SIN_NUMERO,E-000033.jpg,2026-08-13,13/Ago/26,Prednisolona tab,10.0,tabletas,1g
SIN_NUMERO,E-000033.jpg,2026-08-13,13/Ago/26,Pregabalina,4.0,cajas,75mg/30capsulas
SIN_NUMERO,E-000033.jpg,2026-08-13,13/Ago/26,Canicel oral,1.0,frasco,10ml
SIN_NUMERO,E-000034.jpg,2026-08-13,13/ago/24,Prednisolona,1.0,tabletas,300t/5mg
SIN_NUMERO,E-000034.jpg,2026-08-13,13/ago/24,Algicam pets,1.0,tabletas,20t/500mg
SIN_NUMERO,E-000034.jpg,2026-08-13,13/ago/24,Gentamicina,1.0,ampollas,2mg
SIN_NUMERO,E-000034.jpg,2026-08-13,13/ago/24,Prednisolona,1.0,frascos,0.3% 5ml
SIN_NUMERO,E-000034.jpg,2026-08-13,13/ago/24,Nicican,1.0,frascos,20t/20mg
SIN_NUMERO,E-000034.jpg,2026-08-13,13/ago/24,Acetilcisteína,2.0,ampollas,10ml/3ml
SIN_NUMERO,E-000034.jpg,2026-08-13,13/ago/24,Amolev,1.0,cajas,300mg/3ml
SIN_NUMERO,E-000034.jpg,2026-08-13,13/ago/24,Fleximorace,1.0,cajas,10cap/500mg
SIN_NUMERO,E-000034.jpg,2026-08-13,13/ago/24,Tramadol,1.0,frascos,325mg/4g
SIN_NUMERO,E-000034.jpg,2026-08-13,13/ago/24,Hemolitan pet,1.0,frascos,10ml
SIN_NUMERO,E-000034.jpg,2026-08-13,13/ago/24,Melovim,1.0,frascos,60ml
SIN_NUMERO,E-000034.jpg,2026-08-13,13/ago/24,Meloxicam,1.0,frascos,30ml
SIN_NUMERO,E-000034.jpg,2026-08-13,13/ago/24,Dexametasona,1.0,frascos,0.5%/30ml
SIN_NUMERO,E-000034.jpg,2026-08-13,13/ago/24,Guantrol,1.0,cajas,8mg/1ml
SIN_NUMERO,E-000034.jpg,2026-08-13,13/ago/24,Doxiciclina,1.0,tabletas,60mg
SIN_NUMERO,E-000034.jpg,2026-08-13,13/ago/24,Marbofloxacina,1.0,tabletas,10tabletas
SIN_NUMERO,E-000034.jpg,2026-08-13,13/ago/24,Amoxicilina,1.0,frascos,100ml
SIN_NUMERO,E-000034.jpg,2026-08-13,13/ago/24,Meloxicam oral,1.0,frascos,10ml
SIN_NUMERO,E-000034.jpg,2026-08-13,13/ago/24,Colirio,1.0,frascos,150ml
SIN_NUMERO,E-000034.jpg,2026-08-13,13/ago/24,Renalot,1.0,frascos,3.5-4.5
SIN_NUMERO,E-000034.jpg,2026-08-13,13/ago/24,Nexgard,1.0,unidades,
SIN_NUMERO,E-000034.jpg,2026-08-13,13/ago/24,Cetamax,4.0,unidades,20+
SIN_NUMERO,E-000034.jpg,2026-08-13,13/ago/24,Nebulizador,1.0,unidades,
SIN_NUMERO,E-000035.jpg,2026-08-13,13/ago/2018,Nexgard tableta,4.0,tabletas,2-4kg
SIN_NUMERO,E-000035.jpg,2026-08-13,13/ago/2018,Fluralaner tableta,6.0,tabletas,2.5-5kg
SIN_NUMERO,E-000035.jpg,2026-08-13,13/ago/2018,Fluralaner tableta,10.0,tabletas,5-10kg
SIN_NUMERO,E-000035.jpg,2026-08-13,13/ago/2018,Paracanis S. oral,1.0,unidad,
SIN_NUMERO,E-000035.jpg,2026-08-13,13/ago/2018,Sanicom crema,2.0,unidades,
SIN_NUMERO,E-000035.jpg,2026-08-13,13/ago/2018,Amoxicilina capsula,100.0,capsulas,
SIN_NUMERO,E-000035.jpg,2026-08-13,13/ago/2018,Acido Tranexamico,10.0,ampollas,
SIN_NUMERO,E-000035.jpg,2026-08-13,13/ago/2018,Dexametasona,1.0,unidad,50 tabletas
SIN_NUMERO,E-000035.jpg,2026-08-13,13/ago/2018,Dipirona tableta,1.0,unidad,500mg
SIN_NUMERO,E-000035.jpg,2026-08-13,13/ago/2018,Cacodil (complejo b + caco),1.0,frasco,Inyectable 100ml
SIN_NUMERO,E-000035.jpg,2026-08-13,13/ago/2018,Melovet inyectable,1.0,frasco,50ml
SIN_NUMERO,E-000035.jpg,2026-08-13,13/ago/2018,Lidocaina inyectable,20.0,ampollas,10ml
SIN_NUMERO,E-000035.jpg,2026-08-13,13/ago/2018,Septiderm solucion,7.0,frascos,50ml
SIN_NUMERO,E-000035.jpg,2026-08-13,13/ago/2018,Dextromin B12 iny,15.0,frascos,500ml
SIN_NUMERO,E-000035.jpg,2026-08-13,13/ago/2018,Nexgard tableta,1.0,tableta,25-50kg
SIN_NUMERO,E-000035.jpg,2026-08-13,13/ago/2018,Nexgard tableta,1.0,tableta,4-10kg
SIN_NUMERO,E-000035.jpg,2026-08-13,13/ago/2018,Bravecto tableta,1.0,tableta,20-40kg
SIN_NUMERO,E-000035.jpg,2026-08-13,13/ago/2018,Bravecto tableta,1.0,tableta,2-4kg
SIN_NUMERO,E-000035.jpg,2026-08-13,13/ago/2018,Bravecto tableta,1.0,tableta,10-20kg
SIN_NUMERO,E-000035.jpg,2026-08-13,13/ago/2018,Stomorgyl espiramicina metronidazol,20.0,tabletas,
SIN_NUMERO,E-000035.jpg,2026-08-13,13/ago/2018,Meloxicam S. oral,9.0,frascos,0.5% - 5ml
SIN_NUMERO,E-000035.jpg,2026-08-13,13/ago/2018,Ciprofloxacina,9.0,tabletas,
SIN_NUMERO,E-000036.jpg,2026-08-13,13/08/26,Predicorten,3.0,unidades,5mg
SIN_NUMERO,E-000036.jpg,2026-08-13,13/08/26,Lidocaina iny,12.0,unidades,2%/10ml
SIN_NUMERO,E-000036.jpg,2026-08-13,13/08/26,Meloxicam,11.0,unidades,10mg/10ml
SIN_NUMERO,E-000036.jpg,2026-08-13,13/08/26,Pregabalina,5.0,unidades,50mg/30t
SIN_NUMERO,E-000036.jpg,2026-08-13,13/08/26,Tramadol S.oral,3.0,unidades,10ml
SIN_NUMERO,E-000036.jpg,2026-08-13,13/08/26,Acido tranexamico,3.0,unidades,10t/500mg
SIN_NUMERO,E-000036.jpg,2026-08-13,13/08/26,Adrenalina inyectable,4.0,unidades,20ml
SIN_NUMERO,E-000036.jpg,2026-08-13,13/08/26,Tranquilan gotas,5.0,unidades,10ml
SIN_NUMERO,E-000036.jpg,2026-08-13,13/08/26,Hidratante oral,1.0,unidades,0.5-2.0kg
SIN_NUMERO,E-000036.jpg,2026-08-13,13/08/26,Credelio perros,2.0,unidades,11-22kg
SIN_NUMERO,E-000036.jpg,2026-08-13,13/08/26,Pregabalina tableta,3.0,unidades,30capsulas/25mg
SIN_NUMERO,E-000036.jpg,2026-08-13,13/08/26,Tramadol tableta,1.0,unidades,50mg
SIN_NUMERO,E-000036.jpg,2026-08-13,13/08/26,Pracan,1.0,unidades,10ml
SIN_NUMERO,E-000036.jpg,2026-08-13,13/08/26,Pracan,2.0,unidades,5ml
SIN_NUMERO,E-000036.jpg,2026-08-13,13/08/26,Neoclikdan,1.0,unidades,60ml
SIN_NUMERO,E-000036.jpg,2026-08-13,13/08/26,Boxifig,15.0,unidades,60ml
SIN_NUMERO,E-000036.jpg,2026-08-13,13/08/26,Nexgard,1.0,unidades,25-50kg
SIN_NUMERO,E-000036.jpg,2026-08-13,13/08/26,Nexgard,3.0,unidades,4.1-10kg
SIN_NUMERO,E-000036.jpg,2026-08-13,13/08/26,Aminolyte,8.0,unidades,500ml
SIN_NUMERO,E-000036.jpg,2026-08-13,13/08/26,Splend Colino,2.0,unidades,10ml
SIN_NUMERO,E-000036.jpg,2026-08-13,13/08/26,Clorhexin Spray,5.0,unidades,
SIN_NUMERO,E-000036.jpg,2026-08-13,13/08/26,Power tableta,6.0,unidades,50ml
SIN_NUMERO,E-000036.jpg,2026-08-13,13/08/26,Metronid oral,6.0,unidades,10ml
SIN_NUMERO,E-000037.jpg,2026-08-13,13/04/2026,Meloxicam tableta,4.0,tabletas,15 mg
SIN_NUMERO,E-000037.jpg,2026-08-13,13/04/2026,Meloxicam suspensión oral,16.0,unidades,10 ml
SIN_NUMERO,E-000037.jpg,2026-08-13,13/04/2026,Ketoprofeno,9.0,unidades,10 ml
SIN_NUMERO,E-000037.jpg,2026-08-13,13/04/2026,Tramadol,4.0,unidades,50 mg
SIN_NUMERO,E-000037.jpg,2026-08-13,13/04/2026,Meloxicam oral,3.0,unidades,10 ml
SIN_NUMERO,E-000037.jpg,2026-08-13,13/04/2026,Meloxicam oral,4.0,unidades,5 ml
SIN_NUMERO,E-000037.jpg,2026-08-13,13/04/2026,Etamsilato,15.0,unidades,50 mg
SIN_NUMERO,E-000037.jpg,2026-08-13,13/04/2026,Lidocaína,1.0,frasco,50 ml
SIN_NUMERO,E-000037.jpg,2026-08-13,13/04/2026,Metaclor,3.0,unidades,100 ml
SIN_NUMERO,E-000037.jpg,2026-08-13,13/04/2026,Clara C,12.0,unidades,120 ml
SIN_NUMERO,E-000037.jpg,2026-08-13,13/04/2026,Baxidin,4.0,unidades,120 ml
SIN_NUMERO,E-000037.jpg,2026-08-13,13/04/2026,Clorhexidina,2.0,unidades,1000 ml
SIN_NUMERO,E-000037.jpg,2026-08-13,13/04/2026,Iver OYO,13.0,unidades,60 ml
SIN_NUMERO,E-000037.jpg,2026-08-13,13/04/2026,Fluimucil,5.0,ampollas,
SIN_NUMERO,E-000037.jpg,2026-08-13,13/04/2026,Meladol,1.0,frasco,20 ml
SIN_NUMERO,E-000037.jpg,2026-08-13,13/04/2026,Simparica,11.0,tabletas,5-10 kg
SIN_NUMERO,E-000037.jpg,2026-08-13,13/04/2026,Simparica,7.0,tabletas,25-50 kg
SIN_NUMERO,E-000037.jpg,2026-08-13,13/04/2026,Simparica,8.0,tabletas,10-20 kg
SIN_NUMERO,E-000037.jpg,2026-08-13,13/04/2026,Simparica,5.0,tabletas,2-3.5 kg
SIN_NUMERO,E-000037.jpg,2026-08-13,13/04/2026,Nexgard,6.0,tabletas,10-25 kg
SIN_NUMERO,E-000038.jpg,2026-08-13,13/Ago/202,Inyección lidocaína y epinefrina,9.0,unidades,20 ml / 2%
SIN_NUMERO,E-000038.jpg,2026-08-13,13/Ago/202,Meloxicam tabletas,9.0,tabletas,2mg
SIN_NUMERO,E-000038.jpg,2026-08-13,13/Ago/202,Electrolito pet,14.0,unidades,4mg
SIN_NUMERO,E-000038.jpg,2026-08-13,13/Ago/202,Baxidin solución,3.0,unidades,Sobre Hemo 10ml
SIN_NUMERO,E-000038.jpg,2026-08-13,13/Ago/202,Canipet oral,8.0,unidades,300ml
SIN_NUMERO,E-000038.jpg,2026-08-13,13/Ago/202,Canipet fort,8.0,unidades,10ml
SIN_NUMERO,E-000038.jpg,2026-08-13,13/Ago/202,Sucralfato,6.0,unidades,2ml
SIN_NUMERO,E-000038.jpg,2026-08-13,13/Ago/202,Lagrigen ocular,13.0,unidades,10ml
SIN_NUMERO,E-000038.jpg,2026-08-13,13/Ago/202,Hidratars,3.0,unidades,50ml
SIN_NUMERO,E-000038.jpg,2026-08-13,13/Ago/202,Fibrinex (Ácido tranexámico),8.0,unidades,0.4%
SIN_NUMERO,E-000038.jpg,2026-08-13,13/Ago/202,Electro 200 oral,4.0,unidades,10 tabletas 500mg
SIN_NUMERO,E-000038.jpg,2026-08-13,13/Ago/202,Diarrevet,30.0,unidades,10gr
SIN_NUMERO,E-000038.jpg,2026-08-13,13/Ago/202,Sales orales sobre,13.0,sobres,20gr
SIN_NUMERO,E-000038.jpg,2026-08-13,13/Ago/202,Pulfen oral,3.0,unidades,3.2ml
SIN_NUMERO,E-000038.jpg,2026-08-13,13/Ago/202,Amigo fresh polvo,2.0,unidades,5g
SIN_NUMERO,E-000038.jpg,2026-08-13,13/Ago/202,Melcox-meloxicam,60.0,tabletas,30t / 200mg 7.5mg
SIN_NUMERO,E-000038.jpg,2026-08-13,13/Ago/202,Doxiciclina (tableta),1.0,unidades,50ml
SIN_NUMERO,E-000038.jpg,2026-08-13,13/Ago/202,Dipirona inyectable,4.0,unidades,20ml
SIN_NUMERO,E-000038.jpg,2026-08-13,13/Ago/202,Amoxicilina oral,3.0,unidades,250mg/5ml
SIN_NUMERO,E-000038.jpg,2026-08-13,13/Ago/202,Meloxicam 0.15%,1.0,unidades,10ml
SIN_NUMERO,E-000038.jpg,2026-08-13,13/Ago/202,Lidocaína tópica,14.0,unidades,30ml / 2%
SIN_NUMERO,E-000039.jpg,2026-08-13,8-13-26,Plata coloidal,1.0,unidades,
SIN_NUMERO,E-000039.jpg,2026-08-13,8-13-26,Yodintek,1.0,unidades,
SIN_NUMERO,E-000039.jpg,2026-08-13,8-13-26,Lágrimas artificiales,2.0,unidades,15ml
SIN_NUMERO,E-000039.jpg,2026-08-13,8-13-26,Lactato de Ringer,1.0,unidades,10ml
SIN_NUMERO,E-000039.jpg,2026-08-13,8-13-26,Danimicon,1.0,unidades,10gr
SIN_NUMERO,E-000039.jpg,2026-08-13,8-13-26,Eyelears,1.0,unidades,15ml
SIN_NUMERO,E-000039.jpg,2026-08-13,8-13-26,Agua oxigenada,1.0,unidades,60ml
SIN_NUMERO,E-000039.jpg,2026-08-13,8-13-26,Lidocaina,1.0,unidades,60ml
SIN_NUMERO,E-000039.jpg,2026-08-13,8-13-26,Deoper,1.0,unidades,19.8g
SIN_NUMERO,E-000039.jpg,2026-08-13,8-13-26,Electro,1.0,unidades,200-38.7g
SIN_NUMERO,E-000039.jpg,2026-08-13,8-13-26,Bolfo,2.0,unidades,20g
SIN_NUMERO,E-000039.jpg,2026-08-13,8-13-26,Aciflux,2.0,unidades,50ml
SIN_NUMERO,E-000039.jpg,2026-08-13,8-13-26,Finhemo,1.0,unidades,30ml
SIN_NUMERO,E-000039.jpg,2026-08-13,8-13-26,Gallopon pet,1.0,unidades,125ml
SIN_NUMERO,E-000039.jpg,2026-08-13,8-13-26,D-tex,1.0,unidades,60ml
SIN_NUMERO,E-000039.jpg,2026-08-13,8-13-26,Gabapool,10.0,tabletas,300mg
SIN_NUMERO,E-000039.jpg,2026-08-13,8-13-26,Previcox,20.0,tabletas,227mg
SIN_NUMERO,E-000039.jpg,2026-08-13,8-13-26,Cronoten,1.0,unidades,500mg
SIN_NUMERO,E-000039.jpg,2026-08-13,8-13-26,Cutamycon,2.0,unidades,35g
SIN_NUMERO,E-000039.jpg,2026-08-13,8-13-26,Furosemida,60.0,tabletas,40g
SIN_NUMERO,E-000039.jpg,2026-08-13,8-13-26,Compleland,3.0,unidades,312 100ml
SIN_NUMERO,E-000039.jpg,2026-08-13,8-13-26,Dipirona,10.0,unidades,500mg
SIN_NUMERO,E-000039.jpg,2026-08-13,8-13-26,Pomada,1.0,unidades,20g
SIN_NUMERO,E-000039.jpg,2026-08-13,8-13-26,Pregabalina,1.0,unidades,20mg/ml
SIN_NUMERO,E-000039.jpg,2026-08-13,8-13-26,Dermo-pet,1.0,unidades,120ml
SIN_NUMERO,E-000039.jpg,2026-08-13,8-13-26,Botica,1.0,unidades,5g
SIN_NUMERO,E-000040.jpg,2026-08-13,13/08/26,Dextrosa,1.0,und,B
SIN_NUMERO,E-000040.jpg,2026-08-13,13/08/26,Meloxicam,5.0,und,
SIN_NUMERO,E-000040.jpg,2026-08-13,13/08/26,Lidocaína,1.0,und,2%
SIN_NUMERO,E-000040.jpg,2026-08-13,13/08/26,Lidocaína gel,2.0,und,2%
SIN_NUMERO,E-000040.jpg,2026-08-13,13/08/26,Boxicaina,1.0,und,dorada
SIN_NUMERO,E-000040.jpg,2026-08-13,13/08/26,Metoclopramida,2.0,und,
SIN_NUMERO,E-000040.jpg,2026-08-13,13/08/26,Weschex,1.0,und,2%
SIN_NUMERO,E-000040.jpg,2026-08-13,13/08/26,Weschex,1.0,und,4%
SIN_NUMERO,E-000040.jpg,2026-08-13,13/08/26,Weschex,1.0,und,4% jabón anti
SIN_NUMERO,E-000040.jpg,2026-08-13,13/08/26,Aminolyte,2.0,und,
SIN_NUMERO,E-000040.jpg,2026-08-13,13/08/26,Prednisolona,3.0,und,20mg
SIN_NUMERO,E-000040.jpg,2026-08-13,13/08/26,Bravecto,1.0,und,4.5-10kg
SIN_NUMERO,E-000040.jpg,2026-08-13,13/08/26,Bravecto,1.0,und,10-20kg
SIN_NUMERO,E-000040.jpg,2026-08-13,13/08/26,Pielabelina,1.0,und,20mg
SIN_NUMERO,E-000040.jpg,2026-08-13,13/08/26,Meloxicam,4.0,und,10ml
SIN_NUMERO,E-000041.jpg,2026-08-14,14/08/26,Catéter intravenoso,4.0,unidades,
SIN_NUMERO,E-000041.jpg,2026-08-14,14/08/26,Tapabocas,22.0,unidades,
SIN_NUMERO,E-000041.jpg,2026-08-14,14/08/26,Jeringa,2.0,unidades,
SIN_NUMERO,E-000041.jpg,2026-08-14,14/08/26,Solución inyectable,1.0,unidad,
SIN_NUMERO,E-000041.jpg,2026-08-14,14/08/26,Alcohol,1.0,unidad,
SIN_NUMERO,E-000041.jpg,2026-08-14,14/08/26,Tapabocas,10.0,unidades,
SIN_NUMERO,E-000041.jpg,2026-08-14,14/08/26,Jeringa,1.0,unidad,3ml
SIN_NUMERO,E-000041.jpg,2026-08-14,14/08/26,Gasas,1.0,paquete,x 200
SIN_NUMERO,E-000041.jpg,2026-08-14,14/08/26,Jabón estéril,1.0,unidad,
SIN_NUMERO,E-000041.jpg,2026-08-14,14/08/26,Tapabocas,34.0,unidades,
SIN_NUMERO,E-000041.jpg,2026-08-14,14/08/26,Solución inyectable,1.0,unidad,
SIN_NUMERO,E-000041.jpg,2026-08-14,14/08/26,Gasas,2.0,cajas,
SIN_NUMERO,E-000041.jpg,2026-08-14,14/08/26,Material nebulizaciones,1.0,unidad,
SIN_NUMERO,E-000041.jpg,2026-08-14,14/08/26,Catéter,2.0,unidades,
SIN_NUMERO,E-000041.jpg,2026-08-14,14/08/26,Papel absorbente,50.0,unidades,
SIN_NUMERO,E-000041.jpg,2026-08-14,14/08/26,Pañitos húmedos,200.0,unidades,
SIN_NUMERO,E-000041.jpg,2026-08-14,14/08/26,Bolsas basura,3.0,unidades,
SIN_NUMERO,E-000041.jpg,2026-08-14,14/08/26,Papel absorbente,30.0,unidades,
SIN_NUMERO,E-000041.jpg,2026-08-14,14/08/26,Solución inyectable,1.0,unidad,
SIN_NUMERO,E-000041.jpg,2026-08-14,14/08/26,Jeringa,1.0,unidad,
SIN_NUMERO,E-000041.jpg,2026-08-14,14/08/26,Tapabocas,2.0,cajas,2x50
SIN_NUMERO,E-000041.jpg,2026-08-14,14/08/26,Gasas,10.0,unidades,
SIN_NUMERO,E-000041.jpg,2026-08-14,14/08/26,Solución salina,28.0,unidades,
SIN_NUMERO,E-000041.jpg,2026-08-14,14/08/26,Catéter,1.0,unidad,
SIN_NUMERO,E-000042.jpg,2026-08-14,14/08/26,Agua oxigenada,1.0,unidades,
SIN_NUMERO,E-000042.jpg,2026-08-14,14/08/26,Jabón,2.0,unidades,
SIN_NUMERO,E-000042.jpg,2026-08-14,14/08/26,Bolsa inyectable,10.0,bolsas,
SIN_NUMERO,E-000042.jpg,2026-08-14,14/08/26,Catéter intravenoso,6.0,unidades,
SIN_NUMERO,E-000042.jpg,2026-08-14,14/08/26,Termómetro digital,1.0,unidades,
SIN_NUMERO,E-000042.jpg,2026-08-14,14/08/26,Solución inyectable,9.0,unidades,
SIN_NUMERO,E-000042.jpg,2026-08-14,14/08/26,Mascarillas faciales,58.0,unidades,
SIN_NUMERO,E-000042.jpg,2026-08-14,14/08/26,Solución inyectable,4.0,unidades,
SIN_NUMERO,E-000042.jpg,2026-08-14,14/08/26,Jeringas,10.0,unidades,
SIN_NUMERO,E-000042.jpg,2026-08-14,14/08/26,Catéter intravenoso,2.0,unidades,
SIN_NUMERO,E-000042.jpg,2026-08-14,14/08/26,Sistema de succión,9.0,unidades,
SIN_NUMERO,E-000042.jpg,2026-08-14,14/08/26,Guantes quirúrgicos,13.0,pares,
SIN_NUMERO,E-000042.jpg,2026-08-14,14/08/26,Solución antiséptica,1.0,unidades,
SIN_NUMERO,E-000042.jpg,2026-08-14,14/08/26,Alcohol,3.0,unidades,
SIN_NUMERO,E-000042.jpg,2026-08-14,14/08/26,Solución inyectable,1.0,unidades,
SIN_NUMERO,E-000042.jpg,2026-08-14,14/08/26,Algodón,4.0,gramos,25gr
SIN_NUMERO,E-000042.jpg,2026-08-14,14/08/26,Jeringas,1.0,unidades,
SIN_NUMERO,E-000042.jpg,2026-08-14,14/08/26,Catéter intravenoso,5.0,unidades,
SIN_NUMERO,E-000042.jpg,2026-08-14,14/08/26,Administración suero,1.0,unidades,
SIN_NUMERO,E-000042.jpg,2026-08-14,14/08/26,Guantes quirúrgicos,2.0,cajas,x100
SIN_NUMERO,E-000042.jpg,2026-08-14,14/08/26,Jeringas,4.0,unidades,
SIN_NUMERO,E-000043.jpg,2026-08-14,14 agosto,Algodón,3.0,unidades,
SIN_NUMERO,E-000043.jpg,2026-08-14,14 agosto,Set infusión macrogoteo,20.0,unidades,
SIN_NUMERO,E-000043.jpg,2026-08-14,14 agosto,Catéter intravenoso,15.0,unidades,
SIN_NUMERO,E-000043.jpg,2026-08-14,14 agosto,Agua oxigenada,3.0,unidades,
SIN_NUMERO,E-000043.jpg,2026-08-14,14 agosto,Cinta hipoalergénica,15.0,unidades,
SIN_NUMERO,E-000043.jpg,2026-08-14,14 agosto,Solución cloruro de sodio,14.0,unidades,
SIN_NUMERO,E-000043.jpg,2026-08-14,14 agosto,Alcohol 70%,2.0,unidades,
SIN_NUMERO,E-000043.jpg,2026-08-14,14 agosto,Jeringa estéril,15.0,unidades,
SIN_NUMERO,E-000043.jpg,2026-08-14,14 agosto,Catéter intravenoso,1.0,unidades,
SIN_NUMERO,E-000043.jpg,2026-08-14,14 agosto,Cinta microporosa,2.0,unidades,
SIN_NUMERO,E-000043.jpg,2026-08-14,14 agosto,Paños húmedos,6.0,unidades,
SIN_NUMERO,E-000043.jpg,2026-08-14,14 agosto,Tapete absorbente,2.0,unidades,
SIN_NUMERO,E-000043.jpg,2026-08-14,14 agosto,Bolsas basura,1.0,unidades,
SIN_NUMERO,E-000043.jpg,2026-08-14,14 agosto,Paños húmedos,5.0,unidades,
SIN_NUMERO,E-000043.jpg,2026-08-14,14 agosto,Solución inyectable,30.0,unidades,
SIN_NUMERO,E-000043.jpg,2026-08-14,14 agosto,Jeringa desechable,3.0,unidades,
SIN_NUMERO,E-000043.jpg,2026-08-14,14 agosto,Agua oxigenada,3.0,unidades,
SIN_NUMERO,E-000044.jpg,2026-08-14,14 agosto,Solución Salina,4.0,unidades,
SIN_NUMERO,E-000044.jpg,2026-08-14,14 agosto,Catéter intravenoso,13.0,unidades,
SIN_NUMERO,E-000044.jpg,2026-08-14,14 agosto,Set infusión intravenosa,1.0,unidades,
SIN_NUMERO,E-000044.jpg,2026-08-14,14 agosto,Jeringa,1.0,unidades,3 ml
SIN_NUMERO,E-000044.jpg,2026-08-14,14 agosto,Gasa,100.0,unidades,
SIN_NUMERO,E-000044.jpg,2026-08-14,14 agosto,Jeringa,1.0,unidades,10 ml
SIN_NUMERO,E-000044.jpg,2026-08-14,14 agosto,Catéter intravenoso,1.0,unidades,
SIN_NUMERO,E-000044.jpg,2026-08-14,14 agosto,Gasa,20.0,unidades,
SIN_NUMERO,E-000044.jpg,2026-08-14,14 agosto,Catéter intravenoso,2.0,unidades,
SIN_NUMERO,E-000044.jpg,2026-08-14,14 agosto,Paños,1.0,unidades,
SIN_NUMERO,E-000044.jpg,2026-08-14,14 agosto,Guantes quirúrgicos,2.0,pares,
SIN_NUMERO,E-000044.jpg,2026-08-14,14 agosto,Sonda,1.0,unidades,
SIN_NUMERO,E-000044.jpg,2026-08-14,14 agosto,Agujas,1.0,unidades,
SIN_NUMERO,E-000044.jpg,2026-08-14,14 agosto,Solución antiséptica,1.0,unidades,
SIN_NUMERO,E-000044.jpg,2026-08-14,14 agosto,Meloxicam,2.0,unidades,
SIN_NUMERO,E-000044.jpg,2026-08-14,14 agosto,Micropore,1.0,unidades,
SIN_NUMERO,E-000044.jpg,2026-08-14,14 agosto,Jeringa,6.0,unidades,3 ml
SIN_NUMERO,E-000044.jpg,2026-08-14,14 agosto,Alcohol,2.0,unidades,
SIN_NUMERO,E-000044.jpg,2026-08-14,14 agosto,Gasa,4.0,unidades,
SIN_NUMERO,E-000044.jpg,2026-08-14,14 agosto,Jeringa,4.0,unidades,3 ml
SIN_NUMERO,E-000045.jpg,2026-08-14,14 Agosto,Bobinas alcohol,7.0,unidades,
SIN_NUMERO,E-000045.jpg,2026-08-14,14 Agosto,Paños húmedos,3.0,unidades,
SIN_NUMERO,E-000045.jpg,2026-08-14,14 Agosto,Micropore,1.0,caja,caja x 24
SIN_NUMERO,E-000045.jpg,2026-08-14,14 Agosto,Jeringa 2ml,1.0,caja,caja x 100
SIN_NUMERO,E-000045.jpg,2026-08-14,14 Agosto,Esparadrapo tipo tela,1.0,unidades,
SIN_NUMERO,E-000045.jpg,2026-08-14,14 Agosto,Leukoplast,3.0,unidades,
SIN_NUMERO,E-000045.jpg,2026-08-14,14 Agosto,Gasa antiadherente,2.0,unidades,
SIN_NUMERO,E-000045.jpg,2026-08-14,14 Agosto,Venda elástica,1.0,unidades,
SIN_NUMERO,E-000045.jpg,2026-08-14,14 Agosto,Gasa no tejida,1.0,paquetes,x 12
SIN_NUMERO,E-000045.jpg,2026-08-14,14 Agosto,Clotrimazol,1.0,unidades,
SIN_NUMERO,E-000045.jpg,2026-08-14,14 Agosto,Bolsa para desechos,20.0,unidades,
SIN_NUMERO,E-000045.jpg,2026-08-14,14 Agosto,Tabacos,7.0,unidades,x 100
SIN_NUMERO,E-000045.jpg,2026-08-14,14 Agosto,Jeringa hipodérmica,19.0,unidades,
SIN_NUMERO,E-000045.jpg,2026-08-14,14 Agosto,Catéter,18.0,unidades,
SIN_NUMERO,E-000045.jpg,2026-08-14,14 Agosto,Jeringa,2.0,unidades,
SIN_NUMERO,E-000045.jpg,2026-08-14,14 Agosto,Intracath,25.0,unidades,
SIN_NUMERO,E-000045.jpg,2026-08-14,14 Agosto,Equipo administración solución,1.0,unidades,
SIN_NUMERO,E-000045.jpg,2026-08-14,14 Agosto,Caja catéter intravenoso,9.0,cajas,grandes
SIN_NUMERO,E-000045.jpg,2026-08-14,14 Agosto,Solución inyectable,2.0,unidades,
SIN_NUMERO,E-000045.jpg,2026-08-14,14 Agosto,Tapetes absorbentes,1.0,unidades,
SIN_NUMERO,E-000045.jpg,2026-08-14,14 Agosto,Gasas antiadherente,1.0,unidades,
SIN_NUMERO,E-000045.jpg,2026-08-14,14 Agosto,Fardos de gasas,1.0,unidades,
SIN_NUMERO,E-000045.jpg,2026-08-14,14 Agosto,Jeringa,1.0,unidades,
SIN_NUMERO,E-000046.jpg,2026-08-14,14 Agosto,Jeringa,10.0,unidades,1ml
SIN_NUMERO,E-000046.jpg,2026-08-14,14 Agosto,Guía,10.0,unidades,no tejida
SIN_NUMERO,E-000046.jpg,2026-08-14,14 Agosto,Alcohol,1.0,frascos,700ml
SIN_NUMERO,E-000046.jpg,2026-08-14,14 Agosto,Suero fisiológico,6.0,bolsas,
SIN_NUMERO,E-000046.jpg,2026-08-14,14 Agosto,Jeringa para catéter,1.0,unidades,60ml
SIN_NUMERO,E-000046.jpg,2026-08-14,14 Agosto,Paños húmedos,8.0,paquetes,
SIN_NUMERO,E-000046.jpg,2026-08-14,14 Agosto,Solución inyectable,1.0,unidades,
SIN_NUMERO,E-000046.jpg,2026-08-14,14 Agosto,Paños húmedos,1.0,paquetes,
SIN_NUMERO,E-000046.jpg,2026-08-14,14 Agosto,Electrodos,10.0,unidades,
SIN_NUMERO,E-000046.jpg,2026-08-14,14 Agosto,Algodón,15.0,unidades,500g
SIN_NUMERO,E-000046.jpg,2026-08-14,14 Agosto,Solución inyectable,4.0,unidades,
SIN_NUMERO,E-000046.jpg,2026-08-14,14 Agosto,Venda elástica,3.0,unidades,
SIN_NUMERO,E-000046.jpg,2026-08-14,14 Agosto,Jeringas,4.0,cajas,20ml x 50
SIN_NUMERO,E-000046.jpg,2026-08-14,14 Agosto,Paños húmedos,5.0,paquetes,
SIN_NUMERO,E-000046.jpg,2026-08-14,14 Agosto,Escalpelo,2.0,unidades,
SIN_NUMERO,E-000046.jpg,2026-08-14,14 Agosto,Tijeras,1.0,unidades,quirúrgicas
SIN_NUMERO,E-000046.jpg,2026-08-14,14 Agosto,Pinza,20.0,unidades,quirúrgica
SIN_NUMERO,E-000046.jpg,2026-08-14,14 Agosto,Venda elástica,1.0,unidades,
SIN_NUMERO,E-000046.jpg,2026-08-14,14 Agosto,Cuchillas,1.0,unidades,
SIN_NUMERO,E-000046.jpg,2026-08-14,14 Agosto,Suturas,3.0,cajas,x 12
SIN_NUMERO,E-000046.jpg,2026-08-14,14 Agosto,Gasa larga,1.0,unidades,
SIN_NUMERO,E-000046.jpg,2026-08-14,14 Agosto,Tapabocas,1.0,cajas,
SIN_NUMERO,E-000047.jpg,2026-08-14,14 agosto,Paños húmedos,1.0,unidades,
SIN_NUMERO,E-000047.jpg,2026-08-14,14 agosto,Aguja hipodérmica,1.0,unidades,x 300
SIN_NUMERO,E-000047.jpg,2026-08-14,14 agosto,Jeringa,19.0,unidades,
SIN_NUMERO,E-000047.jpg,2026-08-14,14 agosto,Guantes,2.0,cajas,x 100
SIN_NUMERO,E-000047.jpg,2026-08-14,14 agosto,Solución inyectable,12.0,unidades,
SIN_NUMERO,E-000047.jpg,2026-08-14,14 agosto,Alcohol,3.0,unidades,x 500 ml
SIN_NUMERO,E-000047.jpg,2026-08-14,14 agosto,Jabón estéril,1.0,unidades,
SIN_NUMERO,E-000047.jpg,2026-08-14,14 agosto,Paños húmedos,5.0,unidades,
SIN_NUMERO,E-000047.jpg,2026-08-14,14 agosto,Cánula plásticas,3.0,unidades,
SIN_NUMERO,E-000047.jpg,2026-08-14,14 agosto,Tapa heparinizada,8.0,unidades,x 100
SIN_NUMERO,E-000047.jpg,2026-08-14,14 agosto,Termómetro,1.0,unidades,
SIN_NUMERO,E-000047.jpg,2026-08-14,14 agosto,Caja sutura,12.0,cajas,
SIN_NUMERO,E-000047.jpg,2026-08-14,14 agosto,Tapabocas,4.0,cajas,x 50
SIN_NUMERO,E-000047.jpg,2026-08-14,14 agosto,Guante,1.0,caja,x 100
SIN_NUMERO,E-000047.jpg,2026-08-14,14 agosto,Catéter de silicón,1.0,unidades,x 10
SIN_NUMERO,E-000047.jpg,2026-08-14,14 agosto,Solución antiséptica,1.0,litros,1L
SIN_NUMERO,E-000047.jpg,2026-08-14,14 agosto,Platos comedores,3.0,unidades,
SIN_NUMERO,E-000047.jpg,2026-08-14,14 agosto,Bolsas plásticas,3.0,unidades,
SIN_NUMERO,E-000047.jpg,2026-08-14,14 agosto,Gasa no tejida,1.0,paquete,
SIN_NUMERO,E-000047.jpg,2026-08-14,14 agosto,Venda algodón,3.0,unidades,
SIN_NUMERO,E-000047.jpg,2026-08-14,14 agosto,Gasa,1.0,paquete,
SIN_NUMERO,E-000048.jpg,2026-08-14,14 AGO,Guantes estériles,4.0,cajas,x 100
SIN_NUMERO,E-000048.jpg,2026-08-14,14 AGO,Papel limpio,1.0,unidad,
SIN_NUMERO,E-000048.jpg,2026-08-14,14 AGO,Paños húmedos,1.0,unidad,x 75
SIN_NUMERO,E-000048.jpg,2026-08-14,14 AGO,Compresa abdominal,9.0,unidades,
SIN_NUMERO,E-000048.jpg,2026-08-14,14 AGO,Gasa estéril,1.0,unidad,x 25
SIN_NUMERO,E-000048.jpg,2026-08-14,14 AGO,Solución inyectable,2.0,unidades,
SIN_NUMERO,E-000048.jpg,2026-08-14,14 AGO,Alcohol,1.0,unidad,
SIN_NUMERO,E-000048.jpg,2026-08-14,14 AGO,Jeringa hipodérmica,20.0,unidades,5 ml
SIN_NUMERO,E-000048.jpg,2026-08-14,14 AGO,Jeringa,20.0,unidades,2 ml
SIN_NUMERO,E-000048.jpg,2026-08-14,14 AGO,Jeringa,12.0,unidades,3 ml x 100
SIN_NUMERO,E-000048.jpg,2026-08-14,14 AGO,Tapabocas,1.0,caja,x 50
SIN_NUMERO,E-000048.jpg,2026-08-14,14 AGO,Equipo pericraneal,3.0,unidades,
SIN_NUMERO,E-000048.jpg,2026-08-14,14 AGO,Jeringa,10.0,unidades,5 ml
SIN_NUMERO,E-000048.jpg,2026-08-14,14 AGO,Catéter intravenoso,4.0,unidades,
SIN_NUMERO,E-000048.jpg,2026-08-14,14 AGO,Termómetro,1.0,unidad,
SIN_NUMERO,E-000048.jpg,2026-08-14,14 AGO,Pastillero,2.0,unidades,
SIN_NUMERO,E-000048.jpg,2026-08-14,14 AGO,Polipropileno,1.0,unidad,x 12
SIN_NUMERO,E-000048.jpg,2026-08-14,14 AGO,Polidioxanona,1.0,unidad,x 12
SIN_NUMERO,E-000048.jpg,2026-08-14,14 AGO,Tapabocas,3.0,unidades,x 50
SIN_NUMERO,E-000048.jpg,2026-08-14,14 AGO,Cánula nasal,4.0,unidades,
SIN_NUMERO,E-000048.jpg,2026-08-14,14 AGO,Jeringa,30.0,unidades,1 ml
SIN_NUMERO,E-000048.jpg,2026-08-14,14 AGO,Polipropileno,5.0,unidades,
SIN_NUMERO,E-000049.jpg,2026-08-14,14 Ago,Catéter de látex Foley,5.0,unidades,
SIN_NUMERO,E-000049.jpg,2026-08-14,14 Ago,Tubo endotraqueal sin balón,2.0,unidades,
SIN_NUMERO,E-000049.jpg,2026-08-14,14 Ago,Tubo endotraqueal con balón,1.0,unidades,
SIN_NUMERO,E-000049.jpg,2026-08-14,14 Ago,Catéter intravenoso,4.0,unidades,
SIN_NUMERO,E-000049.jpg,2026-08-14,14 Ago,Pañitos húmedos,3.0,paquetes,
SIN_NUMERO,E-000049.jpg,2026-08-14,14 Ago,Solución inyectable,5.0,unidades,
SIN_NUMERO,E-000049.jpg,2026-08-14,14 Ago,Jeringa estéril,3.0,unidades,20ml
SIN_NUMERO,E-000049.jpg,2026-08-14,14 Ago,Jeringa estéril,5.0,unidades,5ml
SIN_NUMERO,E-000049.jpg,2026-08-14,14 Ago,Solución inyectable,20.0,unidades,
SIN_NUMERO,E-000049.jpg,2026-08-14,14 Ago,Catéter intravenoso,2.0,unidades,x 50
SIN_NUMERO,E-000049.jpg,2026-08-14,14 Ago,Solución inyectable,30.0,unidades,250ml
SIN_NUMERO,E-000049.jpg,2026-08-14,14 Ago,Tubo endotraqueal con balón,2.0,unidades,
SIN_NUMERO,E-000049.jpg,2026-08-14,14 Ago,Cono plástico,5.0,unidades,
SIN_NUMERO,E-000049.jpg,2026-08-14,14 Ago,Paños,11.0,unidades,
SIN_NUMERO,E-000049.jpg,2026-08-14,14 Ago,Solución inyectable,3.0,unidades,
SIN_NUMERO,E-000049.jpg,2026-08-14,14 Ago,Cloruro de sodio al 0.9%,4.0,unidades,
SIN_NUMERO,E-000049.jpg,2026-08-14,14 Ago,Cánula nasal,12.0,unidades,M
SIN_NUMERO,E-000049.jpg,2026-08-14,14 Ago,Guantes plástico,1.0,cajas,x 100
SIN_NUMERO,E-000049.jpg,2026-08-14,14 Ago,Bisturí,1.0,unidades,
SIN_NUMERO,E-000049.jpg,2026-08-14,14 Ago,Jabón quirúrgico,5.0,unidades,
SIN_NUMERO,E-000049.jpg,2026-08-14,14 Ago,Tubo endotraqueal con balón,1.0,unidades,
SIN_NUMERO,E-000049.jpg,2026-08-14,14 Ago,Tubo endotraqueal largo,1.0,unidades,
SIN_NUMERO,E-000049.jpg,2026-08-14,14 Ago,Jabón antibacterial,1.0,unidades,
SIN_NUMERO,E-000050.jpg,2026-08-14,14 agosto,Venda plástica,4.0,unidades,
SIN_NUMERO,E-000050.jpg,2026-08-14,14 agosto,Jeringa estéril,4.0,unidades,3ml
SIN_NUMERO,E-000050.jpg,2026-08-14,14 agosto,Gasa estéril no tejida,23.0,unidades,
SIN_NUMERO,E-000050.jpg,2026-08-14,14 agosto,Catéter intravenoso,19.0,unidades,25mm
SIN_NUMERO,E-000050.jpg,2026-08-14,14 agosto,Jeringa hipodérmica,10.0,unidades,x 100
SIN_NUMERO,E-000050.jpg,2026-08-14,14 agosto,Solución inyectable,8.0,unidades,
SIN_NUMERO,E-000050.jpg,2026-08-14,14 agosto,Canal nasal,1.0,unidades,Adulto
SIN_NUMERO,E-000050.jpg,2026-08-14,14 agosto,Tapabocas con elástico,6.0,unidades,x 50
SIN_NUMERO,E-000050.jpg,2026-08-14,14 agosto,Bata desechable,2.0,unidades,x 50
SIN_NUMERO,E-000050.jpg,2026-08-14,14 agosto,Tubo endotraqueal con balón,20.0,unidades,
SIN_NUMERO,E-000050.jpg,2026-08-14,14 agosto,Guantes látex,4.0,cajas,x 100
SIN_NUMERO,E-000050.jpg,2026-08-14,14 agosto,Gasa no tejida,1.0,unidades,
SIN_NUMERO,E-000050.jpg,2026-08-14,14 agosto,Alcohol,8.0,unidades,
SIN_NUMERO,E-000050.jpg,2026-08-14,14 agosto,Pañitos húmedos,3.0,unidades,
SIN_NUMERO,E-000050.jpg,2026-08-14,14 agosto,Algodón,3.0,unidades,5g
SIN_NUMERO,E-000050.jpg,2026-08-14,14 agosto,Jeringa,9.0,unidades,5ml
SIN_NUMERO,E-000050.jpg,2026-08-14,14 agosto,Venda cohesiva,2.0,unidades,
SIN_NUMERO,E-000050.jpg,2026-08-14,14 agosto,Jeringa,1.0,unidades,x 100
SIN_NUMERO,E-000050.jpg,2026-08-14,14 agosto,Algodón,2.0,unidades,
SIN_NUMERO,E-000050.jpg,2026-08-14,14 agosto,Jabón azul,1.0,unidades,
SIN_NUMERO,E-000050.jpg,2026-08-14,14 agosto,Alcohol,1.0,unidades,
SIN_NUMERO,E-000051.jpg,2026-08-14,14 de Agosto,Adrenalina,4.0,unidades,1 ml
SIN_NUMERO,E-000051.jpg,2026-08-14,14 de Agosto,Lidocaina,2.0,unidades,2% x50ml
SIN_NUMERO,E-000051.jpg,2026-08-14,14 de Agosto,Meloxican,2.0,unidades,"0,2% x10ml inyectable"
SIN_NUMERO,E-000051.jpg,2026-08-14,14 de Agosto,Pinza diseccion con garra,3.0,unidades,"14,5cm"
SIN_NUMERO,E-000051.jpg,2026-08-14,14 de Agosto,Sonda acanalada,3.0,unidades,
SIN_NUMERO,E-000051.jpg,2026-08-14,14 de Agosto,Pinza mosquito recta,1.0,unidades,"12,5 cm"
SIN_NUMERO,E-000051.jpg,2026-08-14,14 de Agosto,Pinza rochester curva,3.0,unidades,14cm
SIN_NUMERO,E-000051.jpg,2026-08-14,14 de Agosto,Tijera mayo recta,2.0,unidades,14cm
SIN_NUMERO,E-000051.jpg,2026-08-14,14 de Agosto,Tijera mayo curva,1.0,unidades,14cm
SIN_NUMERO,E-000051.jpg,2026-08-14,14 de Agosto,Porta agujas mayo,3.0,unidades,x 14.5
SIN_NUMERO,E-000051.jpg,2026-08-14,14 de Agosto,Pinza rochester recta,2.0,unidades,14cm
SIN_NUMERO,E-000051.jpg,2026-08-14,14 de Agosto,Sutura Sutuvet,10.0,unidades,#1
SIN_NUMERO,E-000051.jpg,2026-08-14,14 de Agosto,Sutura Galtika,9.0,unidades,#0
SIN_NUMERO,E-000051.jpg,2026-08-14,14 de Agosto,Dextromin B,2.0,unidades,500ml
SIN_NUMERO,E-000051.jpg,2026-08-14,14 de Agosto,Cloruro de sodio,5.0,unidades,"0,9% de 500ml"
SIN_NUMERO,E-000051.jpg,2026-08-14,14 de Agosto,Buretra,2.0,unidades,150 CC
SIN_NUMERO,E-000051.jpg,2026-08-14,14 de Agosto,Venoclis,4.0,unidades,
SIN_NUMERO,E-000051.jpg,2026-08-14,14 de Agosto,Jeringa desechable,5.0,unidades,2 ml
SIN_NUMERO,E-000051.jpg,2026-08-14,14 de Agosto,Jeringa desechable,5.0,unidades,10 ml
SIN_NUMERO,E-000051.jpg,2026-08-14,14 de Agosto,Jeringa goliat,5.0,unidades,1ml insulina
SIN_NUMERO,E-000051.jpg,2026-08-14,14 de Agosto,Jeringa goliat,5.0,unidades,5 ml
SIN_NUMERO,E-000051.jpg,2026-08-14,14 de Agosto,Cateter intravenoso desechable,4.0,unidades,24
SIN_NUMERO,E-000051.jpg,2026-08-14,14 de Agosto,Cateter intravenoso desechable,4.0,unidades,22
SIN_NUMERO,E-000051.jpg,2026-08-14,14 de Agosto,Cateter intravenoso desechable,3.0,unidades,20
SIN_NUMERO,E-000051.jpg,2026-08-14,14 de Agosto,Cateter intravenoso desechable,5.0,unidades,18
SIN_NUMERO,E-000052.jpg,2026-08-14,,Catéter,19.0,unidades,
SIN_NUMERO,E-000052.jpg,2026-08-14,,Caja de adrenalina,1.0,caja,x 25
SIN_NUMERO,E-000052.jpg,2026-08-14,,Bacillius,6.0,unidades,x 50
SIN_NUMERO,E-000052.jpg,2026-08-14,,Bacillius,1.0,unidades,x 100
SIN_NUMERO,E-000052.jpg,2026-08-14,,Caja de gasa,2.0,caja,x 9 und
SIN_NUMERO,E-000052.jpg,2026-08-14,,Cánula,1.0,unidad,
SIN_NUMERO,E-000052.jpg,2026-08-14,,Jeringa,20.0,unidades,
SIN_NUMERO,E-000052.jpg,2026-08-14,,Tapones,10.0,unidades,
SIN_NUMERO,E-000052.jpg,2026-08-14,,Catéter,2.0,unidades,
SIN_NUMERO,E-000052.jpg,2026-08-14,,Sutura,15.0,unidades,x 12
SIN_NUMERO,E-000052.jpg,2026-08-14,,Sutura,1.0,unidad,x 12
SIN_NUMERO,E-000052.jpg,2026-08-14,,Solución inyectable,1.0,unidad,x 250
SIN_NUMERO,E-000052.jpg,2026-08-14,,Solución inyectable,13.0,unidades,x 500
SIN_NUMERO,E-000052.jpg,2026-08-14,,Gasas,5.0,unidades,
SIN_NUMERO,E-000052.jpg,2026-08-14,,Solución inyectable,12.0,unidades,x 500 ml
SIN_NUMERO,E-000052.jpg,2026-08-14,,Gasa,1.0,unidad,x 12
SIN_NUMERO,E-000052.jpg,2026-08-14,,Jeringas,1.0,unidad,3ml x 100
SIN_NUMERO,E-000052.jpg,2026-08-14,,Termómetro,20.0,unidades,
SIN_NUMERO,E-000052.jpg,2026-08-14,,Jeringas,20.0,unidades,
SIN_NUMERO,E-000052.jpg,2026-08-14,,Solución inyectable,3.0,unidades,x 250
SIN_NUMERO,E-000053.jpg,2026-08-14,,Solución inyectable,3.0,unidades,500ml
SIN_NUMERO,E-000053.jpg,2026-08-14,,Jeringas,90.0,unidades,
SIN_NUMERO,E-000053.jpg,2026-08-14,,Cánulas,3.0,unidades,
SIN_NUMERO,E-000053.jpg,2026-08-14,,Solución inyectable,2.0,unidades,500ml
SIN_NUMERO,E-000053.jpg,2026-08-14,,Compresor nebulizador,1.0,unidad,
SIN_NUMERO,E-000053.jpg,2026-08-14,,Tecillitas,3.0,unidades,
SIN_NUMERO,E-000053.jpg,2026-08-14,,Solución inyectable,9.0,unidades,1000ml
SIN_NUMERO,E-000053.jpg,2026-08-14,,Catéter,2.0,unidades,
SIN_NUMERO,E-000053.jpg,2026-08-14,,Tubo endotraqueal,45.0,unidades,
SIN_NUMERO,E-000053.jpg,2026-08-14,,Kits macro-goteo,2.0,unidades,
SIN_NUMERO,E-000053.jpg,2026-08-14,,Gasas precortadas,10.0,unidades,
SIN_NUMERO,E-000053.jpg,2026-08-14,,Pinza quirúrgica,26.0,unidades,
SIN_NUMERO,E-000053.jpg,2026-08-14,,Equipo para venoclisis,8.0,unidades,
SIN_NUMERO,E-000053.jpg,2026-08-14,,Tubo de solución,19.0,unidades,1000ml
SIN_NUMERO,E-000053.jpg,2026-08-14,,Gasas,5.0,unidades,200
SIN_NUMERO,E-000053.jpg,2026-08-14,,Agua oxigenada,1.0,unidad,120ml
SIN_NUMERO,E-000053.jpg,2026-08-14,,Alcohol,6.0,unidades,120ml
SIN_NUMERO,E-000053.jpg,2026-08-14,,Jeringas,30.0,unidades,
SIN_NUMERO,E-000053.jpg,2026-08-14,,Catéter,18.0,unidades,
SIN_NUMERO,E-000053.jpg,2026-08-14,,Cajas de ampolla de dexametasona,1.0,caja,25
SIN_NUMERO,E-000053.jpg,2026-08-14,,Jeringas,25.0,unidades,
SIN_NUMERO,E-000053.jpg,2026-08-14,,Solución inyectable,7.0,unidades,250ml
SIN_NUMERO,E-000054.jpg,2026-08-14,14 agosto,Tubo endotraqueal,7.0,unidades,
SIN_NUMERO,E-000054.jpg,2026-08-14,14 agosto,Gasas,11.0,unidades,
SIN_NUMERO,E-000054.jpg,2026-08-14,14 agosto,Solución de Cloruro,20.0,unidades,
SIN_NUMERO,E-000054.jpg,2026-08-14,14 agosto,Tapones,5.0,unidades,
SIN_NUMERO,E-000054.jpg,2026-08-14,14 agosto,Sutura quirúrgica,20.0,unidades,
SIN_NUMERO,E-000054.jpg,2026-08-14,14 agosto,Set de infusión,7.0,unidades,
SIN_NUMERO,E-000054.jpg,2026-08-14,14 agosto,Sistema de descenso,2.0,unidades,
SIN_NUMERO,E-000054.jpg,2026-08-14,14 agosto,Tapetes,1.0,unidades,
SIN_NUMERO,E-000054.jpg,2026-08-14,14 agosto,Caja de gasa,1.0,caja,x 20
SIN_NUMERO,E-000054.jpg,2026-08-14,14 agosto,Solución,1.0,unidad,x 500 ml
SIN_NUMERO,E-000054.jpg,2026-08-14,14 agosto,Guantes,29.0,unidades,x 50
SIN_NUMERO,E-000054.jpg,2026-08-14,14 agosto,Guantes,1.0,unidad,x 45
SIN_NUMERO,E-000054.jpg,2026-08-14,14 agosto,Jeringa,2.0,unidades,
SIN_NUMERO,E-000054.jpg,2026-08-14,14 agosto,Bolsa de basura,5.0,unidades,
SIN_NUMERO,E-000054.jpg,2026-08-14,14 agosto,Jeringas,5.0,unidades,
SIN_NUMERO,E-000054.jpg,2026-08-14,14 agosto,Jeringa de insulina,3.0,unidades,
SIN_NUMERO,E-000054.jpg,2026-08-14,14 agosto,Bolsa para desecho de médico,10.0,unidades,
SIN_NUMERO,E-000054.jpg,2026-08-14,14 agosto,Catéter,7.0,unidades,
SIN_NUMERO,E-000054.jpg,2026-08-14,14 agosto,Tubo endotraqueal,1.0,unidad,
SIN_NUMERO,E-000054.jpg,2026-08-14,14 agosto,Prueba rápida distemper,12.0,unidades,
SIN_NUMERO,E-000054.jpg,2026-08-14,14 agosto,Tubo con tapón,3.0,unidades,
SIN_NUMERO,E-000054.jpg,2026-08-14,14 agosto,Catéter,10.0,unidades,
SIN_NUMERO,E-000055.jpg,2026-08-14,,Gasas estériles,308.0,unidades,
SIN_NUMERO,E-000055.jpg,2026-08-14,,Sieris inyectables,10.0,unidades,
SIN_NUMERO,E-000055.jpg,2026-08-14,,Equipos de infusión,5.0,unidades,
SIN_NUMERO,E-000055.jpg,2026-08-14,,Catéter,10.0,unidades,
SIN_NUMERO,E-000055.jpg,2026-08-14,,Alcohol,4.0,frascos,700 ml
SIN_NUMERO,E-000055.jpg,2026-08-14,,Vendas adhesivas,7.0,unidades,
SIN_NUMERO,E-000055.jpg,2026-08-14,,Set de infusión,5.0,unidades,
SIN_NUMERO,E-000055.jpg,2026-08-14,,Jeringas,5.0,unidades,
SIN_NUMERO,E-000055.jpg,2026-08-14,,Catéter,17.0,unidades,
SIN_NUMERO,E-000055.jpg,2026-08-14,,Suero fisiológico,8.0,unidades,
SIN_NUMERO,E-000055.jpg,2026-08-14,,Gasas,24.0,unidades,
SIN_NUMERO,E-000055.jpg,2026-08-14,,Hojas de afeitar,5.0,unidades,
SIN_NUMERO,E-000055.jpg,2026-08-14,,Tapones,3.0,unidades,
SIN_NUMERO,E-000055.jpg,2026-08-14,,Alcohol,1.0,frascos,
SIN_NUMERO,E-000055.jpg,2026-08-14,,Tapones,3.0,unidades,
SIN_NUMERO,E-000055.jpg,2026-08-14,,Caja de cubetas,3.0,cajas,
SIN_NUMERO,E-000055.jpg,2026-08-14,,Caja de guantes,2.0,cajas,
SIN_NUMERO,E-000055.jpg,2026-08-14,,Vendas,7.0,unidades,
SIN_NUMERO,E-000055.jpg,2026-08-14,,Canulas,2.0,unidades,
SIN_NUMERO,E-000055.jpg,2026-08-14,,Gasas,100.0,unidades,x 20
SIN_NUMERO,E-000055.jpg,2026-08-14,,Agujas,6.0,unidades,3 ml
SIN_NUMERO,E-000055.jpg,2026-08-14,,Agujas,100.0,unidades,5 ml
SIN_NUMERO,E-000055.jpg,2026-08-14,,Compresa,1.0,unidades,
SIN_NUMERO,E-000056.jpg,2026-08-14,,Equipo bureta,1.0,unidades,
SIN_NUMERO,E-000056.jpg,2026-08-14,,Jeringa,100.0,unidades,x 50
SIN_NUMERO,E-000056.jpg,2026-08-14,,Solución inyectable,1.0,unidades,x 100
SIN_NUMERO,E-000056.jpg,2026-08-14,,Esparadrapo,2.0,unidades,
SIN_NUMERO,E-000056.jpg,2026-08-14,,Agujas hipodérmicas,5.0,unidades,
SIN_NUMERO,E-000056.jpg,2026-08-14,,Catéter,12.0,unidades,
SIN_NUMERO,E-000056.jpg,2026-08-14,,Jeringa,10.0,unidades,
SIN_NUMERO,E-000056.jpg,2026-08-14,,Cánula,33.0,unidades,
SIN_NUMERO,E-000056.jpg,2026-08-14,,Jeringa,4.0,unidades,
SIN_NUMERO,E-000056.jpg,2026-08-14,,Jeringa,16.0,unidades,
SIN_NUMERO,E-000056.jpg,2026-08-14,,Suturas,2.0,unidades,
SIN_NUMERO,E-000056.jpg,2026-08-14,,Desinfectante,6.0,unidades,
SIN_NUMERO,E-000056.jpg,2026-08-14,,Paños,12.0,unidades,
SIN_NUMERO,E-000056.jpg,2026-08-14,,Solución Hartman,1.0,unidades,
SIN_NUMERO,E-000056.jpg,2026-08-14,,Jeringa,4.0,unidades,
SIN_NUMERO,E-000056.jpg,2026-08-14,,Guantes,51.0,unidades,x 100
SIN_NUMERO,E-000056.jpg,2026-08-14,,Algodón,1.0,unidades,x 50
SIN_NUMERO,E-000056.jpg,2026-08-14,,Solución antiséptica,2.0,unidades,
SIN_NUMERO,E-000057.jpg,2026-08-14,,Sutura quirúrgica,36.0,unidades,
SIN_NUMERO,E-000057.jpg,2026-08-14,,Sondas,60.0,unidades,
SIN_NUMERO,E-000057.jpg,2026-08-14,,Solución inyectable,20.0,unidades,
SIN_NUMERO,E-000057.jpg,2026-08-14,,Tubo endotraqueal,36.0,unidades,
SIN_NUMERO,E-000057.jpg,2026-08-14,,Tijeras quirúrgicas,44.0,unidades,
SIN_NUMERO,E-000057.jpg,2026-08-14,,Sonda foley,3.0,unidades,
SIN_NUMERO,E-000057.jpg,2026-08-14,,Solución inyectable,4.0,unidades,
SIN_NUMERO,E-000057.jpg,2026-08-14,,Tapabocas,10.0,unidades,
SIN_NUMERO,E-000057.jpg,2026-08-14,,Gasa estéril,10.0,unidades,
SIN_NUMERO,E-000057.jpg,2026-08-14,,Pinzas,12.0,unidades,
SIN_NUMERO,E-000057.jpg,2026-08-14,,Suturas,6.0,unidades,
SIN_NUMERO,E-000057.jpg,2026-08-14,,Silla secretarial,2.0,unidades,
SIN_NUMERO,E-000057.jpg,2026-08-14,,Guantes,6.0,unidades,
SIN_NUMERO,E-000057.jpg,2026-08-14,,Solución salina,3.0,unidades,
SIN_NUMERO,E-000057.jpg,2026-08-14,,Tapabocas,1.0,unidades,
SIN_NUMERO,E-000057.jpg,2026-08-14,,Rollo micropore,3.0,unidades,
SIN_NUMERO,E-000057.jpg,2026-08-14,,Rollo venda,1.0,unidades,
SIN_NUMERO,E-000057.jpg,2026-08-14,,Equipo para venoclisis,4.0,unidades,
SIN_NUMERO,E-000057.jpg,2026-08-14,,Agua estéril,99.0,ml,
SIN_NUMERO,E-000057.jpg,2026-08-14,,Jeringas,2.0,unidades,
SIN_NUMERO,E-000057.jpg,2026-08-14,,Equipo de suturas,2.0,unidades,
SIN_NUMERO,E-000057.jpg,2026-08-14,,Solución,2.0,unidades,
SIN_NUMERO,E-000058.jpg,2026-08-14,,Alcohol,1.0,frasco,
SIN_NUMERO,E-000058.jpg,2026-08-14,,Positos húmedos,10.0,unidades,
SIN_NUMERO,E-000058.jpg,2026-08-14,,Jeringa 1ml,4.0,unidades,
SIN_NUMERO,E-000058.jpg,2026-08-14,,Jeringa 3ml,4.0,unidades,
SIN_NUMERO,E-000058.jpg,2026-08-14,,Jeringa 5ml,3.0,unidades,
SIN_NUMERO,E-000058.jpg,2026-08-14,,Pañito húmedo,2.0,paquetes,
SIN_NUMERO,E-000058.jpg,2026-08-14,,Sonda,30.0,unidades,
SIN_NUMERO,E-000058.jpg,2026-08-14,,Guante quirúrgico,2.0,pares,
SIN_NUMERO,E-000058.jpg,2026-08-14,,Tubo endotraqueal,15.0,unidades,
SIN_NUMERO,E-000058.jpg,2026-08-14,,Gasa estéril,24.0,paquetes,
SIN_NUMERO,E-000058.jpg,2026-08-14,,Suturas,20.0,unidades,
SIN_NUMERO,E-000058.jpg,2026-08-14,,Tapabocas,30.0,unidades,
SIN_NUMERO,E-000058.jpg,2026-08-14,,Solución inyectable,1.0,frasco,
SIN_NUMERO,E-000058.jpg,2026-08-14,,Suturas,14.0,unidades,
SIN_NUMERO,E-000058.jpg,2026-08-14,,Venda cohesiva,2.0,rollos,
SIN_NUMERO,E-000058.jpg,2026-08-14,,Rollos de venda,1.0,rollos,
SIN_NUMERO,E-000058.jpg,2026-08-14,,Algodón,24.0,paquetes,
SIN_NUMERO,E-000058.jpg,2026-08-14,,Sobre de gasa,10.0,sobres,
SIN_NUMERO,E-000058.jpg,2026-08-14,,Solución salina,9.0,bolsas,
SIN_NUMERO,E-000058.jpg,2026-08-14,,Suturas,2.0,unidades,
SIN_NUMERO,E-000058.jpg,2026-08-14,,Alcohol,7.0,frascos,
SIN_NUMERO,E-000058.jpg,2026-08-14,,Solución antiséptica,1.0,frasco,
SIN_NUMERO,E-000058.jpg,2026-08-14,,Guantes,1.0,caja,
SIN_NUMERO,E-000058.jpg,2026-08-14,,Nebulizador,1.0,unidad,
SIN_NUMERO,E-000059.jpg,2026-08-14,14 Agosto,Pañitos húmedos,6.0,unidades,
SIN_NUMERO,E-000059.jpg,2026-08-14,14 Agosto,Solución inyectable,15.0,unidades,
SIN_NUMERO,E-000059.jpg,2026-08-14,14 Agosto,Alcohol,3.0,frascos,3.8L
SIN_NUMERO,E-000059.jpg,2026-08-14,14 Agosto,Pañal canino,1.0,paquete,x 12
SIN_NUMERO,E-000059.jpg,2026-08-14,14 Agosto,Gasas,6.0,paquetes,x 3
SIN_NUMERO,E-000059.jpg,2026-08-14,14 Agosto,Guantes,12.0,cajas,x 100
SIN_NUMERO,E-000059.jpg,2026-08-14,14 Agosto,Algodón,6.0,unidades,
SIN_NUMERO,E-000059.jpg,2026-08-14,14 Agosto,Vendas,4.0,unidades,
SIN_NUMERO,E-000059.jpg,2026-08-14,14 Agosto,Sobres de gasa,24.0,unidades,
SIN_NUMERO,E-000059.jpg,2026-08-14,14 Agosto,Vendas blancas,2.0,unidades,
SIN_NUMERO,E-000059.jpg,2026-08-14,14 Agosto,Jeringas,106.0,unidades,
SIN_NUMERO,E-000059.jpg,2026-08-14,14 Agosto,Solución inyectable,31.0,unidades,
SIN_NUMERO,E-000059.jpg,2026-08-14,14 Agosto,Bolsas plásticas,1.0,unidades,
SIN_NUMERO,E-000059.jpg,2026-08-14,14 Agosto,Pañitos húmedos,4.0,unidades,x 50
SIN_NUMERO,E-000059.jpg,2026-08-14,14 Agosto,Solución salina,10.0,unidades,
SIN_NUMERO,E-000059.jpg,2026-08-14,14 Agosto,Gasas estériles,12.0,unidades,
SIN_NUMERO,E-000059.jpg,2026-08-14,14 Agosto,Jeringa,5.0,unidades,1ml
SIN_NUMERO,E-000059.jpg,2026-08-14,14 Agosto,Catéter intravenoso,5.0,unidades,18G
SIN_NUMERO,E-000059.jpg,2026-08-14,14 Agosto,Catéter intravenoso,4.0,unidades,20G
SIN_NUMERO,E-000059.jpg,2026-08-14,14 Agosto,Cánula nasal,1.0,unidades,
SIN_NUMERO,E-000059.jpg,2026-08-14,14 Agosto,Tapones heparinizados,10.0,unidades,K100
SIN_NUMERO,E-000059.jpg,2026-08-14,14 Agosto,Pañitos húmedos,5.0,unidades,
SIN_NUMERO,E-000060.jpg,2026-08-14,14/08/26,Guantes,5.0,cajas,1x100
SIN_NUMERO,E-000060.jpg,2026-08-14,14/08/26,Solución Salina,2.0,cajas,2x20
SIN_NUMERO,E-000060.jpg,2026-08-14,14/08/26,Gasas,1.0,caja,1x700ml
SIN_NUMERO,E-000060.jpg,2026-08-14,14/08/26,Alcohol,1.0,caja,1x100
SIN_NUMERO,E-000060.jpg,2026-08-14,14/08/26,Micropore,5.0,cajas,
SIN_NUMERO,E-000060.jpg,2026-08-14,14/08/26,Solución Salina,10.0,unidades,
SIN_NUMERO,E-000060.jpg,2026-08-14,14/08/26,Sondas,20.0,unidades,
SIN_NUMERO,E-000060.jpg,2026-08-14,14/08/26,Jeringas con catéter,1.0,unidad,
SIN_NUMERO,E-000060.jpg,2026-08-14,14/08/26,Compresor nebulizador,2.0,unidades,
SIN_NUMERO,E-000060.jpg,2026-08-14,14/08/26,Sistemas de disección,20.0,unidades,
SIN_NUMERO,E-000060.jpg,2026-08-14,14/08/26,Sondas,6.0,unidades,
SIN_NUMERO,E-000060.jpg,2026-08-14,14/08/26,Tubo endotraqueal,10.0,unidades,
SIN_NUMERO,E-000060.jpg,2026-08-14,14/08/26,Cánula nasal,5.0,unidades,
SIN_NUMERO,E-000060.jpg,2026-08-14,14/08/26,Kits sutura,20.0,unidades,
SIN_NUMERO,E-000060.jpg,2026-08-14,14/08/26,Tapones heparinizados,2.0,paquetes,
SIN_NUMERO,E-000060.jpg,2026-08-14,14/08/26,Guantes quirúrgicos,1.0,caja,50
SIN_NUMERO,E-000060.jpg,2026-08-14,14/08/26,Tapetes absorbentes,2.0,unidades,
SIN_NUMERO,E-000060.jpg,2026-08-14,14/08/26,Paños húmedos,2.0,unidades,
SIN_NUMERO,E-000060.jpg,2026-08-14,14/08/26,Solución salina,2.0,cajas,
SIN_NUMERO,E-000060.jpg,2026-08-14,14/08/26,Kit de sutura,7.0,unidades,
SIN_NUMERO,E-000061.jpg,2026-08-14,8-14-24,Juguetes para perro,4.0,unidades,
SIN_NUMERO,E-000061.jpg,2026-08-14,8-14-24,Platos para perro,10.0,unidades,
SIN_NUMERO,E-000061.jpg,2026-08-14,8-14-24,Gacales,4.0,unidades,
SIN_NUMERO,E-000061.jpg,2026-08-14,8-14-24,Collares,20.0,unidades,
SIN_NUMERO,E-000062.jpg,2026-08-14,14-08-26,Collares,20.0,unidades,
SIN_NUMERO,E-000062.jpg,2026-08-14,14-08-26,Comederos,15.0,unidades,
SIN_NUMERO,E-000062.jpg,2026-08-14,14-08-26,Cama grande,2.0,unidades,
SIN_NUMERO,E-000062.jpg,2026-08-14,14-08-26,Comederos medianos,10.0,unidades,
SIN_NUMERO,E-000062.jpg,2026-08-14,14-08-26,Camas estándar,5.0,unidades,
SIN_NUMERO,E-000062.jpg,2026-08-14,14-08-26,Collares,20.0,unidades,
SIN_NUMERO,E-000062.jpg,2026-08-14,14-08-26,Baldes,10.0,unidades,
SIN_NUMERO,E-000062.jpg,2026-08-14,14-08-26,Comederos,2.0,unidades,
SIN_NUMERO,E-000062.jpg,2026-08-14,14-08-26,Camas,20.0,unidades,
SIN_NUMERO,E-000062.jpg,2026-08-14,14-08-26,Comederos,10.0,unidades,
SIN_NUMERO,E-000062.jpg,2026-08-14,14-08-26,Collares,50.0,unidades,
SIN_NUMERO,E-000062.jpg,2026-08-14,14-08-26,Guacales tela,10.0,unidades,
SIN_NUMERO,E-000062.jpg,2026-08-14,14-08-26,Guacales tela,5.0,unidades,
SIN_NUMERO,E-000062.jpg,2026-08-14,14-08-26,Quercetol,1.0,unidades,
SIN_NUMERO,E-000062.jpg,2026-08-14,14-08-26,Hemolitan,10.0,unidades,
SIN_NUMERO,E-000062.jpg,2026-08-14,14-08-26,Camas estándar,20.0,unidades,
SIN_NUMERO,E-000062.jpg,2026-08-14,14-08-26,Areneros,10.0,unidades,
SIN_NUMERO,E-000062.jpg,2026-08-14,14-08-26,Electrolítico,4.0,unidades,
SIN_NUMERO,E-000062.jpg,2026-08-14,14-08-26,Guacal tela,1.0,unidades,
SIN_NUMERO,E-000063.jpg,2026-08-14,14-08-26,Guacal pequeño,1.0,unidad,
SIN_NUMERO,E-000063.jpg,2026-08-14,14-08-26,Balde,5.0,unidades,
SIN_NUMERO,E-000063.jpg,2026-08-14,14-08-26,Toallas absorbentes,2.0,paquetes,
SIN_NUMERO,E-000063.jpg,2026-08-14,14-08-26,Collares,10.0,unidades,
SIN_NUMERO,E-000063.jpg,2026-08-14,14-08-26,Areneros,1.0,unidad,
SIN_NUMERO,E-000063.jpg,2026-08-14,14-08-26,Escoba,1.0,unidad,
SIN_NUMERO,E-000063.jpg,2026-08-14,14-08-26,Recogedor,1.0,unidad,
SIN_NUMERO,E-000064.jpg,2026-08-14,11/Ago/26,Freegen gel,17.0,unidades,
SIN_NUMERO,E-000064.jpg,2026-08-14,11/Ago/26,Hialtears,17.0,unidades,
SIN_NUMERO,E-000064.jpg,2026-08-14,11/Ago/26,Lagrigen,4.0,unidades,
SIN_NUMERO,E-000064.jpg,2026-08-14,11/Ago/26,Spidr tears,5.0,unidades,
SIN_NUMERO,E-000064.jpg,2026-08-14,11/Ago/26,Carmelub,3.0,unidades,
SIN_NUMERO,E-000064.jpg,2026-08-14,11/Ago/26,Eyetears,5.0,unidades,
SIN_NUMERO,E-000064.jpg,2026-08-14,11/Ago/26,Carmelub,7.0,unidades,
SIN_NUMERO,E-000064.jpg,2026-08-14,11/Ago/26,Colirio-100,2.0,unidades,
SIN_NUMERO,E-000064.jpg,2026-08-14,11/Ago/26,Humylub,5.0,unidades,
SIN_NUMERO,E-000064.jpg,2026-08-14,11/Ago/26,Kielalgic,4.0,unidades,
SIN_NUMERO,E-000064.jpg,2026-08-14,11/Ago/26,Halidol,5.0,unidades,
SIN_NUMERO,E-000064.jpg,2026-08-14,11/Ago/26,Colirio,4.0,unidades,
SIN_NUMERO,E-000064.jpg,2026-08-14,11/Ago/26,Triaqex,2.0,unidades,
SIN_NUMERO,E-000064.jpg,2026-08-14,11/Ago/26,Opticam,4.0,unidades,
SIN_NUMERO,E-000064.jpg,2026-08-14,11/Ago/26,Tranquilan,3.0,unidades,
SIN_NUMERO,E-000064.jpg,2026-08-14,11/Ago/26,Anraten,5.0,unidades,
SIN_NUMERO,E-000064.jpg,2026-08-14,11/Ago/26,Aminolyte,11.0,unidades,
SIN_NUMERO,E-000064.jpg,2026-08-14,11/Ago/26,Oftal moori lub,4.0,unidades,
SIN_NUMERO,E-000064.jpg,2026-08-14,11/Ago/26,Septiderm,5.0,unidades,
SIN_NUMERO,E-000064.jpg,2026-08-14,11/Ago/26,Tramadol,3.0,unidades,iny 4mg/ml
SIN_NUMERO,E-000064.jpg,2026-08-14,11/Ago/26,Lagrimart,3.0,unidades,
SIN_NUMERO,E-000064.jpg,2026-08-14,11/Ago/26,Dexametasona,3.0,unidades,
SIN_NUMERO,E-000065.jpg,2026-08-14,14/08/26,Wescohex jabón,2.0,bolsas,120 ml
SIN_NUMERO,E-000065.jpg,2026-08-14,14/08/26,Wescohex jabón,8.0,bolsas,30 ml
SIN_NUMERO,E-000065.jpg,2026-08-14,14/08/26,Polypropylene,6.0,sutura,variada
SIN_NUMERO,E-000065.jpg,2026-08-14,14/08/26,Caniforte,3.0,frascos,25e 10 ml
SIN_NUMERO,E-000065.jpg,2026-08-14,14/08/26,Meloxipet,1.0,frasco,100 gr
SIN_NUMERO,E-000065.jpg,2026-08-14,14/08/26,Veldemint,2.0,cajas,perro 5-10 kg
SIN_NUMERO,E-000065.jpg,2026-08-14,14/08/26,Nexgard,2.0,cajas,perro 2-4 kg
SIN_NUMERO,E-000065.jpg,2026-08-14,14/08/26,Nexgard,2.0,cajas,perro 10.1-25 kg
SIN_NUMERO,E-000065.jpg,2026-08-14,14/08/26,Meloxicam,3.0,frascos,0.15% 10 ml
SIN_NUMERO,E-000065.jpg,2026-08-14,14/08/26,Canes Full Spot,2.0,cajas,11-25 kg
SIN_NUMERO,E-000065.jpg,2026-08-14,14/08/26,Simparica,2.0,cajas,40 mg 10-20 kg
SIN_NUMERO,E-000065.jpg,2026-08-14,14/08/26,Simparica,2.0,cajas,10 mg 2.5-5 kg
SIN_NUMERO,E-000065.jpg,2026-08-14,14/08/26,Simparica Trio,2.0,cajas,24 mg 10-20 kg
SIN_NUMERO,E-000065.jpg,2026-08-14,14/08/26,Simparica Trio,2.0,cajas,12 mg 5-10 kg
SIN_NUMERO,E-000065.jpg,2026-08-14,14/08/26,Simparica,2.0,cajas,40 mg 10-20 kg
SIN_NUMERO,E-000065.jpg,2026-08-14,14/08/26,Ocrevet crema,4.0,frascos,30 gr
SIN_NUMERO,E-000065.jpg,2026-08-14,14/08/26,Epinefrina,20.0,ampollas,1 ml/1 mg
SIN_NUMERO,E-000065.jpg,2026-08-14,14/08/26,Fluimucil,3.0,ampollas,3 ml
SIN_NUMERO,E-000065.jpg,2026-08-14,14/08/26,Dexametasona,1.0,ampolla,4 mg/1 ml
SIN_NUMERO,E-000065.jpg,2026-08-14,14/08/26,Dexametasona,3.0,ampollas,4 mg/1 ml
SIN_NUMERO,E-000065.jpg,2026-08-14,14/08/26,Gentamicina,5.0,gotas,8 ml
SIN_NUMERO,E-000065.jpg,2026-08-14,14/08/26,Tears Lágrimas,2.0,cajas,160 mg/2 ml
SIN_NUMERO,E-000065.jpg,2026-08-14,14/08/26,Nexgard,15.0,unidades,perro 4.1-10 kg variadas
SIN_NUMERO,E-000066.jpg,2026-08-14,14/8/26,Hexaderm crema,1.0,tubo,35 gr
SIN_NUMERO,E-000066.jpg,2026-08-14,14/8/26,Enrofloxacina,10.0,tabletas,1/30
SIN_NUMERO,E-000066.jpg,2026-08-14,14/8/26,Ketocol inyectable,1.0,frasco,50 ml
SIN_NUMERO,E-000066.jpg,2026-08-14,14/8/26,Clindamicina,16.0,tabletas,300 mg
SIN_NUMERO,E-000066.jpg,2026-08-14,14/8/26,Cefalexina,5.0,tabletas,500 mg
SIN_NUMERO,E-000066.jpg,2026-08-14,14/8/26,Pedicorten,0.0,n/a,vencido
SIN_NUMERO,E-000066.jpg,2026-08-14,14/8/26,Acetilcisteína,2.0,ampollas,300 mg/3 ml
SIN_NUMERO,E-000066.jpg,2026-08-14,14/8/26,Diramox L.A.,1.0,frasco,100 ml
SIN_NUMERO,E-000066.jpg,2026-08-14,14/8/26,Metoclopramida,22.0,tabletas,10 mg
SIN_NUMERO,E-000066.jpg,2026-08-14,14/8/26,Sustane Ultra,1.0,frasco,2.5 ml
SIN_NUMERO,E-000066.jpg,2026-08-14,14/8/26,Sustane Ultra,1.0,frasco,10 ml
SIN_NUMERO,E-000066.jpg,2026-08-14,14/8/26,Vioxin 2.3%,2.0,frascos,10 ml
SIN_NUMERO,E-000066.jpg,2026-08-14,14/8/26,Ketobest,2.0,frascos,10 ml
SIN_NUMERO,E-000066.jpg,2026-08-14,14/8/26,Meloxicam 0.5%,1.0,frasco,250 ml
SIN_NUMERO,E-000066.jpg,2026-08-14,14/8/26,Aurotel,1.0,frasco,60 ml
SIN_NUMERO,E-000066.jpg,2026-08-14,14/8/26,Vioxin 2%,1.0,frasco,60 gr
SIN_NUMERO,E-000066.jpg,2026-08-14,14/8/26,Gusantol NF,3.0,frascos,120 ml
SIN_NUMERO,E-000066.jpg,2026-08-14,14/8/26,Ixef 080,1.0,frasco,120 ml
SIN_NUMERO,E-000066.jpg,2026-08-14,14/8/26,Ciclopac,1.0,tubo,15 gr
SIN_NUMERO,E-000066.jpg,2026-08-14,14/8/26,Dermomax,6.0,frascos,10 ml
SIN_NUMERO,E-000066.jpg,2026-08-14,14/8/26,Meloxicam 0.15%,4.0,frascos,10 ml
SIN_NUMERO,E-000066.jpg,2026-08-14,14/8/26,Neo IBP,1.0,frasco,30 ml
SIN_NUMERO,E-000066.jpg,2026-08-14,14/8/26,Galtika sutura,20.0,cajas,c/u
SIN_NUMERO,E-000066.jpg,2026-08-14,14/8/26,Aminolyte,1.0,frasco,500 ml
SIN_NUMERO,E-000067.jpg,2026-08-14,14/09/2026,Duo recuadro,1.0,unidades,2ml
SIN_NUMERO,E-000067.jpg,2026-08-14,14/09/2026,Albendazol 600,2.0,unidades,20.7g
SIN_NUMERO,E-000067.jpg,2026-08-14,14/09/2026,Sales hidratación,1.0,unidades,40ml
SIN_NUMERO,E-000067.jpg,2026-08-14,14/09/2026,Lidocaína,5.0,unidades,30g
SIN_NUMERO,E-000067.jpg,2026-08-14,14/09/2026,Dexametasona,5.0,unidades,100g
SIN_NUMERO,E-000067.jpg,2026-08-14,14/09/2026,Meloxicam,15.0,unidades,4mg/ml
SIN_NUMERO,E-000067.jpg,2026-08-14,14/09/2026,Meloxicam proc 0.1%,10.0,unidades,10ml
SIN_NUMERO,E-000067.jpg,2026-08-14,14/09/2026,Quetoprofeno,2.0,unidades,10ml
SIN_NUMERO,E-000067.jpg,2026-08-14,14/09/2026,Aminofilina,3.0,unidades,10u
SIN_NUMERO,E-000067.jpg,2026-08-14,14/09/2026,Etolacato vet,5.0,unidades,5mg
SIN_NUMERO,E-000067.jpg,2026-08-14,14/09/2026,Anikora,2.0,unidades,50ml
SIN_NUMERO,E-000067.jpg,2026-08-14,14/09/2026,Midazolam,3.0,unidades,10g
SIN_NUMERO,E-000067.jpg,2026-08-14,14/09/2026,Metamizol,3.0,unidades,50mg/ml
SIN_NUMERO,E-000067.jpg,2026-08-14,14/09/2026,Metamizol,3.0,unidades,10ml
SIN_NUMERO,E-000067.jpg,2026-08-14,14/09/2026,Cefalexina,2.0,unidades,15ml
SIN_NUMERO,E-000067.jpg,2026-08-14,14/09/2026,Material,4.0,unidades,25mg
SIN_NUMERO,E-000067.jpg,2026-08-14,14/09/2026,Nebulizador,1.0,unidades,500g
SIN_NUMERO,E-000067.jpg,2026-08-14,14/09/2026,Bismo-pet,4.0,unidades,120ml
SIN_NUMERO,E-000068.jpg,2026-08-14,14/8/26,B-tex,3.0,frascos,60 ml
SIN_NUMERO,E-000068.jpg,2026-08-14,14/8/26,Meloxiproc,4.0,frascos,0.15% / 10ml
SIN_NUMERO,E-000068.jpg,2026-08-14,14/8/26,Doxifig,1.0,frasco,30 ml
SIN_NUMERO,E-000068.jpg,2026-08-14,14/8/26,Spectra del gotas,1.0,frasco,10 ml
SIN_NUMERO,E-000068.jpg,2026-08-14,14/8/26,Canisan F,1.0,frasco,10 ml
SIN_NUMERO,E-000068.jpg,2026-08-14,14/8/26,Paracodina,3.0,frascos,2.42 mg
SIN_NUMERO,E-000068.jpg,2026-08-14,14/8/26,Meloxic,1.0,frasco,10 ml
SIN_NUMERO,E-000068.jpg,2026-08-14,14/8/26,Meloxipet,1.0,frasco,0.15% / 10ml
SIN_NUMERO,E-000068.jpg,2026-08-14,14/8/26,Vita Vet C,1.0,frasco,30 ml
SIN_NUMERO,E-000068.jpg,2026-08-14,14/8/26,Cannabis,3.0,frascos,1% / 30 ml
SIN_NUMERO,E-000068.jpg,2026-08-14,14/8/26,Aciflux,2.0,frascos,50 ml
SIN_NUMERO,E-000068.jpg,2026-08-14,14/8/26,Meloxiproc,2.0,frascos,10 ml / 0.15%
SIN_NUMERO,E-000068.jpg,2026-08-14,14/8/26,Traumeel,3.0,unidades,50 tabletas
SIN_NUMERO,E-000068.jpg,2026-08-14,14/8/26,Glicopan Pet,1.0,frasco,ALT
SIN_NUMERO,E-000068.jpg,2026-08-14,14/8/26,Liv 52,1.0,frasco,110 ml
SIN_NUMERO,E-000068.jpg,2026-08-14,14/8/26,Mirrapel,1.0,frasco,120 ml
SIN_NUMERO,E-000068.jpg,2026-08-14,14/8/26,Quinodiar,1.0,frasco,30 ml
SIN_NUMERO,E-000068.jpg,2026-08-14,14/8/26,Metronidazol,1.0,frasco,10 ml
SIN_NUMERO,E-000068.jpg,2026-08-14,14/8/26,Canisan D,1.0,frasco,15 ml
SIN_NUMERO,E-000068.jpg,2026-08-14,14/8/26,Total F,1.0,frasco,5 ml
SIN_NUMERO,E-000068.jpg,2026-08-14,14/8/26,Ventilan,1.0,frasco,10 ml
SIN_NUMERO,E-000068.jpg,2026-08-14,14/8/26,Emetibest,1.0,frasco,10 ml
SIN_NUMERO,E-000069.jpg,2026-08-14,14/8/26,METOCLOPRAMIDA,1.0,frascos,60 ML 4MG/30ML
SIN_NUMERO,E-000069.jpg,2026-08-14,14/8/26,HEMOLITAN,2.0,frascos,60 ML
SIN_NUMERO,E-000069.jpg,2026-08-14,14/8/26,TRANEXAM,10.0,tabletas,500 MG
SIN_NUMERO,E-000069.jpg,2026-08-14,14/8/26,METOCLOPRAMIDA,1.0,frascos,10 ML 4MG/30ML
SIN_NUMERO,E-000069.jpg,2026-08-14,14/8/26,CANISAN D,1.0,frascos,10 ML
SIN_NUMERO,E-000069.jpg,2026-08-14,14/8/26,TRAMADOL,5.0,frascos,10 MG/10%
SIN_NUMERO,E-000069.jpg,2026-08-14,14/8/26,VIOXIN 2.3%,5.0,frascos,60 ML
SIN_NUMERO,E-000069.jpg,2026-08-14,14/8/26,VISOFT,11.0,frascos,120 ML
SIN_NUMERO,E-000069.jpg,2026-08-14,14/8/26,IXEL 0.80,1.0,frascos,120 ML
SIN_NUMERO,E-000069.jpg,2026-08-14,14/8/26,BAXIDIN,4.0,frascos,300 ML
SIN_NUMERO,E-000069.jpg,2026-08-14,14/8/26,CLORHEXIN SPRAY,4.0,frascos,120 ML
SIN_NUMERO,E-000069.jpg,2026-08-14,14/8/26,SEPTIDERM E,38.0,frascos,500 ML
SIN_NUMERO,E-000069.jpg,2026-08-14,14/8/26,DEXTROMIN-B,4.0,frascos,60 ML
SIN_NUMERO,E-000069.jpg,2026-08-14,14/8/26,IXEL 0.80,2.0,frascos,60 ML
SIN_NUMERO,E-000069.jpg,2026-08-14,14/8/26,ISODINE,2.0,frascos,120 ML
SIN_NUMERO,E-000069.jpg,2026-08-14,14/8/26,VETISULE,1.0,frascos,60 ML
SIN_NUMERO,E-000069.jpg,2026-08-14,14/8/26,KLINADINE,1.0,frascos,60 ML
SIN_NUMERO,E-000069.jpg,2026-08-14,14/8/26,IXEL 0.80,2.0,frascos,120 ML
SIN_NUMERO,E-000069.jpg,2026-08-14,14/8/26,VIOXIN 2%,1.0,frascos,120 ML
SIN_NUMERO,E-000069.jpg,2026-08-14,14/8/26,EDO 5,1.0,frascos,50 ML
SIN_NUMERO,E-000069.jpg,2026-08-14,14/8/26,SEPTIDERM E,1.0,frascos,120 ML
SIN_NUMERO,E-000069.jpg,2026-08-14,14/8/26,SANIX AH,1.0,frascos,60 ML
SIN_NUMERO,E-000069.jpg,2026-08-14,14/8/26,BAXIDIN,1.0,frascos,60 ML
SIN_NUMERO,E-000070.jpg,2026-08-14,14/8/26,JABON 200,1.0,unidades,30GR
SIN_NUMERO,E-000070.jpg,2026-08-14,14/8/26,PET MED JABON,1.0,unidades,15GR
SIN_NUMERO,E-000070.jpg,2026-08-14,14/8/26,SUTUVET,5.0,unidades,90CM
SIN_NUMERO,E-000070.jpg,2026-08-14,14/8/26,ADRENALINA,1.0,ampollas,1ML/1MG
SIN_NUMERO,E-000070.jpg,2026-08-14,14/8/26,KETO BEST,2.0,frascos,50ML
SIN_NUMERO,E-000070.jpg,2026-08-14,14/8/26,MELOXICAM,1.0,frascos,15MG/1.5ML
SIN_NUMERO,E-000070.jpg,2026-08-14,14/8/26,MELOXIPROC 0.5M,2.0,frascos,10ML
SIN_NUMERO,E-000070.jpg,2026-08-14,14/8/26,APETIL,3.0,frascos,10ML
SIN_NUMERO,E-000070.jpg,2026-08-14,14/8/26,FITOVETE,2.0,frascos,32GR
SIN_NUMERO,E-000070.jpg,2026-08-14,14/8/26,COLIRIO,1.0,frascos,10ML
SIN_NUMERO,E-000070.jpg,2026-08-14,14/8/26,RENAL BALANCE,60.0,tabletas,1 TARRO
SIN_NUMERO,E-000070.jpg,2026-08-14,14/8/26,S-TOM MASCOTAS,1.0,frascos,270GR
SIN_NUMERO,E-000070.jpg,2026-08-14,14/8/26,AMINOLITE,2.0,frascos,500ML
SIN_NUMERO,E-000070.jpg,2026-08-14,14/8/26,AMINOLITE,2.0,frascos,250ML
SIN_NUMERO,E-000070.jpg,2026-08-14,14/8/26,MEGLUNIX,20.0,tabletas,2MG
SIN_NUMERO,E-000070.jpg,2026-08-14,14/8/26,ALGICAN PETS,2.0,frascos,100ML
SIN_NUMERO,E-000070.jpg,2026-08-14,14/8/26,AMINOCOMPLEAN,60.0,cápsulas,20MG
SIN_NUMERO,E-000070.jpg,2026-08-14,14/8/26,PLAZED,2.0,frascos,300ML
SIN_NUMERO,E-000070.jpg,2026-08-14,14/8/26,BAXIDIN,40.0,tabletas,PERRO 30KG 100MG
SIN_NUMERO,E-000070.jpg,2026-08-14,14/8/26,ENDOGARD 30,1.0,frascos,5ML
SIN_NUMERO,E-000070.jpg,2026-08-14,14/8/26,CIPROVET GOTAS,1.0,frascos,10ML
SIN_NUMERO,E-000070.jpg,2026-08-14,14/8/26,KETONEL,1.0,frascos,5ML
SIN_NUMERO,E-000070.jpg,2026-08-14,14/8/26,OFTALMOTRIMAX,1.0,frascos,3.5GR
SIN_NUMERO,E-000070.jpg,2026-08-14,14/8/26,EPITELIZANTE OCULAR,1.0,frascos,3.5GR
SIN_NUMERO,E-000071.jpg,2026-08-14,14/8/26,Sustane Ultra,1.0,frasco,2.5 ml
SIN_NUMERO,E-000071.jpg,2026-08-14,14/8/26,Nexgard (perro),2.0,cajas,2-3.5 kg
SIN_NUMERO,E-000071.jpg,2026-08-14,14/8/26,Rondel,5.0,unidades,10 ml
SIN_NUMERO,E-000071.jpg,2026-08-14,14/8/26,Meloxiproc 0.15%,2.0,unidades,10 ml
SIN_NUMERO,E-000071.jpg,2026-08-14,14/8/26,Nexgard (perro),2.0,cajas,10 ml
SIN_NUMERO,E-000071.jpg,2026-08-14,14/8/26,Cannex,3.0,cajas,10 ml
SIN_NUMERO,E-000071.jpg,2026-08-14,14/8/26,Canicel suspensión,3.0,cajas,10 ml
SIN_NUMERO,E-000071.jpg,2026-08-14,14/8/26,Orenda crema,2.0,unidades,100 gr
SIN_NUMERO,E-000071.jpg,2026-08-14,14/8/26,Nexcare gasa,24.0,caja,
SIN_NUMERO,E-000071.jpg,2026-08-14,14/8/26,Solomox,60.0,cajas,300 mg
SIN_NUMERO,E-000071.jpg,2026-08-14,14/8/26,Sanix,1.0,frasco,120 ml
SIN_NUMERO,E-000071.jpg,2026-08-14,14/8/26,Rondel suspensión,4.0,cajas,5 ml
SIN_NUMERO,E-000071.jpg,2026-08-14,14/8/26,Edo Flunix,2.0,unidades,30 ml
SIN_NUMERO,E-000071.jpg,2026-08-14,14/8/26,Diclofenaco,5.0,ampollas,75 mg/3 ml
SIN_NUMERO,E-000071.jpg,2026-08-14,14/8/26,Dipirona,5.0,ampollas,1 gr/2 ml
SIN_NUMERO,E-000071.jpg,2026-08-14,14/8/26,Dexametasona,5.0,ampollas,8 mg/2 ml
SIN_NUMERO,E-000071.jpg,2026-08-14,14/8/26,Polipropileno,2.0,cajas,22 mm/75 cm
SIN_NUMERO,E-000071.jpg,2026-08-14,14/8/26,Nylon,12.0,unidades,19 mm/75 cm
SIN_NUMERO,E-000071.jpg,2026-08-14,14/8/26,Dextromin B,4.0,cajas,500 ml
SIN_NUMERO,E-000071.jpg,2026-08-14,14/8/26,Canipets Puppy,2.0,frascos,8 ml
SIN_NUMERO,E-000071.jpg,2026-08-14,14/8/26,Teals lágrimas,5.0,cajas,500 mg
SIN_NUMERO,E-000071.jpg,2026-08-14,14/8/26,Cefalexina,2.0,cajas,30 gr
SIN_NUMERO,E-000071.jpg,2026-08-14,14/8/26,Orenda crema,40.0,tabletas,500 mg
SIN_NUMERO,E-000071.jpg,2026-08-14,14/8/26,Cefalexina,20.0,tabletas,100 mg
SIN_NUMERO,E-000071.jpg,2026-08-14,14/8/26,Quercetol Vet,20.0,tabletas,100 mg
SIN_NUMERO,E-000072.jpg,2026-08-14,14/8/26,Lidocaína,2.0,frascos,15% 50 ml
SIN_NUMERO,E-000072.jpg,2026-08-14,14/8/26,Fitovete,1.0,frasco,15 gr
SIN_NUMERO,E-000072.jpg,2026-08-14,14/8/26,Electro-300 C,2.0,frascos,19.5 gr
SIN_NUMERO,E-000072.jpg,2026-08-14,14/8/26,Ixel 080,2.0,frascos,1 lt
SIN_NUMERO,E-000072.jpg,2026-08-14,14/8/26,Baxidin,1.0,frasco,1 lt + 60 ml
SIN_NUMERO,E-000072.jpg,2026-08-14,14/8/26,Baxidin,10.0,frascos,60 ml
SIN_NUMERO,E-000072.jpg,2026-08-14,14/8/26,Dextromin,1.0,frasco,500 ml
SIN_NUMERO,E-000072.jpg,2026-08-14,14/8/26,Aminolite,3.0,frascos,120 ml
SIN_NUMERO,E-000072.jpg,2026-08-14,14/8/26,Baxidin,4.0,frascos,120 ml
SIN_NUMERO,E-000072.jpg,2026-08-14,14/8/26,Septiderme,2.0,frascos,50 ml
SIN_NUMERO,E-000072.jpg,2026-08-14,14/8/26,Compleand B12,1.0,frasco,100 ml
SIN_NUMERO,E-000072.jpg,2026-08-14,14/8/26,Pecunos (oidos),1.0,frasco,60 ml
SIN_NUMERO,E-000072.jpg,2026-08-14,14/8/26,Roxicaina,1.0,frasco,80 gr
SIN_NUMERO,E-000072.jpg,2026-08-14,14/8/26,Clorhexin Spray,5.0,frascos,120 ml
SIN_NUMERO,E-000072.jpg,2026-08-14,14/8/26,Meloxipet,1.0,frasco,0.15% 10 ml
SIN_NUMERO,E-000072.jpg,2026-08-14,14/8/26,Ketobest,1.0,frasco,10 ml
SIN_NUMERO,E-000072.jpg,2026-08-14,14/8/26,Ketobest,1.0,frasco,50 ml
SIN_NUMERO,E-000072.jpg,2026-08-14,14/8/26,Dexametasona,20.0,ampollas,8 mg/2 ml
SIN_NUMERO,E-000072.jpg,2026-08-14,14/8/26,Meloxican,10.0,ampollas,15 mg/1.5 ml
SIN_NUMERO,E-000072.jpg,2026-08-14,14/8/26,Aminotonic,1.0,frasco,500 ml
SIN_NUMERO,E-000072.jpg,2026-08-14,14/8/26,Quercetol,20.0,tabletas,70 mg
SIN_NUMERO,E-000072.jpg,2026-08-14,14/8/26,Dogg 4 Cat,10.0,cajas,7.5% / 2.5%
SIN_NUMERO,E-000072.jpg,2026-08-14,14/8/26,Diciclin 50,20.0,tabletas,50 mg
SIN_NUMERO,E-000073.jpg,2026-08-14,08/14,Gusantrol NF,1.0,unidades,60gr
SIN_NUMERO,E-000073.jpg,2026-08-14,08/14,Perozan-N,2.0,unidades,30gr
SIN_NUMERO,E-000073.jpg,2026-08-14,08/14,Enterochronic,15.0,unidades,
SIN_NUMERO,E-000073.jpg,2026-08-14,08/14,Meloxic,13.0,unidades,2mg
SIN_NUMERO,E-000073.jpg,2026-08-14,08/14,Diclina,6.0,unidades,50mg
SIN_NUMERO,E-000073.jpg,2026-08-14,08/14,Dexametasona,2.0,unidades,gasa
SIN_NUMERO,E-000073.jpg,2026-08-14,08/14,Dipirona,5.0,unidades,4mg/ml
SIN_NUMERO,E-000073.jpg,2026-08-14,08/14,Rovicaina 1%,5.0,unidades,1g/2ml
SIN_NUMERO,E-000073.jpg,2026-08-14,08/14,Mexipet,22.0,unidades,10ml
SIN_NUMERO,E-000073.jpg,2026-08-14,08/14,Triticum vulgare,8.0,unidades,15g
SIN_NUMERO,E-000073.jpg,2026-08-14,08/14,Canipets,5.0,unidades,2ml
SIN_NUMERO,E-000073.jpg,2026-08-14,08/14,Canipets Fort,2.0,unidades,2ml
SIN_NUMERO,E-000073.jpg,2026-08-14,08/14,Meloxicam,20.0,unidades,7.5mg
SIN_NUMERO,E-000073.jpg,2026-08-14,08/14,Cicatrizante,8.0,unidades,pequeño
SIN_NUMERO,E-000073.jpg,2026-08-14,08/14,Pecocyn,4.0,unidades,10ml
SIN_NUMERO,E-000073.jpg,2026-08-14,08/14,Ficloxia,2.0,unidades,100ml
SIN_NUMERO,E-000073.jpg,2026-08-14,08/14,Pezoon-W,4.0,unidades,30g
SIN_NUMERO,E-000073.jpg,2026-08-14,08/14,Lágrima,2.0,unidades,
SIN_NUMERO,E-000073.jpg,2026-08-14,08/14,Heloxipet,2.0,unidades,10ml
SIN_NUMERO,E-000073.jpg,2026-08-14,08/14,Pordel,2.0,unidades,10ml
SIN_NUMERO,E-000073.jpg,2026-08-14,08/14,Pordel,2.0,unidades,10ml
SIN_NUMERO,E-000073.jpg,2026-08-14,08/14,Foraquit,1.0,unidades,100ml
SIN_NUMERO,E-000074.jpg,2026-08-14,19/08,Lagrimas artificiales,1.0,frascos,15ml
SIN_NUMERO,E-000074.jpg,2026-08-14,19/08,Clorhidrato de nafazolina,1.0,frascos,15ml
SIN_NUMERO,E-000074.jpg,2026-08-14,19/08,Carboximetilcelulosa,1.0,frascos,10ml
SIN_NUMERO,E-000074.jpg,2026-08-14,19/08,Gentamicina + Betametasona,1.0,frascos,10ml
SIN_NUMERO,E-000074.jpg,2026-08-14,19/08,Hialuronato Sodio,1.0,frascos,4mg/ml
SIN_NUMERO,E-000074.jpg,2026-08-14,19/08,Ketoprofeno,1.0,frascos,10ml
SIN_NUMERO,E-000074.jpg,2026-08-14,19/08,Solución oftálmica,1.0,frascos,10ml
SIN_NUMERO,E-000074.jpg,2026-08-14,19/08,Gentamicina 0.3%,1.0,frascos,10ml
SIN_NUMERO,E-000074.jpg,2026-08-14,19/08,Gentamicina + Dexametasona + Lidocaina,4.0,frascos,10ml
SIN_NUMERO,E-000074.jpg,2026-08-14,19/08,Poxter,1.0,frascos,8.8ml
SIN_NUMERO,E-000074.jpg,2026-08-14,19/08,Acetato de Prednisolona,5.0,frascos,5ml
SIN_NUMERO,E-000074.jpg,2026-08-14,19/08,Canisan F,1.0,frascos,10ml
SIN_NUMERO,E-000074.jpg,2026-08-14,19/08,Simparica TRIO,4.0,unidades,24mg
SIN_NUMERO,E-000074.jpg,2026-08-14,19/08,Calgocal 200,4.0,unidades,
SIN_NUMERO,E-000074.jpg,2026-08-14,19/08,Calgocal 600,3.0,unidades,
SIN_NUMERO,E-000074.jpg,2026-08-14,19/08,Suplemento Alimenticio,1.0,unidades,30u.
SIN_NUMERO,E-000074.jpg,2026-08-14,19/08,Jabon Antiseptico,40.0,ml,60ml
SIN_NUMERO,E-000074.jpg,2026-08-14,19/08,Dexametasona,20.0,ml,2ml
SIN_NUMERO,E-000074.jpg,2026-08-14,19/08,Adrenalina,10.0,ml,1ml
SIN_NUMERO,E-000074.jpg,2026-08-14,19/08,SeptiDerm E,10.0,frascos,50ml
SIN_NUMERO,E-000074.jpg,2026-08-14,19/08,Dexametasona,13.0,ampollas,1ml
SIN_NUMERO,E-000074.jpg,2026-08-14,19/08,Adrenalina,25.0,ampollas,1ml
SIN_NUMERO,E-000075.jpg,2026-08-14,Agosto 14,Metronidazol,2.0,frascos,50 ml
SIN_NUMERO,E-000075.jpg,2026-08-14,Agosto 14,Rozosan,2.0,frascos,100 gr
SIN_NUMERO,E-000075.jpg,2026-08-14,Agosto 14,Dermat,4.0,frascos,500 gr
SIN_NUMERO,E-000075.jpg,2026-08-14,Agosto 14,Vordemint (antibacteriano),1.0,frascos,30 ml
SIN_NUMERO,E-000075.jpg,2026-08-14,Agosto 14,Hemolitan,2.0,frascos,50 ml
SIN_NUMERO,E-000075.jpg,2026-08-14,Agosto 14,Metoclopramida,1.0,ampollas,10 ml
SIN_NUMERO,E-000075.jpg,2026-08-14,Agosto 14,Meloxicam,1.0,frascos,100 mg
SIN_NUMERO,E-000075.jpg,2026-08-14,Agosto 14,Tramadol,2.0,ampollas,20 ml
SIN_NUMERO,E-000075.jpg,2026-08-14,Agosto 14,Dexametasona,1.0,frascos,10 ml
SIN_NUMERO,E-000075.jpg,2026-08-14,Agosto 14,N-Acetilcisteína,1.0,frascos,200 mg
SIN_NUMERO,E-000075.jpg,2026-08-14,Agosto 14,Vermiplex,1.0,frascos,10 ml
SIN_NUMERO,E-000075.jpg,2026-08-14,Agosto 14,Rondel Suspensión,250.0,ml,
SIN_NUMERO,E-000075.jpg,2026-08-14,Agosto 14,Digest-V,1.0,frascos,10 ml
SIN_NUMERO,E-000075.jpg,2026-08-14,Agosto 14,N-Acetilcisteína,15.0,ampollas,3 ml
SIN_NUMERO,E-000075.jpg,2026-08-14,Agosto 14,Dipirona Sódica,1.0,frascos,50 ml
SIN_NUMERO,E-000075.jpg,2026-08-14,Agosto 14,Flunixin Meglumina,1.0,frascos,30 ml
SIN_NUMERO,E-000075.jpg,2026-08-14,Agosto 14,Melovet,2.0,frascos,50 ml
SIN_NUMERO,E-000075.jpg,2026-08-14,Agosto 14,Cefalexina,1.0,frascos,100 ml
SIN_NUMERO,E-000075.jpg,2026-08-14,Agosto 14,Tranquisets,2.0,frascos,80 gr
SIN_NUMERO,E-000075.jpg,2026-08-14,Agosto 14,Oxitetraciclina,1.0,frascos,100 ml
SIN_NUMERO,E-000075.jpg,2026-08-14,Agosto 14,Meloxic,2.0,frascos,10 ml
SIN_NUMERO,E-000075.jpg,2026-08-14,Agosto 14,Lidocaína inyección,1.0,frascos,50 ml
SIN_NUMERO,E-000075.jpg,2026-08-14,Agosto 14,Flunixin Meglumina,1.0,frascos,100 ml
SIN_NUMERO,E-000076.jpg,2026-08-14,14/08,Overxicam,1.0,frasco,50ml
SIN_NUMERO,E-000076.jpg,2026-08-14,14/08,Propofol,1.0,frasco,20ml
SIN_NUMERO,E-000076.jpg,2026-08-14,14/08,Triamdix,1.0,frasco,20ml
SIN_NUMERO,E-000076.jpg,2026-08-14,14/08,Adrenalina,5.0,ampollas,1ml
SIN_NUMERO,E-000076.jpg,2026-08-14,14/08,Dipirona,10.0,ampollas,2ml
SIN_NUMERO,E-000076.jpg,2026-08-14,14/08,Tramadol,2.0,frascos,50mg
SIN_NUMERO,E-000076.jpg,2026-08-14,14/08,Metoclopramida,1.0,frasco,10ml
SIN_NUMERO,E-000076.jpg,2026-08-14,14/08,Pisacaína,1.0,frasco,20ml
SIN_NUMERO,E-000076.jpg,2026-08-14,14/08,Roncaína,1.0,frasco,50ml
SIN_NUMERO,E-000076.jpg,2026-08-14,14/08,Ketoprofeno,1.0,frasco,10ml
SIN_NUMERO,E-000076.jpg,2026-08-14,14/08,Lidocaína,9.0,frascos,10ml
SIN_NUMERO,E-000076.jpg,2026-08-14,14/08,Oligomax,11.0,frascos,10ml
SIN_NUMERO,E-000076.jpg,2026-08-14,14/08,Dexametasona,2.0,frascos,8mg/2ml
SIN_NUMERO,E-000076.jpg,2026-08-14,14/08,Ojuk V,7.0,frascos,10ml
SIN_NUMERO,E-000076.jpg,2026-08-14,14/08,Oxitetraciclina,1.0,frasco,50mg
SIN_NUMERO,E-000076.jpg,2026-08-14,14/08,Tears lágrima,1.0,frasco,10ml
SIN_NUMERO,E-000076.jpg,2026-08-14,14/08,Meloxicam,1.0,frasco,0.15% 30ml
SIN_NUMERO,E-000076.jpg,2026-08-14,14/08,Inmul-V,1.0,frasco,20ml
SIN_NUMERO,E-000076.jpg,2026-08-14,14/08,Levofloxacino,1.0,frasco,0.5% 10ml
SIN_NUMERO,E-000076.jpg,2026-08-14,14/08,Canatox NF,1.0,frasco,20ml
SIN_NUMERO,E-000076.jpg,2026-08-14,14/08,Metalgic,1.0,frasco,5g
SIN_NUMERO,E-000076.jpg,2026-08-14,14/08,Biotika,1.0,frasco,3.5g
SIN_NUMERO,E-000076.jpg,2026-08-14,14/08,Trazidex,1.0,frasco,3mg
SIN_NUMERO,E-000076.jpg,2026-08-14,14/08,Hidroxipropilmetilcelulosa,2.0,frascos,10ml
SIN_NUMERO,E-000077.jpg,2026-08-14,14/8/26,Nexgard (perro),1.0,caja,2-4 kg
SIN_NUMERO,E-000077.jpg,2026-08-14,14/8/26,Nexgard (perro),1.0,caja,10-25 kg
SIN_NUMERO,E-000077.jpg,2026-08-14,14/8/26,Simparica (perro),3.0,cajas,10-20 kg
SIN_NUMERO,E-000077.jpg,2026-08-14,14/8/26,Meloxic,20.0,tabletas,2 mg
SIN_NUMERO,E-000077.jpg,2026-08-14,14/8/26,Gentamicina,10.0,ampollas,160 mg/2 ml
SIN_NUMERO,E-000077.jpg,2026-08-14,14/8/26,Atrevia One (perro),2.0,cajas,10-20 kg
SIN_NUMERO,E-000077.jpg,2026-08-14,14/8/26,Atrevia One (perro),3.0,cajas,5-10 kg
SIN_NUMERO,E-000077.jpg,2026-08-14,14/8/26,Simparica,2.0,cajas,20 mg
SIN_NUMERO,E-000077.jpg,2026-08-14,14/8/26,Visivet,5.0,gotas,10 ml
SIN_NUMERO,E-000077.jpg,2026-08-14,14/8/26,Gentamicina,3.0,frascos,80 mg/2 ml
SIN_NUMERO,E-000077.jpg,2026-08-14,14/8/26,Lidocaina,2.0,frascos,50 ml
SIN_NUMERO,E-000077.jpg,2026-08-14,14/8/26,Ampliex polvo,12.0,ampollas,100 mg/2 ml
SIN_NUMERO,E-000077.jpg,2026-08-14,14/8/26,Ketoprofeno,1.0,caja,10 ml
SIN_NUMERO,E-000077.jpg,2026-08-14,14/8/26,Cannex jeringa,10.0,sobres,variada
SIN_NUMERO,E-000077.jpg,2026-08-14,14/8/26,Sutura,20.0,tabletas,500 mg
SIN_NUMERO,E-000077.jpg,2026-08-14,14/8/26,Fibrilok,30.0,ampollas,8 mg/2 ml
SIN_NUMERO,E-000077.jpg,2026-08-14,14/8/26,Dexametasona,1.0,frasco,500 ml
SIN_NUMERO,E-000077.jpg,2026-08-14,14/8/26,Aminolute,20.0,ampollas,15 mg/1.5 ml
SIN_NUMERO,E-000077.jpg,2026-08-14,14/8/26,Meloxican,1.0,frasco,20 ml
SIN_NUMERO,E-000077.jpg,2026-08-14,14/8/26,Canatox NF,3.0,gotas,8 ml
SIN_NUMERO,E-000077.jpg,2026-08-14,14/8/26,Teals lagrimas,2.0,gotas,5 ml
SIN_NUMERO,E-000077.jpg,2026-08-14,14/8/26,Gentamicina 0.3%,68.0,sobres,10 gr
SIN_NUMERO,E-000077.jpg,2026-08-14,14/8/26,Electrolitico,10.0,unidades,
SIN_NUMERO,E-000078.jpg,2026-08-14,14/09/26,Dexametasona inyectable,2.0,frascos,10ml
SIN_NUMERO,E-000078.jpg,2026-08-14,14/09/26,Dexametasona inyectable,1.0,frasco,10ml
SIN_NUMERO,E-000078.jpg,2026-08-14,14/09/26,Simparica,2.0,unidades,10mg
SIN_NUMERO,E-000078.jpg,2026-08-14,14/09/26,Ketoprofeno,3.0,unidades,20mg
SIN_NUMERO,E-000078.jpg,2026-08-14,14/09/26,P. Salina,10.0,unidades,500ml
SIN_NUMERO,E-000079.jpg,2026-08-14,19/09/26,Tramadol,2.0,unidades,50 mg x 10
SIN_NUMERO,E-000079.jpg,2026-08-14,19/09/26,Meloxicam,10.0,unidades,2 mg x 10
SIN_NUMERO,E-000079.jpg,2026-08-14,19/09/26,Prednicorten,2.0,unidades,5 mg x 10
SIN_NUMERO,E-000079.jpg,2026-08-14,19/09/26,Carvitel,6.0,unidades,5 ml
SIN_NUMERO,E-000079.jpg,2026-08-14,19/09/26,Bondel,2.0,unidades,10 ml
SIN_NUMERO,E-000079.jpg,2026-08-14,19/09/26,Ketobest,15.0,unidades,10 ml
SIN_NUMERO,E-000079.jpg,2026-08-14,19/09/26,Quercitol,2.0,unidades,500 ml
SIN_NUMERO,E-000079.jpg,2026-08-14,19/09/26,Dextromin-B,2.0,unidades,10 ml
SIN_NUMERO,E-000079.jpg,2026-08-14,19/09/26,Ocul-vet-ha,4.0,unidades,3 ml
SIN_NUMERO,E-000079.jpg,2026-08-14,19/09/26,Tevsoft,1.0,unidades,10 ml
SIN_NUMERO,E-000079.jpg,2026-08-14,19/09/26,Ofiaproc M,4.0,unidades,10 mg/ml
SIN_NUMERO,E-000079.jpg,2026-08-14,19/09/26,Melodol 0.5%,1.0,unidades,5 mg/ml
SIN_NUMERO,E-000079.jpg,2026-08-14,19/09/26,Ondansetron,5.0,unidades,8 mg/4 ml
SIN_NUMERO,E-000079.jpg,2026-08-14,19/09/26,Efe-201,2.0,unidades,5 ml
SIN_NUMERO,E-000079.jpg,2026-08-14,19/09/26,Lagrimas artificiales,2.0,unidades,15 ml
SIN_NUMERO,E-000079.jpg,2026-08-14,19/09/26,Sophixim oftlm,1.0,unidades,10 ml
SIN_NUMERO,E-000079.jpg,2026-08-14,19/09/26,B-Fex,1.0,unidades,5 ml
SIN_NUMERO,E-000079.jpg,2026-08-14,19/09/26,Tobramicina,1.0,unidades,5 ml
SIN_NUMERO,E-000079.jpg,2026-08-14,19/09/26,Gentamicina,2.0,unidades,10 ml
SIN_NUMERO,E-000079.jpg,2026-08-14,19/09/26,Ciprofloxacina,3.0,unidades,5 ml
SIN_NUMERO,E-000080.jpg,2026-08-14,14/09/20,Dexametasona,10.0,frascos,40ml
SIN_NUMERO,E-000080.jpg,2026-08-14,14/09/20,Tears off,2.0,frascos,60ml
SIN_NUMERO,E-000080.jpg,2026-08-14,14/09/20,Colirio,3.0,frascos,50ml
SIN_NUMERO,E-000080.jpg,2026-08-14,14/09/20,Enzystal,2.0,unidades,12 unidades
SIN_NUMERO,E-000080.jpg,2026-08-14,14/09/20,Melox-200,1.0,frasco,10ml
SIN_NUMERO,E-000080.jpg,2026-08-14,14/09/20,Dipirona,2.0,frascos,50ml
SIN_NUMERO,E-000080.jpg,2026-08-14,14/09/20,Pilosan-N,1.0,frasco,50ml
SIN_NUMERO,E-000080.jpg,2026-08-14,14/09/20,Diving,2.0,frascos,10ml
SIN_NUMERO,E-000080.jpg,2026-08-14,14/09/20,Bathoderm,1.0,frasco,20ml
SIN_NUMERO,E-000080.jpg,2026-08-14,14/09/20,Wescocet jabón,5.0,frascos,60ml
SIN_NUMERO,E-000080.jpg,2026-08-14,14/09/20,Lecigrin,1.0,frasco,60ml
SIN_NUMERO,E-000080.jpg,2026-08-14,14/09/20,Matricaria,2.0,frascos,30ml
SIN_NUMERO,E-000080.jpg,2026-08-14,14/09/20,Tramadol clorhidrato,2.0,frascos,15ml
SIN_NUMERO,E-000080.jpg,2026-08-14,14/09/20,Grasas,2.0,unidades,20ml
SIN_NUMERO,E-000080.jpg,2026-08-14,14/09/20,Ketoprofeno,2.0,frascos,100mg/2ml
SIN_NUMERO,E-000081.jpg,2026-08-14,14/08/2023,Nexgard Spectra,4.0,unidades,2-3.5 kg
SIN_NUMERO,E-000081.jpg,2026-08-14,14/08/2023,Quercetol Vet,30.0,tabletas,100 mg
SIN_NUMERO,E-000081.jpg,2026-08-14,14/08/2023,Maxicam,20.0,tabletas,2 mg
SIN_NUMERO,E-000081.jpg,2026-08-14,14/08/2023,Simparica,25.0,unidades,2.5-5 kg
SIN_NUMERO,E-000081.jpg,2026-08-14,14/08/2023,Agamofen,4.0,unidades,10-20 kg
SIN_NUMERO,E-000081.jpg,2026-08-14,14/08/2023,Bravecto,1.0,unidades,20-40 kg
SIN_NUMERO,E-000081.jpg,2026-08-14,14/08/2023,Bravecto,13.0,unidades,10-20 kg
SIN_NUMERO,E-000081.jpg,2026-08-14,14/08/2023,Simparica,2.0,unidades,5-10 kg
SIN_NUMERO,E-000081.jpg,2026-08-14,14/08/2023,Simparica,4.0,unidades,2.5-5 kg
SIN_NUMERO,E-000081.jpg,2026-08-14,14/08/2023,Simparica,3.0,unidades,10-20 kg
SIN_NUMERO,E-000081.jpg,2026-08-14,14/08/2023,Simparica,2.0,unidades,20-40 kg
SIN_NUMERO,E-000081.jpg,2026-08-14,14/08/2023,Simparica,2.0,unidades,40-60 kg
SIN_NUMERO,E-000081.jpg,2026-08-14,14/08/2023,Simparica,1.0,unidades,11-22 kg
SIN_NUMERO,E-000081.jpg,2026-08-14,14/08/2023,Credelio,1.0,unidades,5.5-11 kg
SIN_NUMERO,E-000081.jpg,2026-08-14,14/08/2023,Credelio,1.0,unidades,22-45 kg
SIN_NUMERO,E-000081.jpg,2026-08-14,14/08/2023,Nexgard,1.0,unidades,10.1-25 kg
SIN_NUMERO,E-000081.jpg,2026-08-14,14/08/2023,Nexgard Spectra,1.0,unidades,7.5-15 kg
SIN_NUMERO,E-000081.jpg,2026-08-14,14/08/2023,Nexgard Spectra,1.0,unidades,20-40 kg
SIN_NUMERO,E-000081.jpg,2026-08-14,14/08/2023,Simparica,1.0,unidades,2.5-5 kg
SIN_NUMERO,E-000081.jpg,2026-08-14,14/08/2023,Revolution Plus,1.0,unidades,2.5-5 kg
SIN_NUMERO,E-000082.jpg,2026-08-14,14/08/2026,Baxdin Shampoo,1.0,litro,
SIN_NUMERO,E-000082.jpg,2026-08-14,14/08/2026,Meloxicam 0.5%,2.0,frascos,10 ml
SIN_NUMERO,E-000082.jpg,2026-08-14,14/08/2026,Algicam Pets 2mg,20.0,tabletas,
SIN_NUMERO,E-000082.jpg,2026-08-14,14/08/2026,N-Acetilcisteina 300mg/3ml,1.0,ampolla,
SIN_NUMERO,E-000082.jpg,2026-08-14,14/08/2026,Quericid Vet,1.0,frasco,50 ml
SIN_NUMERO,E-000082.jpg,2026-08-14,14/08/2026,Doxaxan 100mg,10.0,tabletas,
SIN_NUMERO,E-000082.jpg,2026-08-14,14/08/2026,Sephaderm E,1.0,frasco,50 ml
SIN_NUMERO,E-000082.jpg,2026-08-14,14/08/2026,Vetnil Otidex,4.0,frascos,120 ml
SIN_NUMERO,E-000082.jpg,2026-08-14,14/08/2026,Singus,1.0,frasco,8 g
SIN_NUMERO,E-000082.jpg,2026-08-14,14/08/2026,Filtrop,5.0,unidades,
SIN_NUMERO,E-000082.jpg,2026-08-14,14/08/2026,Gialpet,11.0,unidades,
SIN_NUMERO,E-000082.jpg,2026-08-14,14/08/2026,Tri-Otic Zinc,2.0,frascos,50 g
SIN_NUMERO,E-000082.jpg,2026-08-14,14/08/2026,Dexomin-B,3.0,frascos,500 ml
SIN_NUMERO,E-000082.jpg,2026-08-14,14/08/2026,Dexomin-B,1.0,frasco,500 ml
SIN_NUMERO,E-000082.jpg,2026-08-14,14/08/2026,Biarecto 1M 100mg,1.0,caja,25-5.5 kg
SIN_NUMERO,E-000082.jpg,2026-08-14,14/08/2026,Credelio 112.5 mg,4.0,tabletas,>22-45 kg
SIN_NUMERO,E-000082.jpg,2026-08-14,14/08/2026,Meloxicam 0.15%,6.0,frascos,10 ml
SIN_NUMERO,E-000082.jpg,2026-08-14,14/08/2026,Meloxicam 0.15%,2.0,frascos,30 ml
SIN_NUMERO,E-000082.jpg,2026-08-14,14/08/2026,Cavupet,5.0,frascos,50 ml
SIN_NUMERO,E-000082.jpg,2026-08-14,14/08/2026,Lagrimio,3.0,frascos,5 ml
SIN_NUMERO,E-000083.jpg,2026-08-14,14 Agosto,Algodón plisado,1.0,unidad,
SIN_NUMERO,E-000083.jpg,2026-08-14,14 Agosto,Venda cohesiva,3.0,unidades,
SIN_NUMERO,E-000083.jpg,2026-08-14,14 Agosto,Alcohol,1.0,frasco,130ml
SIN_NUMERO,E-000083.jpg,2026-08-14,14 Agosto,Solución inyectable,4.0,unidades,
SIN_NUMERO,E-000083.jpg,2026-08-14,14 Agosto,Toallitas húmedas,2.0,unidades,
SIN_NUMERO,E-000083.jpg,2026-08-14,14 Agosto,Solución inyectable,1.0,unidad,
SIN_NUMERO,E-000083.jpg,2026-08-14,14 Agosto,Jeringa de lavado precargada,4.0,unidades,
SIN_NUMERO,E-000083.jpg,2026-08-14,14 Agosto,Caja de gasa,1.0,caja,
SIN_NUMERO,E-000083.jpg,2026-08-14,14 Agosto,Jabón antiséptico,1.0,unidad,
SIN_NUMERO,E-000083.jpg,2026-08-14,14 Agosto,Micropore,1.0,unidad,
SIN_NUMERO,E-000083.jpg,2026-08-14,14 Agosto,Vendaje gasa,1.0,unidad,
SIN_NUMERO,E-000083.jpg,2026-08-14,14 Agosto,Solución inyectable,4.0,unidades,2ml
SIN_NUMERO,E-000083.jpg,2026-08-14,14 Agosto,Catéter intravenoso,2.0,unidades,19ml
SIN_NUMERO,E-000083.jpg,2026-08-14,14 Agosto,Guantes desechables,5.0,pares,
SIN_NUMERO,E-000083.jpg,2026-08-14,14 Agosto,Mascarilla facial,10.0,unidades,
SIN_NUMERO,E-000083.jpg,2026-08-14,14 Agosto,Solución inyectable,3.0,unidades,500ml
SIN_NUMERO,E-000083.jpg,2026-08-14,14 Agosto,Catéter intravenoso,1.0,unidad,"0,9mm"
SIN_NUMERO,E-000083.jpg,2026-08-14,14 Agosto,Lactato de Ringer,10.0,unidades,1000ml
SIN_NUMERO,E-000083.jpg,2026-08-14,14 Agosto,Lactato de Ringer,3.0,unidades,500ml
SIN_NUMERO,E-000083.jpg,2026-08-14,14 Agosto,Guante quirúrgico,5.0,cajas,
SIN_NUMERO,E-000083.jpg,2026-08-14,14 Agosto,Paños húmedos,4.0,unidades,
SIN_NUMERO,E-000083.jpg,2026-08-14,14 Agosto,Gorro desechable,1.0,unidad,
SIN_NUMERO,E-000083.jpg,2026-08-14,14 Agosto,Venda elástica,12.0,unidades,
SIN_NUMERO,E-000083.jpg,2026-08-14,14 Agosto,Gasa precortada,2.0,unidades,
SIN_NUMERO,E-000083.jpg,2026-08-14,14 Agosto,Aguja hipodérmica,2.0,unidades,
SIN_NUMERO,E-000083.jpg,2026-08-14,14 Agosto,Kit prueba rápida,2.0,unidades,
SIN_NUMERO,E-000083.jpg,2026-08-14,14 Agosto,Venda elástica cohesiva no tejida,1.0,unidad,
SIN_NUMERO,E-000083.jpg,2026-08-14,14 Agosto,Guantes nitrilo azul,2.0,cajas,
SIN_NUMERO,E-000083.jpg,2026-08-14,14 Agosto,Solución inyectable,1.0,unidad,500ml
SIN_NUMERO,E-000084.jpg,2026-08-14,,Toallitas,10.0,unidades,x 35
SIN_NUMERO,E-000084.jpg,2026-08-14,,Agujas,1.0,unidades,x 50
SIN_NUMERO,E-000084.jpg,2026-08-14,,Solución inyectable,11.0,unidades,250ml
SIN_NUMERO,E-000084.jpg,2026-08-14,,Alcohol,2.0,unidades,x 700ml
SIN_NUMERO,E-000084.jpg,2026-08-14,,Catéter,64.0,unidades,
SIN_NUMERO,E-000084.jpg,2026-08-14,,Solución inyectable,2.0,unidades,100ml
SIN_NUMERO,E-000084.jpg,2026-08-14,,Gasas,8.0,unidades,
SIN_NUMERO,E-000084.jpg,2026-08-14,,Sutura,7.0,unidades,
SIN_NUMERO,E-000084.jpg,2026-08-14,,Cuchillos,6.0,unidades,
SIN_NUMERO,E-000084.jpg,2026-08-14,,Jeringas,1.0,unidades,5 ml
SIN_NUMERO,E-000084.jpg,2026-08-14,,Dispensador,7.0,unidades,
SIN_NUMERO,E-000084.jpg,2026-08-14,,Guantes,2.0,unidades,x 200
SIN_NUMERO,E-000084.jpg,2026-08-14,,Jeringas,36.0,unidades,10 ml
SIN_NUMERO,E-000084.jpg,2026-08-14,,Jeringas,14.0,unidades,2 ml
SIN_NUMERO,E-000084.jpg,2026-08-14,,Catéter,15.0,unidades,
SIN_NUMERO,E-000084.jpg,2026-08-14,,Solución inyectable,3.0,unidades,1000 ml
SIN_NUMERO,E-000084.jpg,2026-08-14,,Dispensado,1.0,unidades,
SIN_NUMERO,E-000084.jpg,2026-08-14,,Solución inyectable,7.0,unidades,500 ml
SIN_NUMERO,E-000084.jpg,2026-08-14,,Torundas,1.0,unidades,
SIN_NUMERO,E-000084.jpg,2026-08-14,,Venoclisis,15.0,unidades,
SIN_NUMERO,E-000084.jpg,2026-08-14,,Jeringas,5.0,unidades,x 2 ml
SIN_NUMERO,E-000084.jpg,2026-08-14,,Solución inyectable,5.0,unidades,1000 ml
SIN_NUMERO,E-000084.jpg,2026-08-14,,Llave de paso,16.0,unidades,
SIN_NUMERO,E-000084.jpg,2026-08-14,,Aguja hipodérmica,1.0,unidades,
SIN_NUMERO,E-000084.jpg,2026-08-14,,Gasa parafinada,18.0,unidades,
SIN_NUMERO,E-000084.jpg,2026-08-14,,Toalla de alcohol,18.0,unidades,
SIN_NUMERO,E-000084.jpg,2026-08-14,,Aguja hipodérmica,18.0,unidades,16g
SIN_NUMERO,E-000085.jpg,2026-08-14,,Jeringa,5.0,unidades,5 ml
SIN_NUMERO,E-000085.jpg,2026-08-14,,Canula,21.0,unidades,
SIN_NUMERO,E-000085.jpg,2026-08-14,,Sonda nelaton,75.0,unidades,
SIN_NUMERO,E-000085.jpg,2026-08-14,,Mascarilla de oxigeno,17.0,unidades,
SIN_NUMERO,E-000085.jpg,2026-08-14,,Guantes,36.0,unidades,x 100
SIN_NUMERO,E-000085.jpg,2026-08-14,,Caja mascarilla,2.0,cajas,x 50
SIN_NUMERO,E-000085.jpg,2026-08-14,,Alcohol,1.0,frascos,700 ml
SIN_NUMERO,E-000085.jpg,2026-08-14,,Suero,4.0,bolsas,500 ml
SIN_NUMERO,E-000085.jpg,2026-08-14,,Suero,3.0,bolsas,100 ml
SIN_NUMERO,E-000085.jpg,2026-08-14,,Algodon,1.0,paquetes,x 6 u
SIN_NUMERO,E-000085.jpg,2026-08-14,,Jeringa microgotero,5.0,unidades,20 ml
SIN_NUMERO,E-000085.jpg,2026-08-14,,Jeringa,2.0,unidades,5 ml
SIN_NUMERO,E-000085.jpg,2026-08-14,,Paquete algodon,2.0,paquetes,
SIN_NUMERO,E-000085.jpg,2026-08-14,,Jeringa,5.0,unidades,3 ml
SIN_NUMERO,E-000085.jpg,2026-08-14,,Gasas,6.0,paquetes,septicas x 100 u
SIN_NUMERO,E-000085.jpg,2026-08-14,,Set de infusion,1.0,unidades,
SIN_NUMERO,E-000085.jpg,2026-08-14,,Mascaras oxigeno,5.0,unidades,x 24 u
SIN_NUMERO,E-000085.jpg,2026-08-14,,Gasas,2.0,paquetes,x 100
SIN_NUMERO,E-000085.jpg,2026-08-14,,Gasas,8.0,paquetes,x 25 u
SIN_NUMERO,E-000085.jpg,2026-08-14,,Sueros,72.0,bolsas,500 ml
SIN_NUMERO,E-000085.jpg,2026-08-14,,Rollos dentales,1.0,rollos,
SIN_NUMERO,E-000085.jpg,2026-08-14,,Sueros alcohol,7.0,unidades,500 ml / 3600 ml
SIN_NUMERO,E-000085.jpg,2026-08-14,,Guantes,5.0,cajas,
SIN_NUMERO,E-000086.jpg,2026-08-14,,Alcohol,2.0,unidades,700 ml
SIN_NUMERO,E-000086.jpg,2026-08-14,,Jeringa,4.0,unidades,5 ml
SIN_NUMERO,E-000086.jpg,2026-08-14,,Jeringa,4.0,unidades,10 ml
SIN_NUMERO,E-000086.jpg,2026-08-14,,Gasa tejida,2.0,unidades,
SIN_NUMERO,E-000086.jpg,2026-08-14,,Paquete paño húmedo,1.0,paquete,50 ud
SIN_NUMERO,E-000086.jpg,2026-08-14,,Jabón ectoparasiticida,2.0,unidades,
SIN_NUMERO,E-000086.jpg,2026-08-14,,Jabón antipulgas,1.0,unidades,
SIN_NUMERO,E-000086.jpg,2026-08-14,,Shampoo limpieza,1.0,unidades,
SIN_NUMERO,E-000086.jpg,2026-08-14,,Gasas,24.0,sobres,
SIN_NUMERO,E-000086.jpg,2026-08-14,,Prueba de CDV Ag,1.0,unidad,
SIN_NUMERO,E-000086.jpg,2026-08-14,,Prueba de CPV Ag,24.0,sobres,
SIN_NUMERO,E-000086.jpg,2026-08-14,,Tapón,9.0,unidades,
SIN_NUMERO,E-000086.jpg,2026-08-14,,Pañitos,3.0,paquetes,50
SIN_NUMERO,E-000086.jpg,2026-08-14,,Suero,1.0,bolsa,100 ml
SIN_NUMERO,E-000086.jpg,2026-08-14,,Cinta quirúrgica,1.0,unidad,
SIN_NUMERO,E-000086.jpg,2026-08-14,,Gel refrigerante,1.0,unidad,300
SIN_NUMERO,E-000086.jpg,2026-08-14,,Suero,10.0,bolsas,500 ml
SIN_NUMERO,E-000086.jpg,2026-08-14,,Gasas,3.0,paquetes,200 u
SIN_NUMERO,E-000086.jpg,2026-08-14,,Bolsas,1.0,paquete,60
SIN_NUMERO,E-000086.jpg,2026-08-14,,Gel antibacterial,1.0,frasco,1 L
SIN_NUMERO,E-000087.jpg,2026-08-14,,Guantes,100.0,unidades,1 caja
SIN_NUMERO,E-000087.jpg,2026-08-14,,Gasas,24.0,paquetes,
SIN_NUMERO,E-000087.jpg,2026-08-14,,Filtro de aire,1.0,unidad,
SIN_NUMERO,E-000087.jpg,2026-08-14,,Soluciones,4.0,unidades,400 ml
SIN_NUMERO,E-000087.jpg,2026-08-14,,Sonda nelaton,8.0,unidades,
SIN_NUMERO,E-000087.jpg,2026-08-14,,Gasas,11.0,unidades,
SIN_NUMERO,E-000087.jpg,2026-08-14,,Tarros de muestra,2.0,unidades,
SIN_NUMERO,E-000087.jpg,2026-08-14,,Suero fisiológico,11.0,unidades,500 ml
SIN_NUMERO,E-000087.jpg,2026-08-14,,Alcohol,1.0,unidad,350 ml
SIN_NUMERO,E-000087.jpg,2026-08-14,,Conectores desechables,10.0,unidades,
SIN_NUMERO,E-000087.jpg,2026-08-14,,Catéter,6.0,unidades,
SIN_NUMERO,E-000087.jpg,2026-08-14,,Guantes,100.0,unidades,
SIN_NUMERO,E-000087.jpg,2026-08-14,,Pañales,18.0,unidades,XS
SIN_NUMERO,E-000087.jpg,2026-08-14,,Pañales,16.0,unidades,XL
SIN_NUMERO,E-000087.jpg,2026-08-14,,Jeringa,5.0,unidades,1 ml
SIN_NUMERO,E-000087.jpg,2026-08-14,,Jeringa,2.0,unidades,20 ml
SIN_NUMERO,E-000087.jpg,2026-08-14,,Suturas,8.0,unidades,
SIN_NUMERO,E-000087.jpg,2026-08-14,,Catéter,6.0,unidades,XS
SIN_NUMERO,E-000087.jpg,2026-08-14,,Pañales,2.0,unidades,
SIN_NUMERO,E-000087.jpg,2026-08-14,,Cánula nasal,7.0,unidades,
SIN_NUMERO,E-000087.jpg,2026-08-14,,Gasa,6.0,unidades,
SIN_NUMERO,E-000087.jpg,2026-08-14,,Sutura,9.0,unidades,
SIN_NUMERO,E-000087.jpg,2026-08-14,,Gasa,4.0,unidades,
SIN_NUMERO,E-000087.jpg,2026-08-14,,Suero fisiológico,10.0,unidades,500 ml
SIN_NUMERO,E-000087.jpg,2026-08-14,,Catéter,5.0,unidades,
SIN_NUMERO,E-000087.jpg,2026-08-14,,Jeringa,1.0,unidad,1 ml
SIN_NUMERO,E-000088.jpg,2026-08-14,,Kit de disección,13.0,unidades,
SIN_NUMERO,E-000088.jpg,2026-08-14,,Gasa,2.0,paquetes,1 paquete
SIN_NUMERO,E-000088.jpg,2026-08-14,,Jeringa,12.0,unidades,5 ml
SIN_NUMERO,E-000088.jpg,2026-08-14,,Pañitos,70.0,unidades,
SIN_NUMERO,E-000088.jpg,2026-08-14,,Sonda nelaton,2.0,unidades,
SIN_NUMERO,E-000088.jpg,2026-08-14,,Kit de disección,18.0,unidades,
SIN_NUMERO,E-000088.jpg,2026-08-14,,Botella de alcohol,3.0,unidades,700 ml
SIN_NUMERO,E-000088.jpg,2026-08-14,,Jeringa,700.0,unidades,5 ml
SIN_NUMERO,E-000088.jpg,2026-08-14,,Pañitos,2.0,unidades,
SIN_NUMERO,E-000088.jpg,2026-08-14,,Jabon,7.0,unidades,x 48
SIN_NUMERO,E-000088.jpg,2026-08-14,,Equipo de infusión,20.0,unidades,
SIN_NUMERO,E-000088.jpg,2026-08-14,,Jeringa,100.0,unidades,5 ml
SIN_NUMERO,E-000088.jpg,2026-08-14,,Gasas,24.0,sobres,
SIN_NUMERO,E-000088.jpg,2026-08-14,,Gasas,12.0,unidades,
SIN_NUMERO,E-000088.jpg,2026-08-14,,Jeringa,44.0,unidades,5 ml
SIN_NUMERO,E-000088.jpg,2026-08-14,,Suero fisiológico,70.0,unidades,500 ml
SIN_NUMERO,E-000088.jpg,2026-08-14,,Suero fisiológico,2.0,unidades,250 ml
SIN_NUMERO,E-000088.jpg,2026-08-14,,Suero fisiológico,22.0,unidades,500 ml
SIN_NUMERO,E-000088.jpg,2026-08-14,,Cloruro de sodio,1.0,unidades,500 ml
SIN_NUMERO,E-000089.jpg,2026-08-14,,Jeringa,1.0,unidades,2 ml
SIN_NUMERO,E-000089.jpg,2026-08-14,,Catéter,41.0,unidades,
SIN_NUMERO,E-000089.jpg,2026-08-14,,Gasas,25.0,unidades,
SIN_NUMERO,E-000089.jpg,2026-08-14,,Cánula nasal,13.0,unidades,
SIN_NUMERO,E-000089.jpg,2026-08-14,,Algodón,1.0,unidades,100 g
SIN_NUMERO,E-000089.jpg,2026-08-14,,Toallitas,1.0,unidades,x 80
SIN_NUMERO,E-000089.jpg,2026-08-14,,Gasas,4.0,unidades,x 24
SIN_NUMERO,E-000089.jpg,2026-08-14,,Esparadrapo,2.0,unidades,
SIN_NUMERO,E-000089.jpg,2026-08-14,,Nebulizador,1.0,unidades,
SIN_NUMERO,E-000089.jpg,2026-08-14,,Toallitas,5.0,unidades,x 50
SIN_NUMERO,E-000089.jpg,2026-08-14,,Solución inyectable,1.0,unidades,x 10 ml
SIN_NUMERO,E-000089.jpg,2026-08-14,,Venda,2.0,unidades,
SIN_NUMERO,E-000089.jpg,2026-08-14,,Alcohol,1.0,unidades,70 ml
SIN_NUMERO,E-000089.jpg,2026-08-14,,Gasas,10.0,unidades,x 5
SIN_NUMERO,E-000089.jpg,2026-08-14,,Jeringa,1.0,unidades,1 ml
SIN_NUMERO,E-000089.jpg,2026-08-14,,Solución inyectable,10.0,unidades,x 1 ml
SIN_NUMERO,E-000089.jpg,2026-08-14,,Sueros fisiológicos,700.0,ml,
SIN_NUMERO,E-000089.jpg,2026-08-14,,Gorros quirúrgicos,5.0,unidades,
SIN_NUMERO,E-000089.jpg,2026-08-14,,Sonda nasogástrica,3.0,unidades,500 ml
SIN_NUMERO,E-000089.jpg,2026-08-14,,Hojas para afeitar,5.0,unidades,
SIN_NUMERO,E-000089.jpg,2026-08-14,,Jeringas aguja,15.0,unidades,
SIN_NUMERO,E-000089.jpg,2026-08-14,,Gasa,200.0,paquetes,1 paquete
SIN_NUMERO,E-000089.jpg,2026-08-14,,Esparadrapo,6.0,unidades,
SIN_NUMERO,E-000089.jpg,2026-08-14,,Termómetro,70.0,unidades,
SIN_NUMERO,E-000090.jpg,2026-08-14,,Suero Fisiológico,14.0,unidades,500 ml
SIN_NUMERO,E-000090.jpg,2026-08-14,,Tapa bocas,12.0,unidades,
SIN_NUMERO,E-000090.jpg,2026-08-14,,Guantes,1.0,cajas,x 100
SIN_NUMERO,E-000090.jpg,2026-08-14,,Gasas,28.0,unidades,
SIN_NUMERO,E-000090.jpg,2026-08-14,,Alcohol,1.0,frasco,345 ml
SIN_NUMERO,E-000090.jpg,2026-08-14,,Alcohol,1.0,frasco,120 ml
SIN_NUMERO,E-000090.jpg,2026-08-14,,Alcohol Glicerinado,1.0,frasco,500 ml
SIN_NUMERO,E-000090.jpg,2026-08-14,,Gel antibacterial,1.0,unidad,
SIN_NUMERO,E-000090.jpg,2026-08-14,,Gasas,44.0,unidades,
SIN_NUMERO,E-000090.jpg,2026-08-14,,Pañales,6.0,paquetes,x 14
SIN_NUMERO,E-000090.jpg,2026-08-14,,Guantes,50.0,unidades,
SIN_NUMERO,E-000090.jpg,2026-08-14,,Tapabocas,6.0,unidades,
SIN_NUMERO,E-000090.jpg,2026-08-14,,Venoclisis,1.0,unidad,
SIN_NUMERO,E-000090.jpg,2026-08-14,,Kit quirúrgico,9.0,unidades,
SIN_NUMERO,E-000090.jpg,2026-08-14,,Guantes,1.0,unidad,
SIN_NUMERO,E-000090.jpg,2026-08-14,,Nebulizador,2.0,unidad,
SIN_NUMERO,E-000090.jpg,2026-08-14,,Jeringas,1.0,unidad,50 ml
SIN_NUMERO,E-000090.jpg,2026-08-14,,Jeringas,3.0,unidades,20 ml
SIN_NUMERO,E-000090.jpg,2026-08-14,,Jeringa,15.0,unidades,5 ml
SIN_NUMERO,E-000090.jpg,2026-08-14,,Tapetes,1.0,unidad,
SIN_NUMERO,E-000090.jpg,2026-08-14,,Catéter,10.0,unidades,
SIN_NUMERO,E-000090.jpg,2026-08-14,,Gasas,2.0,unidades,
SIN_NUMERO,E-000090.jpg,2026-08-14,,Guantes,1.0,caja,x 100
SIN_NUMERO,E-000090.jpg,2026-08-14,,Alcohol,1.0,frasco,350 ml
SIN_NUMERO,E-000090.jpg,2026-08-14,,Venda,2.0,unidades,
SIN_NUMERO,E-000090.jpg,2026-08-14,,Micropore,1.0,unidad,
SIN_NUMERO,E-000090.jpg,2026-08-14,,Gasas,7.0,unidades,x 200
SIN_NUMERO,E-000090.jpg,2026-08-14,,Guantes,1.0,unidad,
SIN_NUMERO,E-000090.jpg,2026-08-14,,Toallitas,10.0,paquetes,x 35
SIN_NUMERO,E-000091.jpg,2026-08-14,,Jeringas,44.0,unidades,
SIN_NUMERO,E-000091.jpg,2026-08-14,,Gasas,1.0,paquete,x 24
SIN_NUMERO,E-000091.jpg,2026-08-14,,Venoclisis,10.0,unidades,
SIN_NUMERO,E-000091.jpg,2026-08-14,,Solución inyectable,2.0,frascos,500 ml
SIN_NUMERO,E-000091.jpg,2026-08-14,,Jeringas,7.0,unidades,5 ml
SIN_NUMERO,E-000091.jpg,2026-08-14,,Tapabocas,12.0,unidades,
SIN_NUMERO,E-000091.jpg,2026-08-14,,Jeringa,1.0,unidad,2 ml
SIN_NUMERO,E-000091.jpg,2026-08-14,,Solución inyectable,20.0,frascos,500 ml
SIN_NUMERO,E-000091.jpg,2026-08-14,,Guantes,3.0,cajas,x 50 pares
SIN_NUMERO,E-000091.jpg,2026-08-14,,Gasas,1.0,paquete,x 24
SIN_NUMERO,E-000091.jpg,2026-08-14,,Venoclisis,7.0,unidades,
SIN_NUMERO,E-000091.jpg,2026-08-14,,Solución inyectable,4.0,frascos,250 ml
SIN_NUMERO,E-000091.jpg,2026-08-14,,Equipo de infusión,1.0,unidades,x 30
SIN_NUMERO,E-000091.jpg,2026-08-14,,Toallitas,2.0,paquetes,x 48
SIN_NUMERO,E-000091.jpg,2026-08-14,,Solución inyectable,1.0,frasco,1000 ml
SIN_NUMERO,E-000091.jpg,2026-08-14,,Jeringas,2.0,unidades,10 ml
SIN_NUMERO,E-000091.jpg,2026-08-14,,Equipo infusión,10.0,unidades,x 30
SIN_NUMERO,E-000091.jpg,2026-08-14,,Jeringas,15.0,unidades,10 ml
SIN_NUMERO,E-000091.jpg,2026-08-14,,Jeringas,1.0,unidad,2 ml
SIN_NUMERO,E-000091.jpg,2026-08-14,,Parales,8.0,unidades,x 12
SIN_NUMERO,E-000091.jpg,2026-08-14,,Bolsas de pope,23.0,unidades,
SIN_NUMERO,E-000091.jpg,2026-08-14,,Set de infusión con bureta,100.0,unidades,
SIN_NUMERO,E-000091.jpg,2026-08-14,,Aguja hipodérmica,6.0,cajas,250 ml
SIN_NUMERO,E-000091.jpg,2026-08-14,,Solución inyectable,17.0,frascos,200 ml
SIN_NUMERO,E-000091.jpg,2026-08-14,,Venoclisis,2.0,unidades,
SIN_NUMERO,E-000092.jpg,2026-08-14,,Solución inyectable,3.0,unidades,100 ml
SIN_NUMERO,E-000092.jpg,2026-08-14,,Solución inyectable,3.0,unidades,1000 ml
SIN_NUMERO,E-000092.jpg,2026-08-14,,Gasas,16.0,unidades,
SIN_NUMERO,E-000092.jpg,2026-08-14,,Vendas,13.0,unidades,
SIN_NUMERO,E-000092.jpg,2026-08-14,,Gasas,40.0,unidades,
SIN_NUMERO,E-000092.jpg,2026-08-14,,Catéter,2.0,unidades,
SIN_NUMERO,E-000092.jpg,2026-08-14,,Solución inyectable,1.0,unidades,1000 ml
SIN_NUMERO,E-000092.jpg,2026-08-14,,Algodón,3.0,unidades,
SIN_NUMERO,E-000092.jpg,2026-08-14,,Algodón,2.0,unidades,
SIN_NUMERO,E-000092.jpg,2026-08-14,,Set de infusión,4.0,unidades,
SIN_NUMERO,E-000092.jpg,2026-08-14,,Solución inyectable,6.0,unidades,500 ml
SIN_NUMERO,E-000092.jpg,2026-08-14,,Vendas,36.0,unidades,
SIN_NUMERO,E-000092.jpg,2026-08-14,,Catéter,8.0,unidades,
SIN_NUMERO,E-000092.jpg,2026-08-14,,Solución inyectable,4.0,unidades,
SIN_NUMERO,E-000092.jpg,2026-08-14,,Equipo para venoclisis,17.0,unidades,
SIN_NUMERO,E-000092.jpg,2026-08-14,,Solución inyectable,7.0,unidades,500 ml
SIN_NUMERO,E-000092.jpg,2026-08-14,,Vendas,2.0,unidades,
SIN_NUMERO,E-000092.jpg,2026-08-14,,Micropore,1.0,unidades,
SIN_NUMERO,E-000092.jpg,2026-08-14,,Solución inyectable,5.0,unidades,1000 ml
SIN_NUMERO,E-000092.jpg,2026-08-14,,Tafetes,1.0,unidades,
SIN_NUMERO,E-000092.jpg,2026-08-14,,Jeringa,7.0,unidades,2 ml
SIN_NUMERO,E-000092.jpg,2026-08-14,,Guantes,1.0,unidades,
SIN_NUMERO,E-000092.jpg,2026-08-14,,Gasas,1.0,unidades,
SIN_NUMERO,E-000092.jpg,2026-08-14,,Jeringas,1.0,unidades,10 ml
SIN_NUMERO,E-000092.jpg,2026-08-14,,Gasas,24.0,unidades,
SIN_NUMERO,E-000092.jpg,2026-08-14,,Jeringas,1.0,unidades,3 ml
SIN_NUMERO,E-000092.jpg,2026-08-14,,Jeringas,1.0,unidades,5 ml
SIN_NUMERO,E-000093.jpg,2026-08-14,,Jeringas 5 ml,3.0,unidades,
SIN_NUMERO,E-000093.jpg,2026-08-14,,Basus,16.0,unidades,
SIN_NUMERO,E-000093.jpg,2026-08-14,,Caja jeringas 3 ml,100.0,cajas,
SIN_NUMERO,E-000093.jpg,2026-08-14,,Jeringa insulina 1 ml,10.0,unidades,
SIN_NUMERO,E-000093.jpg,2026-08-14,,Guantes,1.0,cajas,x 100 u
SIN_NUMERO,E-000093.jpg,2026-08-14,,Vendas,1.0,unidades,
SIN_NUMERO,E-000093.jpg,2026-08-14,,Cepillo dientes,12.0,unidades,
SIN_NUMERO,E-000093.jpg,2026-08-14,,Jeringas 3 ml,2.0,unidades,
SIN_NUMERO,E-000093.jpg,2026-08-14,,Micropore,8.0,unidades,
SIN_NUMERO,E-000093.jpg,2026-08-14,,Jeringa 5 ml,2.0,unidades,
SIN_NUMERO,E-000093.jpg,2026-08-14,,Tubos muestra,5.0,unidades,
SIN_NUMERO,E-000093.jpg,2026-08-14,,Catéteres,4.0,unidades,
SIN_NUMERO,E-000093.jpg,2026-08-14,,Bata quirúrgica,4.0,unidades,
SIN_NUMERO,E-000094.jpg,2026-08-14,14 agosto,Termómetro,3.0,unidades,
SIN_NUMERO,E-000094.jpg,2026-08-14,14 agosto,Tijera Basic,2.0,unidades,
SIN_NUMERO,E-000094.jpg,2026-08-14,14 agosto,Lidocaína inyectable,3.0,unidades,
SIN_NUMERO,E-000094.jpg,2026-08-14,14 agosto,Lidocaína Gel,4.0,unidades,
SIN_NUMERO,E-000094.jpg,2026-08-14,14 agosto,Ácido Tranexámico,2.0,ampollas,
SIN_NUMERO,E-000094.jpg,2026-08-14,14 agosto,Quervetol,1.0,unidades,
SIN_NUMERO,E-000094.jpg,2026-08-14,14 agosto,Epinefrina,2.0,unidades,
SIN_NUMERO,E-000094.jpg,2026-08-14,14 agosto,Fin hemox,2.0,unidades,
SIN_NUMERO,E-000094.jpg,2026-08-14,14 agosto,Ixey 08,2.0,unidades,
SIN_NUMERO,E-000095.jpg,2026-08-14,14 agosto,Jabon clorexidina,13.0,unidades,
SIN_NUMERO,E-000095.jpg,2026-08-14,14 agosto,Destroxa,10.0,unidades,
SIN_NUMERO,E-000095.jpg,2026-08-14,14 agosto,Paquete compresas,1.0,paquete,
SIN_NUMERO,E-000095.jpg,2026-08-14,14 agosto,Caja tubos endotraqueal,2.0,cajas,
SIN_NUMERO,E-000095.jpg,2026-08-14,14 agosto,Sonda foley,1.0,unidad,
SIN_NUMERO,E-000095.jpg,2026-08-14,14 agosto,Paquete sutura,5.0,paquetes,
SIN_NUMERO,E-000095.jpg,2026-08-14,14 agosto,Kit instrumental,3.0,kits,
SIN_NUMERO,E-000095.jpg,2026-08-14,14 agosto,Dismopect,1.0,unidad,
SIN_NUMERO,E-000095.jpg,2026-08-14,14 agosto,Nebulizador,1.0,unidad,
SIN_NUMERO,E-000095.jpg,2026-08-14,14 agosto,Paquetes gasas,10.0,paquetes,
SIN_NUMERO,E-000095.jpg,2026-08-14,14 agosto,Caja guantes,3.0,cajas,
SIN_NUMERO,E-000095.jpg,2026-08-14,14 agosto,Venda coban,20.0,unidades,
SIN_NUMERO,E-000095.jpg,2026-08-14,14 agosto,Unidad venda elastica,12.0,unidades,
SIN_NUMERO,E-000095.jpg,2026-08-14,14 agosto,Algodon laminado,4.0,unidades,
SIN_NUMERO,E-000095.jpg,2026-08-14,14 agosto,Caja de nitrilo guante,1.0,caja,
SIN_NUMERO,E-000095.jpg,2026-08-14,14 agosto,Bolsa algodon,2.0,bolsas,
SIN_NUMERO,E-000095.jpg,2026-08-14,14 agosto,Agua esteril,1.0,unidad,
SIN_NUMERO,E-000095.jpg,2026-08-14,14 agosto,Caja de bron hepaina,1.0,caja,
SIN_NUMERO,E-000095.jpg,2026-08-14,14 agosto,Iodines,10.0,unidades,
SIN_NUMERO,E-000095.jpg,2026-08-14,14 agosto,Bolsa de batas,1.0,bolsa,
SIN_NUMERO,E-000095.jpg,2026-08-14,14 agosto,Torniquete,1.0,unidad,
SIN_NUMERO,E-000095.jpg,2026-08-14,14 agosto,Caja tapabocas,14.0,cajas,
SIN_NUMERO,E-000095.jpg,2026-08-14,14 agosto,Sondas ffs,1.0,unidad,
SIN_NUMERO,E-000095.jpg,2026-08-14,14 agosto,Jeringas 60ml,2.0,unidades,
SIN_NUMERO,E-000096.jpg,2026-08-14,14 agosto,Nebulizador,1.0,unidad,
SIN_NUMERO,E-000096.jpg,2026-08-14,14 agosto,Caja puntas para kit quirúrgico,1.0,caja,
SIN_NUMERO,E-000096.jpg,2026-08-14,14 agosto,Termómetro,10.0,unidades,
SIN_NUMERO,E-000097.jpg,2026-08-14,14 agosto,Panitos,4.0,unidades,
SIN_NUMERO,E-000097.jpg,2026-08-14,14 agosto,Renalot,2.0,unidades,30 ml
SIN_NUMERO,E-000098.jpg,2026-08-14,8-14-24,Juguetes perro,4.0,unidades,
SIN_NUMERO,E-000098.jpg,2026-08-14,8-14-24,Platos perro,10.0,unidades,
SIN_NUMERO,E-000098.jpg,2026-08-14,8-14-24,Guacales,4.0,unidades,
SIN_NUMERO,E-000098.jpg,2026-08-14,8-14-24,Collares,20.0,unidades,
SIN_NUMERO,E-000099.jpg,2026-08-14,11-Ago/16,Nexgard,3.5,unidades,
SIN_NUMERO,E-000099.jpg,2026-08-14,11-Ago/16,Prednisolona,3.0,unidades,20mg
SIN_NUMERO,E-000099.jpg,2026-08-14,11-Ago/16,Amoxicilina,3.0,unidades,250mg/5ml
SIN_NUMERO,E-000099.jpg,2026-08-14,11-Ago/16,Cefalexina,3.0,unidades,250mg/5ml
SIN_NUMERO,E-000099.jpg,2026-08-14,11-Ago/16,Prednisolona,2.0,tabletas,5mg/30 tabletas
SIN_NUMERO,E-000099.jpg,2026-08-14,11-Ago/16,Traumeel,2.0,tabletas,
SIN_NUMERO,E-000100.jpg,2026-08-14,14/08/26,Dextrosa,1.0,frascos,500 ml
SIN_NUMERO,E-000100.jpg,2026-08-14,14/08/26,Pomada Vedemin,6.0,unidades,
SIN_NUMERO,E-000100.jpg,2026-08-14,14/08/26,Ketoprofeno,8.0,ampollas,
SIN_NUMERO,E-000100.jpg,2026-08-14,14/08/26,Meloxicam,3.0,unidades,
SIN_NUMERO,E-000100.jpg,2026-08-14,14/08/26,Lactato de Ringer,2.0,bolsas,500 ml
SIN_NUMERO,E-000100.jpg,2026-08-14,14/08/26,Gota oftalmológica,3.0,unidades,
SIN_NUMERO,E-000100.jpg,2026-08-14,14/08/26,Dexametasona,8.0,ampollas,
SIN_NUMERO,E-000101.jpg,2026-08-15,15-08-26,Dextrosa,8.0,unidades,500 ml
SIN_NUMERO,E-000101.jpg,2026-08-15,15-08-26,Aminolife,1.0,unidad,500 ml
SIN_NUMERO,E-000101.jpg,2026-08-15,15-08-26,Complejo B12,20.0,unidades,
SIN_NUMERO,E-000101.jpg,2026-08-15,15-08-26,Depo-Provera,20.0,unidades,
SIN_NUMERO,E-000101.jpg,2026-08-15,15-08-26,Folies,3.0,unidades,
SIN_NUMERO,E-000102.jpg,2026-08-15,15-08-26,Dextrosa,8.0,frascos,500 ml
SIN_NUMERO,E-000102.jpg,2026-08-15,15-08-26,Aminolite,1.0,frasco,500 ml
SIN_NUMERO,E-000102.jpg,2026-08-15,15-08-26,Complejo B12,20.0,ampollas,
SIN_NUMERO,E-000102.jpg,2026-08-15,15-08-26,Depo-Medrol,20.0,ampollas,
SIN_NUMERO,E-000102.jpg,2026-08-15,15-08-26,Folies,3.0,unidades,
SIN_NUMERO,E-000103.jpg,2026-08-15,15-08-26,Dextrosa,8.0,unidades,500 ml
SIN_NUMERO,E-000103.jpg,2026-08-15,15-08-26,Aminolite,1.0,unidad,500 ml
SIN_NUMERO,E-000103.jpg,2026-08-15,15-08-26,Complejo B12,20.0,unidades,
SIN_NUMERO,E-000103.jpg,2026-08-15,15-08-26,Deprosite,3.0,unidades,
SIN_NUMERO,E-000103.jpg,2026-08-15,15-08-26,Rosek,2.0,unidades,
SIN_NUMERO,E-000103.jpg,2026-08-15,15-08-26,Doxiciclina,1.0,caja,tab
SIN_NUMERO,E-000103.jpg,2026-08-15,15-08-26,Cama,1.0,unidad,
SIN_NUMERO,E-000103.jpg,2026-08-15,15-08-26,Collar,2.0,unidades,
SIN_NUMERO,E-000103.jpg,2026-08-15,15-08-26,Comedero,1.0,unidad,
SIN_NUMERO,E-000103.jpg,2026-08-15,15-08-26,Cobijos,2.0,unidades,
SIN_NUMERO,E-000103.jpg,2026-08-15,15-08-26,Nexgard,1.0,unidad,
SIN_NUMERO,E-000104.jpg,2026-08-15,15-08-26,Adrenalina,5.0,unidades,
SIN_NUMERO,E-000104.jpg,2026-08-15,15-08-26,Dextromin,100.0,unidades,
SIN_NUMERO,E-000104.jpg,2026-08-15,15-08-26,Desparasitante Bondel,5.0,unidades,
SIN_NUMERO,E-000104.jpg,2026-08-15,15-08-26,Ketoprofeno,8.0,unidades,
SIN_NUMERO,E-000104.jpg,2026-08-15,15-08-26,Collares,5.0,unidades,
SIN_NUMERO,E-000104.jpg,2026-08-15,15-08-26,Lidocaína,6.0,unidades,
SIN_NUMERO,E-000104.jpg,2026-08-15,15-08-26,Dexametasona,15.0,unidades,
SIN_NUMERO,E-000104.jpg,2026-08-15,15-08-26,Boravid,20.0,unidades,
SIN_NUMERO,E-000104.jpg,2026-08-15,15-08-26,Enrofloxacina,3.0,unidades,
SIN_NUMERO,E-000104.jpg,2026-08-15,15-08-26,Dipirona,1000.0,unidades,
SIN_NUMERO,E-000104.jpg,2026-08-15,15-08-26,Fluimucil,2.0,unidades,
SIN_NUMERO,E-000104.jpg,2026-08-15,15-08-26,Palacodina,1.0,unidades,
SIN_NUMERO,E-000104.jpg,2026-08-15,15-08-26,Pulfen,4.0,unidades,
SIN_NUMERO,E-000104.jpg,2026-08-15,15-08-26,Tramadol,100.0,unidades,
SIN_NUMERO,E-000104.jpg,2026-08-15,15-08-26,Clorhexidina,3.0,unidades,
SIN_NUMERO,E-000104.jpg,2026-08-15,15-08-26,Aminolite,3.0,unidades,
SIN_NUMERO,E-000104.jpg,2026-08-15,15-08-26,Toallas,5.0,unidades,
SIN_NUMERO,E-000104.jpg,2026-08-15,15-08-26,Lactato Ringer,8.0,unidades,
SIN_NUMERO,E-000104.jpg,2026-08-15,15-08-26,Meloxicam,1.0,unidades,
SIN_NUMERO,E-000104.jpg,2026-08-15,15-08-26,Oxitetraciclina,20.0,unidades,
SIN_NUMERO,E-000104.jpg,2026-08-15,15-08-26,Comederos,5.0,unidades,
SIN_NUMERO,E-000104.jpg,2026-08-15,15-08-26,Bozal,6.0,unidades,
SIN_NUMERO,E-000104.jpg,2026-08-15,15-08-26,Labelinos,6.0,unidades,
SIN_NUMERO,E-000105.jpg,2026-08-15,15-08-26,Quercetol,3.0,unidades,30 mg
SIN_NUMERO,E-000105.jpg,2026-08-15,15-08-26,Electrolito Pet,3.0,sobres,100 mg
SIN_NUMERO,E-000105.jpg,2026-08-15,15-08-26,Ungüento Verde VMT,2.0,unidades,10 g
SIN_NUMERO,E-000105.jpg,2026-08-15,15-08-26,Perosan,2.0,unidades,4 y 0.5 g
SIN_NUMERO,E-000105.jpg,2026-08-15,15-08-26,Piperacilina Tazobactam,1.0,unidad,1 g
SIN_NUMERO,E-000105.jpg,2026-08-15,15-08-26,Solución Antiséptica,2.0,unidades,500 ml
SIN_NUMERO,E-000105.jpg,2026-08-15,15-08-26,Aminolyte,3.0,unidades,250 mg/5 ml
SIN_NUMERO,E-000105.jpg,2026-08-15,15-08-26,Cefalexina,4.0,unidades,20 mg/ml
SIN_NUMERO,E-000105.jpg,2026-08-15,15-08-26,Lidocaína,4.0,unidades,30 g
SIN_NUMERO,E-000105.jpg,2026-08-15,15-08-26,Perosen,4.0,unidades,14 g
SIN_NUMERO,E-000106.jpg,2026-08-15,15/08/26,N-Acetilcisteína,5.0,ampollas,
SIN_NUMERO,E-000106.jpg,2026-08-15,15/08/26,Pirapraten,1.0,frasco,100mg
SIN_NUMERO,E-000106.jpg,2026-08-15,15/08/26,Sewful,2.0,frascos,20ml inyectable
SIN_NUMERO,E-000106.jpg,2026-08-15,15/08/26,Dextromin-B,4.0,bolsas,500ml
SIN_NUMERO,E-000106.jpg,2026-08-15,15/08/26,Baxidin,1.0,frasco,1L
SIN_NUMERO,E-000106.jpg,2026-08-15,15/08/26,Restaderm,7.0,frascos,100ml
SIN_NUMERO,E-000106.jpg,2026-08-15,15/08/26,Vioxin,4.0,frascos,60ml
SIN_NUMERO,E-000106.jpg,2026-08-15,15/08/26,Ixer,3.0,frascos,080 60ml
SIN_NUMERO,E-000106.jpg,2026-08-15,15/08/26,Simparica,2.0,tabletas,>10-20kg
SIN_NUMERO,E-000106.jpg,2026-08-15,15/08/26,Fibrinexan,10.0,pastillas,500mg
SIN_NUMERO,E-000106.jpg,2026-08-15,15/08/26,Clavaseptin,4.0,pastillas,250mg
SIN_NUMERO,E-000106.jpg,2026-08-15,15/08/26,Clavaseptin,10.0,pastillas,50mg
SIN_NUMERO,E-000106.jpg,2026-08-15,15/08/26,Pezosen-N,1.0,frasco,220g
SIN_NUMERO,E-000106.jpg,2026-08-15,15/08/26,Klinadina,1.0,frasco,1L
SIN_NUMERO,E-000106.jpg,2026-08-15,15/08/26,Ponccina,2.0,frascos,50ml
SIN_NUMERO,E-000106.jpg,2026-08-15,15/08/26,Lidocaína,1.0,frasco,2% 20ml
SIN_NUMERO,E-000106.jpg,2026-08-15,15/08/26,Credelio,3.0,pastillas,450mg
SIN_NUMERO,E-000106.jpg,2026-08-15,15/08/26,Metromid,1.0,frasco,250mg
SIN_NUMERO,E-000106.jpg,2026-08-15,15/08/26,Trihepat,9.0,frascos,100ml
SIN_NUMERO,E-000106.jpg,2026-08-15,15/08/26,Hidromin,5.0,frascos,oral 120ml
SIN_NUMERO,E-000106.jpg,2026-08-15,15/08/26,Nawcen,7.0,frascos,215ml
SIN_NUMERO,E-000106.jpg,2026-08-15,15/08/26,Cutamycon-VF,3.0,frascos,35g
SIN_NUMERO,E-000106.jpg,2026-08-15,15/08/26,Gluconato de Clorhexidina,4.0,frascos,1%
SIN_NUMERO,E-000107.jpg,2026-08-15,15/Ago/26,Cefalexina,25.0,tabletas,500mg
SIN_NUMERO,E-000107.jpg,2026-08-15,15/Ago/26,Meloxicam,28.0,ml,10ml
SIN_NUMERO,E-000107.jpg,2026-08-15,15/Ago/26,Hemolitan pet,1.0,frasco,30ml
SIN_NUMERO,E-000107.jpg,2026-08-15,15/Ago/26,Fenolvaleta,3.0,frascos,20ml
SIN_NUMERO,E-000107.jpg,2026-08-15,15/Ago/26,Compleland,1.0,frasco,1L
SIN_NUMERO,E-000107.jpg,2026-08-15,15/Ago/26,Bipirina,2.0,frascos,50ml
SIN_NUMERO,E-000107.jpg,2026-08-15,15/Ago/26,Nevgard Spectra,2.0,unidades,2-3.5kg
SIN_NUMERO,E-000107.jpg,2026-08-15,15/Ago/26,Paravit,2.0,frascos,50g
SIN_NUMERO,E-000107.jpg,2026-08-15,15/Ago/26,Sinqui,2.0,frascos,21.20mg/ml
SIN_NUMERO,E-000107.jpg,2026-08-15,15/Ago/26,Piscaina,10.0,ampolletas,40mg
SIN_NUMERO,E-000107.jpg,2026-08-15,15/Ago/26,Omeprazol,20.0,ampolletas,2ml
SIN_NUMERO,E-000107.jpg,2026-08-15,15/Ago/26,Dipirona Sódica,10.0,ampolletas,30g
SIN_NUMERO,E-000107.jpg,2026-08-15,15/Ago/26,Dexametasona,1.0,ampolleta,10mg/2ml
SIN_NUMERO,E-000107.jpg,2026-08-15,15/Ago/26,Lidocaína,10.0,ampolletas,50mg/1ml
SIN_NUMERO,E-000107.jpg,2026-08-15,15/Ago/26,Metoclopramida,1.0,ampolleta,20ml
SIN_NUMERO,E-000107.jpg,2026-08-15,15/Ago/26,Tramadol,6.0,ampolletas,8mg/2ml
SIN_NUMERO,E-000107.jpg,2026-08-15,15/Ago/26,Panidin-V,3.0,frascos,50ml
SIN_NUMERO,E-000107.jpg,2026-08-15,15/Ago/26,Dexametasona,3.0,frascos,10g
SIN_NUMERO,E-000107.jpg,2026-08-15,15/Ago/26,Shampoo,1.0,frasco,15ml
SIN_NUMERO,E-000107.jpg,2026-08-15,15/Ago/26,Sanimicon Spray,2.0,frascos,2mg
SIN_NUMERO,E-000107.jpg,2026-08-15,15/Ago/26,Sanimicon,2.0,frascos,60ml
SIN_NUMERO,E-000107.jpg,2026-08-15,15/Ago/26,Metronidazol,2.0,frascos,
SIN_NUMERO,E-000107.jpg,2026-08-15,15/Ago/26,Algicam Pets (melo),2.0,frascos,
SIN_NUMERO,E-000107.jpg,2026-08-15,15/Ago/26,Ixer Oro,2.0,frascos,
SIN_NUMERO,E-000108.jpg,2026-08-15,15 agosto 2020,Septiderm,2.0,unidades,110ml
SIN_NUMERO,E-000108.jpg,2026-08-15,15 agosto 2020,Boxidan,1.0,unidades,50ml
SIN_NUMERO,E-000108.jpg,2026-08-15,15 agosto 2020,Traumeel,2.0,unidades,60ml
SIN_NUMERO,E-000108.jpg,2026-08-15,15 agosto 2020,Pet drops,1.0,unidades,50 comprimidos
SIN_NUMERO,E-000108.jpg,2026-08-15,15 agosto 2020,Aurotel,2.0,unidades,250ml
SIN_NUMERO,E-000108.jpg,2026-08-15,15 agosto 2020,Simparica,1.0,unidades,1.25-2.5kg
SIN_NUMERO,E-000108.jpg,2026-08-15,15 agosto 2020,Simparica,1.0,unidades,10-20kg
SIN_NUMERO,E-000108.jpg,2026-08-15,15 agosto 2020,Simparica,2.0,unidades,20-40kg
SIN_NUMERO,E-000108.jpg,2026-08-15,15 agosto 2020,Simparica,3.0,unidades,40-60kg
SIN_NUMERO,E-000108.jpg,2026-08-15,15 agosto 2020,Nexgard,4.0,unidades,2-3.5kg
SIN_NUMERO,E-000108.jpg,2026-08-15,15 agosto 2020,Credelio,2.0,unidades,25.1-50kg
SIN_NUMERO,E-000108.jpg,2026-08-15,15 agosto 2020,Canex,1.0,unidades,41-60kg
SIN_NUMERO,E-000108.jpg,2026-08-15,15 agosto 2020,Meloxicam,1.0,unidades,10ml
SIN_NUMERO,E-000108.jpg,2026-08-15,15 agosto 2020,Meloxicam,1.0,unidades,15mg
SIN_NUMERO,E-000108.jpg,2026-08-15,15 agosto 2020,Traumeel,1.0,unidades,2mg
SIN_NUMERO,E-000108.jpg,2026-08-15,15 agosto 2020,Meloxicam,1.0,ampollas,5ml
SIN_NUMERO,E-000108.jpg,2026-08-15,15 agosto 2020,Tranhic-V LHA,1.0,unidades,14gr
SIN_NUMERO,E-000108.jpg,2026-08-15,15 agosto 2020,Biocanis,2.0,unidades,40g
SIN_NUMERO,E-000108.jpg,2026-08-15,15 agosto 2020,Dexametasona,1.0,ampollas,8mg/2ml
SIN_NUMERO,E-000108.jpg,2026-08-15,15 agosto 2020,Dexametasona,1.0,ampollas,4mg/1ml
SIN_NUMERO,E-000108.jpg,2026-08-15,15 agosto 2020,Ankofen,1.0,unidades,20mg
SIN_NUMERO,E-000109.jpg,2026-08-15,13/09/2022,Canisan-D,2.0,frascos,10ml
SIN_NUMERO,E-000109.jpg,2026-08-15,13/09/2022,Dufen Naol,1.0,frasco,10ml
SIN_NUMERO,E-000109.jpg,2026-08-15,13/09/2022,Paracanu,1.0,frasco,32ml
SIN_NUMERO,E-000109.jpg,2026-08-15,13/09/2022,Fipet spray,1.0,frasco,50ml
SIN_NUMERO,E-000109.jpg,2026-08-15,13/09/2022,Milpro,1.0,caja,16mg/40mg 2 tabletas
SIN_NUMERO,E-000109.jpg,2026-08-15,13/09/2022,Canipetis,1.0,frasco,2ml
SIN_NUMERO,E-000109.jpg,2026-08-15,13/09/2022,Prednisolona,1.0,frasco,5mg
SIN_NUMERO,E-000109.jpg,2026-08-15,13/09/2022,Meloxicam,1.0,frasco,20ml
SIN_NUMERO,E-000109.jpg,2026-08-15,13/09/2022,Colivet,1.0,frasco,10ml
SIN_NUMERO,E-000109.jpg,2026-08-15,13/09/2022,Farnex,1.0,frasco,10ml
SIN_NUMERO,E-000109.jpg,2026-08-15,13/09/2022,Creolina,1.0,frasco,5.5-11kg
SIN_NUMERO,E-000109.jpg,2026-08-15,13/09/2022,Galgocal,2.0,frascos,5ml
SIN_NUMERO,E-000109.jpg,2026-08-15,13/09/2022,Fitovete,4.0,frascos,32g
SIN_NUMERO,E-000109.jpg,2026-08-15,13/09/2022,Electrolitico Pet,2.0,frascos,10gr
SIN_NUMERO,E-000109.jpg,2026-08-15,13/09/2022,Electro 700,2.0,frascos,5g
SIN_NUMERO,E-000109.jpg,2026-08-15,13/09/2022,Amigo Fresh,2.0,frascos,10ml
SIN_NUMERO,E-000109.jpg,2026-08-15,13/09/2022,Colirio-200,1.0,frasco,10ml
SIN_NUMERO,E-000109.jpg,2026-08-15,13/09/2022,Hemavet,3.0,frascos,100ml
SIN_NUMERO,E-000109.jpg,2026-08-15,13/09/2022,Enrofloxacina,1.0,frasco,100ml
SIN_NUMERO,E-000109.jpg,2026-08-15,13/09/2022,Cefalexina,1.0,frasco,10ml
SIN_NUMERO,E-000109.jpg,2026-08-15,13/09/2022,Metronidazol,1.0,frasco,60ml
SIN_NUMERO,E-000109.jpg,2026-08-15,13/09/2022,Doxiciclina,1.0,caja,200mg 30 tabletas
SIN_NUMERO,E-000110.jpg,2026-08-15,15/Ago/26,Crema dental,1.0,unidades,30gr
SIN_NUMERO,E-000110.jpg,2026-08-15,15/Ago/26,Crema dental,1.0,unidades,10gr
SIN_NUMERO,E-000110.jpg,2026-08-15,15/Ago/26,Solución antiséptica,1.0,unidades,
SIN_NUMERO,E-000110.jpg,2026-08-15,15/Ago/26,Piperacilina,2.0,unidades,Solución inyectable
SIN_NUMERO,E-000110.jpg,2026-08-15,15/Ago/26,Doxiciclina,1.0,unidades,pomada 10gr
SIN_NUMERO,E-000110.jpg,2026-08-15,15/Ago/26,Doxiciclina,1.0,unidades,30ml
SIN_NUMERO,E-000110.jpg,2026-08-15,15/Ago/26,Doxiciclina,1.0,unidades,50ml inyectable
SIN_NUMERO,E-000110.jpg,2026-08-15,15/Ago/26,Suplemento alimenticio,1.0,unidades,
SIN_NUMERO,E-000110.jpg,2026-08-15,15/Ago/26,Jabón clorhexidina,1.0,unidades,100gr
SIN_NUMERO,E-000110.jpg,2026-08-15,15/Ago/26,Ocixín oral,1.0,unidades,30ml
SIN_NUMERO,E-000110.jpg,2026-08-15,15/Ago/26,Agua oxigenada,2.0,unidades,120ml
SIN_NUMERO,E-000110.jpg,2026-08-15,15/Ago/26,Etamsilato,1.0,unidades,"12,5ml"
SIN_NUMERO,E-000110.jpg,2026-08-15,15/Ago/26,Propofol,5.0,unidades,20ml 10mg
SIN_NUMERO,E-000110.jpg,2026-08-15,15/Ago/26,Inmul-V,2.0,unidades,Homeopático 30ml
SIN_NUMERO,E-000110.jpg,2026-08-15,15/Ago/26,Solución antiséptica,1.0,unidades,60ml
SIN_NUMERO,E-000110.jpg,2026-08-15,15/Ago/26,Cefalexina,2.0,unidades,Polvo 250mg
SIN_NUMERO,E-000110.jpg,2026-08-15,15/Ago/26,Cefalexina,7.0,unidades,Pediatrico 50mg
SIN_NUMERO,E-000110.jpg,2026-08-15,15/Ago/26,Difamcina,2.0,unidades,1.1 20ml
SIN_NUMERO,E-000110.jpg,2026-08-15,15/Ago/26,Suero,4.0,unidades,"Sobre 19,5gr"
SIN_NUMERO,E-000110.jpg,2026-08-15,15/Ago/26,Ampollas Coenzyme,2.0,unidades,5ml
SIN_NUMERO,E-000110.jpg,2026-08-15,15/Ago/26,Clotrimazol,3.0,unidades,crema 40gr
SIN_NUMERO,E-000110.jpg,2026-08-15,15/Ago/26,Loratadina,1.0,unidades,jarabe 5ml
SIN_NUMERO,E-000110.jpg,2026-08-15,15/Ago/26,Pregabalina,1.0,tabletas,25mg
SIN_NUMERO,E-000110.jpg,2026-08-15,15/Ago/26,Combit,1.0,unidades,oral 120ml
SIN_NUMERO,E-000110.jpg,2026-08-15,15/Ago/26,Doxiciclina,1.0,unidades,50mg tableta
SIN_NUMERO,E-000111.jpg,2026-08-15,15/Ago/26,Cefalexina,3.0,tabletas,500 mg
SIN_NUMERO,E-000111.jpg,2026-08-15,15/Ago/26,Doxiciclina Hyclato,1.0,caja,100 mg
SIN_NUMERO,E-000111.jpg,2026-08-15,15/Ago/26,Cefalexina,1.0,caja,500 mg
SIN_NUMERO,E-000111.jpg,2026-08-15,15/Ago/26,Septiderm,2.0,unidades,600 mg/10 comp
SIN_NUMERO,E-000111.jpg,2026-08-15,15/Ago/26,Melox,1.0,frasco,120 ml
SIN_NUMERO,E-000111.jpg,2026-08-15,15/Ago/26,Shampoo,1.0,frasco,30 ml
SIN_NUMERO,E-000111.jpg,2026-08-15,15/Ago/26,Acetaminofen infusión,2.0,unidades,7.5 mg
SIN_NUMERO,E-000111.jpg,2026-08-15,15/Ago/26,Fitovete gel,1.0,tubo,1g/100ml
SIN_NUMERO,E-000111.jpg,2026-08-15,15/Ago/26,Vita cell bet,2.0,unidades,15g
SIN_NUMERO,E-000111.jpg,2026-08-15,15/Ago/26,N. Acetilcisteina,13.0,tabletas,1.5g
SIN_NUMERO,E-000111.jpg,2026-08-15,15/Ago/26,Galgoca,6.0,unidades,20ml
SIN_NUMERO,E-000111.jpg,2026-08-15,15/Ago/26,Dexametasona,1.0,frasco,10ml
SIN_NUMERO,E-000111.jpg,2026-08-15,15/Ago/26,Canisan-D,1.0,frasco,10ml
SIN_NUMERO,E-000111.jpg,2026-08-15,15/Ago/26,Cefalexina,5.0,tabletas,500 mg
SIN_NUMERO,E-000111.jpg,2026-08-15,15/Ago/26,Tramadol,1.0,ampolla,100 mg/2ml
SIN_NUMERO,E-000111.jpg,2026-08-15,15/Ago/26,Epinefrina,1.0,ampolla,1mg/1ml
SIN_NUMERO,E-000111.jpg,2026-08-15,15/Ago/26,Aciflux,1.0,frasco,500mg
SIN_NUMERO,E-000111.jpg,2026-08-15,15/Ago/26,Unisel,1.0,caja,30 comprimidos
SIN_NUMERO,E-000111.jpg,2026-08-15,15/Ago/26,Prednisona,1.0,caja,30 tabletas
SIN_NUMERO,E-000111.jpg,2026-08-15,15/Ago/26,Prednisolona,1.0,caja,5mg
SIN_NUMERO,E-000111.jpg,2026-08-15,15/Ago/26,Tranquilan,1.0,caja,20 tabletas
SIN_NUMERO,E-000112.jpg,2026-08-15,25 agosto,Anahorn,2.0,frascos,10ml
SIN_NUMERO,E-000112.jpg,2026-08-15,25 agosto,Fumado,1.0,unidad,
SIN_NUMERO,E-000112.jpg,2026-08-15,25 agosto,Antiesmo,1.0,unidad,
SIN_NUMERO,E-000112.jpg,2026-08-15,25 agosto,Dexametasona,10.0,ampollas,2ml
SIN_NUMERO,E-000112.jpg,2026-08-15,25 agosto,Ankofen,1.0,unidad,
SIN_NUMERO,E-000112.jpg,2026-08-15,25 agosto,Tramadol,2.0,frascos,100ml
SIN_NUMERO,E-000112.jpg,2026-08-15,25 agosto,Shampoo,4.0,unidades,
SIN_NUMERO,E-000112.jpg,2026-08-15,25 agosto,Lyrica,1.0,unidad,20ml
SIN_NUMERO,E-000112.jpg,2026-08-15,25 agosto,Espadrapo,2.0,rollos,5cm
SIN_NUMERO,E-000112.jpg,2026-08-15,25 agosto,Cefalexina,2.0,frascos,5ml
SIN_NUMERO,E-000112.jpg,2026-08-15,25 agosto,Nutrisure,1.0,frasco,120ml
SIN_NUMERO,E-000112.jpg,2026-08-15,25 agosto,Suero,5.0,bolsas,200ml
SIN_NUMERO,E-000112.jpg,2026-08-15,25 agosto,Ensure,2.0,latas,400g
SIN_NUMERO,E-000112.jpg,2026-08-15,25 agosto,Oral Pet,6.0,unidades,400ml
SIN_NUMERO,E-000112.jpg,2026-08-15,25 agosto,Doggy Cat,1.0,unidad,
SIN_NUMERO,E-000112.jpg,2026-08-15,25 agosto,Tramadol clorhidrato,1.0,unidad,
SIN_NUMERO,E-000112.jpg,2026-08-15,25 agosto,Shampoo,2.0,unidades,
SIN_NUMERO,E-000112.jpg,2026-08-15,25 agosto,Feeding kit,1.0,unidad,
SIN_NUMERO,E-000112.jpg,2026-08-15,25 agosto,Sonda Two way,1.0,unidad,
SIN_NUMERO,E-000112.jpg,2026-08-15,25 agosto,Electrolito,1.0,bolsa,10g
SIN_NUMERO,E-000112.jpg,2026-08-15,25 agosto,Simparica,1.0,unidad,10kg
SIN_NUMERO,E-000112.jpg,2026-08-15,25 agosto,Met-gurt,2.0,unidades,
SIN_NUMERO,E-000112.jpg,2026-08-15,25 agosto,Mox Colina,3.0,unidades,2%
SIN_NUMERO,E-000113.jpg,2026-08-15,15/08/26,Comedero P.,1.0,unidades,
SIN_NUMERO,E-000113.jpg,2026-08-15,15/08/26,Guacal mediano,1.0,unidades,
SIN_NUMERO,E-000113.jpg,2026-08-15,15/08/26,Guacal extra grande,1.0,unidades,
SIN_NUMERO,E-000113.jpg,2026-08-15,15/08/26,Arena,60.0,unidades,
SIN_NUMERO,E-000113.jpg,2026-08-15,15/08/26,Comedero,30.0,unidades,
SIN_NUMERO,E-000113.jpg,2026-08-15,15/08/26,Cefalexina,2.0,unidades,
SIN_NUMERO,E-000113.jpg,2026-08-15,15/08/26,Camas,6.0,unidades,
SIN_NUMERO,E-000113.jpg,2026-08-15,15/08/26,Cobijas,10.0,unidades,
SIN_NUMERO,E-000113.jpg,2026-08-15,15/08/26,Toallas tapete,20.0,unidades,
SIN_NUMERO,E-000113.jpg,2026-08-15,15/08/26,Guacales grandes,20.0,unidades,
SIN_NUMERO,E-000113.jpg,2026-08-15,15/08/26,Guacales,3.0,unidades,
SIN_NUMERO,E-000113.jpg,2026-08-15,15/08/26,Pruebas tela,3.0,unidades,
SIN_NUMERO,E-000113.jpg,2026-08-15,15/08/26,Pruebas rapidas,40.0,unidades,
SIN_NUMERO,E-000113.jpg,2026-08-15,15/08/26,Amoxicilina,14.0,unidades,
SIN_NUMERO,E-000113.jpg,2026-08-15,15/08/26,Guacales pequeños,10.0,unidades,
SIN_NUMERO,E-000113.jpg,2026-08-15,15/08/26,Cobijas,1.0,unidades,
SIN_NUMERO,E-000114.jpg,2026-08-15,15/08/26,Shooter,1.0,frasco,250ml
SIN_NUMERO,E-000114.jpg,2026-08-15,15/08/26,Petosan-N cicatrizante,1.0,frasco,100g
SIN_NUMERO,E-000114.jpg,2026-08-15,15/08/26,Acetaminofen,1.0,tabletas,400g
SIN_NUMERO,E-000114.jpg,2026-08-15,15/08/26,Bavidin antiséptico,1.0,frasco,120ml
SIN_NUMERO,E-000114.jpg,2026-08-15,15/08/26,Paño seco anti-pulgas,6.0,unidades,160ml
SIN_NUMERO,E-000114.jpg,2026-08-15,15/08/26,Toallitas húmedas,1.0,paquete,120 toallitas
SIN_NUMERO,E-000114.jpg,2026-08-15,15/08/26,Enteromax,1.0,frasco,8g
SIN_NUMERO,E-000114.jpg,2026-08-15,15/08/26,Inmunol líquido,4.0,frascos,100ml
SIN_NUMERO,E-000114.jpg,2026-08-15,15/08/26,Curex-Pet topic,2.0,frascos,120ml
SIN_NUMERO,E-000114.jpg,2026-08-15,15/08/26,Cunex oral,2.0,frascos,jeringa x 10ml
SIN_NUMERO,E-000114.jpg,2026-08-15,15/08/26,Metronidazol oral,5.0,frascos,60ml
SIN_NUMERO,E-000114.jpg,2026-08-15,15/08/26,Polvo reconstituyente oral,2.0,frascos,10ml
SIN_NUMERO,E-000114.jpg,2026-08-15,15/08/26,Meloxivet,7.0,frascos,10ml
SIN_NUMERO,E-000114.jpg,2026-08-15,15/08/26,Meloxicam,2.0,frascos,10ml
SIN_NUMERO,E-000114.jpg,2026-08-15,15/08/26,Doxiciclina,2.0,frascos,100mg
SIN_NUMERO,E-000114.jpg,2026-08-15,15/08/26,Meloxivet suspensión,2.0,frascos,15ml
SIN_NUMERO,E-000114.jpg,2026-08-15,15/08/26,Jabón de limpieza,1.0,frasco,300ml
SIN_NUMERO,E-000114.jpg,2026-08-15,15/08/26,Puruncans Puppy,1.0,frasco,jeringa 5ml
SIN_NUMERO,E-000114.jpg,2026-08-15,15/08/26,Puruncans,1.0,frasco,60ml
SIN_NUMERO,E-000114.jpg,2026-08-15,15/08/26,Doxiciclina oral,1.0,frasco,60ml
SIN_NUMERO,E-000114.jpg,2026-08-15,15/08/26,Pollo para reconstituir oral,1.0,frasco,900ml
SIN_NUMERO,E-000115.jpg,2026-08-15,26 Agosto,Aminex,1.0,frasco,200 mg
SIN_NUMERO,E-000115.jpg,2026-08-15,26 Agosto,Pulvican,2.0,unidades,B. 500g
SIN_NUMERO,E-000115.jpg,2026-08-15,26 Agosto,Gomos quirúrgicos,6.0,unidades,
SIN_NUMERO,E-000115.jpg,2026-08-15,26 Agosto,Amoxicilina,8.0,pastas,500 mg
SIN_NUMERO,E-000115.jpg,2026-08-15,26 Agosto,Genfor,1.0,ampolla,2 ml
SIN_NUMERO,E-000115.jpg,2026-08-15,26 Agosto,Oxiorst,10.0,frascos,50 ml
SIN_NUMERO,E-000115.jpg,2026-08-15,26 Agosto,Nicilan,4.0,frascos,100 mg
SIN_NUMERO,E-000115.jpg,2026-08-15,26 Agosto,Oral Pet,6.0,frascos,400 ml
SIN_NUMERO,E-000115.jpg,2026-08-15,26 Agosto,Polivet,3.0,frascos,50 ml
SIN_NUMERO,E-000115.jpg,2026-08-15,26 Agosto,Iver,2.0,frascos,0.8 120 ml
SIN_NUMERO,E-000115.jpg,2026-08-15,26 Agosto,Polypropylene,4.0,unidades,
SIN_NUMERO,E-000115.jpg,2026-08-15,26 Agosto,Meloxicam,2.0,frascos,10 ml
SIN_NUMERO,E-000115.jpg,2026-08-15,26 Agosto,Metgard,10.0,tabletas,68 mg
SIN_NUMERO,E-000115.jpg,2026-08-15,26 Agosto,Fito vet,2.0,frascos,15 g
SIN_NUMERO,E-000115.jpg,2026-08-15,26 Agosto,Tranqui Pet,1.0,frasco,5 ml
SIN_NUMERO,E-000115.jpg,2026-08-15,26 Agosto,Olectol,1.0,frasco,vet. dog
SIN_NUMERO,E-000115.jpg,2026-08-15,26 Agosto,Maxidin,4.0,frascos,300 mg
SIN_NUMERO,E-000115.jpg,2026-08-15,26 Agosto,Pomada,1.0,unidad,afa 220 g
SIN_NUMERO,E-000115.jpg,2026-08-15,26 Agosto,Hipodry,3.0,frascos,1.34 ml
SIN_NUMERO,E-000115.jpg,2026-08-15,26 Agosto,Pisacaina,4.0,frascos,20 ml
SIN_NUMERO,E-000115.jpg,2026-08-15,26 Agosto,Finhemox,3.0,frascos,50 ml
SIN_NUMERO,E-000115.jpg,2026-08-15,26 Agosto,Meloxic,2.0,frascos,1 xr 080 60 ml
SIN_NUMERO,E-000116.jpg,2026-08-15,15 Agosto,Sutura no absorbible,1.0,unidad,
SIN_NUMERO,E-000116.jpg,2026-08-15,15 Agosto,Meloxicam,10.0,unidades,0.15% 10ml
SIN_NUMERO,E-000116.jpg,2026-08-15,15 Agosto,Doxiciclina,1.0,unidad,2-3.5kg
SIN_NUMERO,E-000116.jpg,2026-08-15,15 Agosto,Sugastrin,1.0,unidad,240ml
SIN_NUMERO,E-000116.jpg,2026-08-15,15 Agosto,Nexgard Spectra,1.0,unidad,
SIN_NUMERO,E-000116.jpg,2026-08-15,15 Agosto,Metronidazol inyectable,1.0,unidad,
SIN_NUMERO,E-000116.jpg,2026-08-15,15 Agosto,Dextromin-B,1.0,unidad,500ml
SIN_NUMERO,E-000116.jpg,2026-08-15,15 Agosto,Metoclopramida,1.0,unidad,4mg
SIN_NUMERO,E-000116.jpg,2026-08-15,15 Agosto,Diampel,1.0,unidad,30ml
SIN_NUMERO,E-000116.jpg,2026-08-15,15 Agosto,Melobest,1.0,unidad,10ml
SIN_NUMERO,E-000116.jpg,2026-08-15,15 Agosto,200-Floxin,20.0,pastas,100gr
SIN_NUMERO,E-000116.jpg,2026-08-15,15 Agosto,Iver,1.0,unidad,0.6%
SIN_NUMERO,E-000116.jpg,2026-08-15,15 Agosto,Dextromin-B,3.0,unidades,1000ml
SIN_NUMERO,E-000116.jpg,2026-08-15,15 Agosto,Lidocaina,1.0,unidad,5ml
SIN_NUMERO,E-000116.jpg,2026-08-15,15 Agosto,Meloxicam,2.0,unidades,0.5% 10ml
SIN_NUMERO,E-000116.jpg,2026-08-15,15 Agosto,Tears,1.0,unidad,8ml
SIN_NUMERO,E-000116.jpg,2026-08-15,15 Agosto,Nebulizadores,4.0,unidades,
SIN_NUMERO,E-000116.jpg,2026-08-15,15 Agosto,Nexgard Spectra,3.0,unidades,3.5-7.5kg
SIN_NUMERO,E-000116.jpg,2026-08-15,15 Agosto,Simparica,2.0,unidades,5-10kg
SIN_NUMERO,E-000116.jpg,2026-08-15,15 Agosto,Simparica,1.0,unidad,10-20kg
SIN_NUMERO,E-000116.jpg,2026-08-15,15 Agosto,Simparica,2.0,unidades,20-40kg
SIN_NUMERO,E-000116.jpg,2026-08-15,15 Agosto,Metronidazol inyectable,5.0,unidades,100ml
SIN_NUMERO,E-000116.jpg,2026-08-15,15 Agosto,Pulfen,2.0,unidades,3.2ml
SIN_NUMERO,E-000116.jpg,2026-08-15,15 Agosto,Penicilina,16.0,unidades,puro
SIN_NUMERO,E-000117.jpg,2026-08-15,,Quercetol,1.0,unidad,
SIN_NUMERO,E-000117.jpg,2026-08-15,,Halotano,1.0,unidad,
SIN_NUMERO,E-000117.jpg,2026-08-15,,Camas,10.0,unidades,
SIN_NUMERO,E-000117.jpg,2026-08-15,,Comederos,20.0,unidades,
SIN_NUMERO,E-000117.jpg,2026-08-15,,Camas,10.0,unidades,
SIN_NUMERO,E-000117.jpg,2026-08-15,,Comederos,20.0,unidades,
SIN_NUMERO,E-000118.jpg,2026-08-15,15/Abril/26,Metronidazol,1.0,frascos,120ml
SIN_NUMERO,E-000118.jpg,2026-08-15,15/Abril/26,Suplemento,1.0,frascos,110ml
SIN_NUMERO,E-000118.jpg,2026-08-15,15/Abril/26,Inmut-V,1.0,cajas,comprimidos
SIN_NUMERO,E-000118.jpg,2026-08-15,15/Abril/26,Yodopovidona,5.0,frascos,60ml
SIN_NUMERO,E-000118.jpg,2026-08-15,15/Abril/26,Linazon,1.0,frascos,
SIN_NUMERO,E-000118.jpg,2026-08-15,15/Abril/26,Cicatrizante,4.0,unidades,50gr
SIN_NUMERO,E-000118.jpg,2026-08-15,15/Abril/26,Doxiciclina,1.0,cajas,200mg
SIN_NUMERO,E-000118.jpg,2026-08-15,15/Abril/26,Multicepas,8.0,unidades,30gr
SIN_NUMERO,E-000118.jpg,2026-08-15,15/Abril/26,Septiderm,4.0,frascos,50ml
SIN_NUMERO,E-000118.jpg,2026-08-15,15/Abril/26,Meloxicam,5.0,frascos,0.15% 10ml
SIN_NUMERO,E-000118.jpg,2026-08-15,15/Abril/26,Doxiciclina,2.0,cajas,tabletas
SIN_NUMERO,E-000118.jpg,2026-08-15,15/Abril/26,Nexgard Spectra,15.0,unidades,2-3.5kg
SIN_NUMERO,E-000118.jpg,2026-08-15,15/Abril/26,Suelo,2.0,bolsas,20.7gr
SIN_NUMERO,E-000118.jpg,2026-08-15,15/Abril/26,Bromuro de prilocaina,2.0,frascos,aerosol
SIN_NUMERO,E-000118.jpg,2026-08-15,15/Abril/26,Meloxicam,1.0,frascos,0.15% 10ml
SIN_NUMERO,E-000118.jpg,2026-08-15,15/Abril/26,Pañitos limpieza,4.0,paquetes,
SIN_NUMERO,E-000118.jpg,2026-08-15,15/Abril/26,Lubricante ocular,1.0,frascos,75ml
SIN_NUMERO,E-000118.jpg,2026-08-15,15/Abril/26,Ophtacril,3.0,frascos,
SIN_NUMERO,E-000118.jpg,2026-08-15,15/Abril/26,Hiprolub,2.0,frascos,75ml
SIN_NUMERO,E-000118.jpg,2026-08-15,15/Abril/26,Tranexamico,1.0,cajas,500mg
SIN_NUMERO,E-000118.jpg,2026-08-15,15/Abril/26,Cefalonia,1.0,cajas,1000mg
SIN_NUMERO,E-000118.jpg,2026-08-15,15/Abril/26,Antiinflamatorio,1.0,cajas,comprimidos
SIN_NUMERO,E-000118.jpg,2026-08-15,15/Abril/26,Algican pets,1.0,cajas,4mg
SIN_NUMERO,E-000119.jpg,2026-08-15,15/Ago/26,Lagnifresh,2.0,frascos,15 ml
SIN_NUMERO,E-000119.jpg,2026-08-15,15/Ago/26,Ampicilina,7.0,unidades,polvo 1.5 gr
SIN_NUMERO,E-000119.jpg,2026-08-15,15/Ago/26,Pisccina,1.0,frasco,2.1
SIN_NUMERO,E-000119.jpg,2026-08-15,15/Ago/26,Endogard,3.0,unidades,10 kg
SIN_NUMERO,E-000119.jpg,2026-08-15,15/Ago/26,Nexgard,2.0,unidades,25.1-50 kg
SIN_NUMERO,E-000119.jpg,2026-08-15,15/Ago/26,Inyección lidocaína,7.0,unidades,2.1%
SIN_NUMERO,E-000119.jpg,2026-08-15,15/Ago/26,Oftalmosyn,7.0,frascos,10 ml
SIN_NUMERO,E-000119.jpg,2026-08-15,15/Ago/26,Quercetol,2.0,unidades,100 mg
SIN_NUMERO,E-000119.jpg,2026-08-15,15/Ago/26,Visivet,7.0,frascos,10 ml
SIN_NUMERO,E-000119.jpg,2026-08-15,15/Ago/26,Canison,7.0,frascos,10 ml
SIN_NUMERO,E-000119.jpg,2026-08-15,15/Ago/26,Meloxipet,7.0,frascos,10 ml
SIN_NUMERO,E-000119.jpg,2026-08-15,15/Ago/26,Edomil-B,7.0,frascos,5 ml
SIN_NUMERO,E-000119.jpg,2026-08-15,15/Ago/26,Ketobest,8.0,frascos,5 ml
SIN_NUMERO,E-000119.jpg,2026-08-15,15/Ago/26,Aerobest,2.0,frascos,100 ml
SIN_NUMERO,E-000119.jpg,2026-08-15,15/Ago/26,Rastoro Sutura,5.0,unidades,
SIN_NUMERO,E-000119.jpg,2026-08-15,15/Ago/26,N-Acetilcisteína,2.0,ampollas,3 ml
SIN_NUMERO,E-000119.jpg,2026-08-15,15/Ago/26,Metronidazol,13.0,frascos,100 ml
SIN_NUMERO,E-000119.jpg,2026-08-15,15/Ago/26,Wescohex,1.0,frasco,120 ml
SIN_NUMERO,E-000119.jpg,2026-08-15,15/Ago/26,Vit. Quirúrgico,3.0,unidades,
SIN_NUMERO,E-000119.jpg,2026-08-15,15/Ago/26,Tonerdoscopio,1.0,unidad,
SIN_NUMERO,E-000119.jpg,2026-08-15,15/Ago/26,Pracan,1.0,frasco,5 ml
SIN_NUMERO,E-000120.jpg,2026-08-15,15/08/26,Splidex oral,15.0,frascos,20.7g
SIN_NUMERO,E-000120.jpg,2026-08-15,15/08/26,N-Acetilcisteína,6.0,ampollas,300mg/3ml
SIN_NUMERO,E-000120.jpg,2026-08-15,15/08/26,Agujas,6.0,cajas,100 unidades
SIN_NUMERO,E-000120.jpg,2026-08-15,15/08/26,Quinodiar Enrofloxacina,3.0,frascos,30ml
SIN_NUMERO,E-000120.jpg,2026-08-15,15/08/26,Splidex,1.0,frasco,10ml
SIN_NUMERO,E-000120.jpg,2026-08-15,15/08/26,Meloxicam,1.0,frasco,10ml
SIN_NUMERO,E-000120.jpg,2026-08-15,15/08/26,Agua de tejido,1.0,frasco,60ml
SIN_NUMERO,E-000120.jpg,2026-08-15,15/08/26,Povidin,9.0,frascos,
SIN_NUMERO,E-000120.jpg,2026-08-15,15/08/26,Suturas absorbibles,2.0,cajas,1000 176
SIN_NUMERO,E-000120.jpg,2026-08-15,15/08/26,Meloxicam oral,6.0,frascos,10ml
SIN_NUMERO,E-000120.jpg,2026-08-15,15/08/26,Geta intravenosa,2.0,frascos,10ml
SIN_NUMERO,E-000120.jpg,2026-08-15,15/08/26,Sello de Rinna,1.0,frasco,10ml
SIN_NUMERO,E-000120.jpg,2026-08-15,15/08/26,Meloxicam 0.5%,1.0,frasco,10ml
SIN_NUMERO,E-000120.jpg,2026-08-15,15/08/26,Meloxicam 0.5% inyectable,2.0,frascos,10ml
SIN_NUMERO,E-000120.jpg,2026-08-15,15/08/26,Antifen tabletas,1.0,caja,tabletas 20mg
SIN_NUMERO,E-000120.jpg,2026-08-15,15/08/26,Venda adhesiva,1.0,rollo,100ml
SIN_NUMERO,E-000120.jpg,2026-08-15,15/08/26,Dilipet oral,1.0,frasco,100ml
SIN_NUMERO,E-000120.jpg,2026-08-15,15/08/26,Povidin antiséptico,1.0,frasco,100ml
SIN_NUMERO,E-000120.jpg,2026-08-15,15/08/26,Genax-Otico,10.0,frascos,50ml
SIN_NUMERO,E-000121.jpg,2026-08-15,15/08/26,Prednisona,1.0,caja,5 mg 30 tabletas
SIN_NUMERO,E-000121.jpg,2026-08-15,15/08/26,Meloxicam,1.0,caja,7.5 mg 10 tabletas
SIN_NUMERO,E-000121.jpg,2026-08-15,15/08/26,Lagricol,2.0,frascos,0.5% 10 ml
SIN_NUMERO,E-000121.jpg,2026-08-15,15/08/26,Meloxicam,1.0,frasco,0.5% oral 15 ml
SIN_NUMERO,E-000121.jpg,2026-08-15,15/08/26,Meloxicam,1.0,frasco,0.5% 20 ml
SIN_NUMERO,E-000121.jpg,2026-08-15,15/08/26,Toltrazuril,1.0,frasco,30 ml
SIN_NUMERO,E-000121.jpg,2026-08-15,15/08/26,Afa-3,1.0,frasco,60 ml
SIN_NUMERO,E-000121.jpg,2026-08-15,15/08/26,Clorhexidina shampoo,1.0,frasco,230 ml
SIN_NUMERO,E-000121.jpg,2026-08-15,15/08/26,Bactroderm,1.0,frasco,240 ml
SIN_NUMERO,E-000121.jpg,2026-08-15,15/08/26,Fumigante,1.0,frasco,1% 20 ml
SIN_NUMERO,E-000121.jpg,2026-08-15,15/08/26,Otitis,2.0,frascos,solución ótica 20 ml
SIN_NUMERO,E-000121.jpg,2026-08-15,15/08/26,Simparica,3.0,tabletas,5-10 kg
SIN_NUMERO,E-000121.jpg,2026-08-15,15/08/26,Simparica,2.0,tabletas,20-40 kg
SIN_NUMERO,E-000121.jpg,2026-08-15,15/08/26,Prednisona,1.0,caja,5 mg 10 tabletas
SIN_NUMERO,E-000121.jpg,2026-08-15,15/08/26,Pernex,1.0,frasco,5 ml
SIN_NUMERO,E-000121.jpg,2026-08-15,15/08/26,Drontal Puppy,2.0,frascos,20 ml
SIN_NUMERO,E-000121.jpg,2026-08-15,15/08/26,Fiprex,2.0,pipetas,3.2 ml
SIN_NUMERO,E-000121.jpg,2026-08-15,15/08/26,Meloxicam,2.0,frascos,0.15% 10 ml
SIN_NUMERO,E-000122.jpg,2026-08-15,15/08/26,Meloxicam 2%,1.0,frasco,50ml
SIN_NUMERO,E-000122.jpg,2026-08-15,15/08/26,Dexametasona inyectable,1.0,frasco,50ml
SIN_NUMERO,E-000122.jpg,2026-08-15,15/08/26,Clorhexidina gluconato,1.0,litro,1 litro
SIN_NUMERO,E-000122.jpg,2026-08-15,15/08/26,Isodine,5.0,frascos,60ml
SIN_NUMERO,E-000122.jpg,2026-08-15,15/08/26,Butosol (yodo),1.0,frasco,60ml
SIN_NUMERO,E-000122.jpg,2026-08-15,15/08/26,Complejo B12,1.0,frasco,4 litros
SIN_NUMERO,E-000122.jpg,2026-08-15,15/08/26,Ixer 080 antiséptico,2.0,frascos,5ml
SIN_NUMERO,E-000122.jpg,2026-08-15,15/08/26,Quercetol,2.0,frascos,120ml
SIN_NUMERO,E-000122.jpg,2026-08-15,15/08/26,Lidocaína,2.0,frascos,caja x 50 unidades
SIN_NUMERO,E-000122.jpg,2026-08-15,15/08/26,Ketoprofeno inyectable,1.0,frasco,50ml
SIN_NUMERO,E-000122.jpg,2026-08-15,15/08/26,Adrenalina,3.0,ampollas,10ml
SIN_NUMERO,E-000122.jpg,2026-08-15,15/08/26,Asuntol jabón,8.0,unidades,100g
SIN_NUMERO,E-000122.jpg,2026-08-15,15/08/26,Gasas no estériles,2.0,paquetes,1x1/2
SIN_NUMERO,E-000122.jpg,2026-08-15,15/08/26,Complejo B,2.0,frascos,100ml
SIN_NUMERO,E-000122.jpg,2026-08-15,15/08/26,Jabón,1.0,unidad,90g
SIN_NUMERO,E-000122.jpg,2026-08-15,15/08/26,Gasas estériles,2.0,sobres,12 sobres
SIN_NUMERO,E-000122.jpg,2026-08-15,15/08/26,Curatox oral,1.0,frasco,60ml
SIN_NUMERO,E-000122.jpg,2026-08-15,15/08/26,Baxidin antiséptico,2.0,frascos,60ml
SIN_NUMERO,E-000122.jpg,2026-08-15,15/08/26,Pedicun suspensión oral,1.0,frasco,10ml
SIN_NUMERO,E-000122.jpg,2026-08-15,15/08/26,Panlog pomada,2.0,tubos,15ml
SIN_NUMERO,E-000123.jpg,2026-08-15,15/08/16,Doxiciclina,1.0,tabletas,100 mg
SIN_NUMERO,E-000123.jpg,2026-08-15,15/08/16,Dexametasona fosfato,1.0,frascos,10 mg x 5g
SIN_NUMERO,E-000123.jpg,2026-08-15,15/08/16,Cefalexina,2.0,cajas,500 mg
SIN_NUMERO,E-000123.jpg,2026-08-15,15/08/16,Cidert,1.0,frasco,20 ml
SIN_NUMERO,E-000123.jpg,2026-08-15,15/08/16,Dexametasona,1.0,frasco,20 ml
SIN_NUMERO,E-000123.jpg,2026-08-15,15/08/16,Dexametasona,10.0,ampollas,8 mg / 2 ml
SIN_NUMERO,E-000123.jpg,2026-08-15,15/08/16,Dexametasona,1.0,frasco,8 mg / 2 ml
SIN_NUMERO,E-000123.jpg,2026-08-15,15/08/16,Cutimcon,1.0,frasco,50 ml
SIN_NUMERO,E-000123.jpg,2026-08-15,15/08/16,Solu-Drex,2.0,frascos,100 ml
SIN_NUMERO,E-000123.jpg,2026-08-15,15/08/16,Ampicilina,4.0,frascos,1 g
SIN_NUMERO,E-000123.jpg,2026-08-15,15/08/16,Bactrovet,1.0,frasco,60 ml
SIN_NUMERO,E-000123.jpg,2026-08-15,15/08/16,Meloxicam,1.0,frasco,30 ml
SIN_NUMERO,E-000123.jpg,2026-08-15,15/08/16,Penicilina,2.0,frascos,50 ml
SIN_NUMERO,E-000123.jpg,2026-08-15,15/08/16,Penicilina,1.0,frasco,50 ml
SIN_NUMERO,E-000123.jpg,2026-08-15,15/08/16,Glicel,1.0,frasco,60 ml
SIN_NUMERO,E-000123.jpg,2026-08-15,15/08/16,Cisnet,1.0,frasco,60 ml
SIN_NUMERO,E-000123.jpg,2026-08-15,15/08/16,Petty limpiador de oídos,1.0,frasco,118 ml
SIN_NUMERO,E-000123.jpg,2026-08-15,15/08/16,Doxiciclina,1.0,caja,50 tabletas
SIN_NUMERO,E-000123.jpg,2026-08-15,15/08/16,Aminolito,2.0,frascos,500 ml
SIN_NUMERO,E-000124.jpg,2026-08-15,15/08/16,Nebumax,1.0,tabletas,3 tabletas
SIN_NUMERO,E-000124.jpg,2026-08-15,15/08/16,Berberis inyectable,1.0,frascos,50 ml
SIN_NUMERO,E-000124.jpg,2026-08-15,15/08/16,Tecnisum Pets,1.0,frascos,30 ml
SIN_NUMERO,E-000124.jpg,2026-08-15,15/08/16,Ocovin Pets,1.0,frascos,150 ml
SIN_NUMERO,E-000124.jpg,2026-08-15,15/08/16,Rezosen-n,2.0,frascos,30 ml
SIN_NUMERO,E-000124.jpg,2026-08-15,15/08/16,Pixicaine,4.0,frascos,20 unidades 30 ml
SIN_NUMERO,E-000124.jpg,2026-08-15,15/08/16,Meloxicam,6.0,frascos,0.5% 15 ml
SIN_NUMERO,E-000124.jpg,2026-08-15,15/08/16,Nicthu Polimixico,2.0,frascos,1.4% 5 ml
SIN_NUMERO,E-000124.jpg,2026-08-15,15/08/16,Of-tiprednol,4.0,frascos,0.2% 90 ml
SIN_NUMERO,E-000124.jpg,2026-08-15,15/08/16,Polivicun,3.0,frascos,120 ml
SIN_NUMERO,E-000124.jpg,2026-08-15,15/08/16,Iver obc antiseptic,1.0,frascos,50 ml
SIN_NUMERO,E-000124.jpg,2026-08-15,15/08/16,Enrofloxacina,1.0,cajas,50 tabletas
SIN_NUMERO,E-000124.jpg,2026-08-15,15/08/16,Fibrilon acido tranexamico,1.0,solución,15 ml
SIN_NUMERO,E-000124.jpg,2026-08-15,15/08/16,Melox azitromicina,1.0,frascos,30 ml
SIN_NUMERO,E-000124.jpg,2026-08-15,15/08/16,Freeyen gel,1.0,frascos,10 ml
SIN_NUMERO,E-000124.jpg,2026-08-15,15/08/16,Meloxiproc,1.0,frascos,0.5% 10 ml
SIN_NUMERO,E-000124.jpg,2026-08-15,15/08/16,Lidocaina HCl,1.0,frascos,2% 20 ml
SIN_NUMERO,E-000124.jpg,2026-08-15,15/08/16,Ultra tauris,1.0,frascos,3 ampollas 10 ml
SIN_NUMERO,E-000124.jpg,2026-08-15,15/08/16,N-acetilcisteina,1.0,frascos,inyectable 20 ml
SIN_NUMERO,E-000124.jpg,2026-08-15,15/08/16,Inmuno antibiótico oral,1.0,frascos,8 ml / 2 ml
SIN_NUMERO,E-000124.jpg,2026-08-15,15/08/16,Betametasona,1.0,frascos,10 ml
SIN_NUMERO,E-000124.jpg,2026-08-15,15/08/16,Calcio,1.0,tabletas,200 mg 10 tabletas
SIN_NUMERO,E-000124.jpg,2026-08-15,15/08/16,Meloxicam,1.0,tabletas,10 tabletas
SIN_NUMERO,E-000125.jpg,2026-08-15,15/08/26,Ketoprofeno,1.0,frasco,100mg
SIN_NUMERO,E-000125.jpg,2026-08-15,15/08/26,Ketoprofeno gel,1.0,tubo,25%
SIN_NUMERO,E-000125.jpg,2026-08-15,15/08/26,Ceramint,1.0,frasco,60g
SIN_NUMERO,E-000125.jpg,2026-08-15,15/08/26,Pilicam,2.0,frascos,40g
SIN_NUMERO,E-000125.jpg,2026-08-15,15/08/26,Cefalexina,1.0,frasco,500mg
SIN_NUMERO,E-000125.jpg,2026-08-15,15/08/26,Dexometasona,1.0,frasco,10ml
SIN_NUMERO,E-000125.jpg,2026-08-15,15/08/26,Meloxicam,1.0,frasco,10ml
SIN_NUMERO,E-000125.jpg,2026-08-15,15/08/26,Pigtemax,1.0,caja,30 tabletas
SIN_NUMERO,E-000125.jpg,2026-08-15,15/08/26,Meloxicam,1.0,frasco,15mg
SIN_NUMERO,E-000125.jpg,2026-08-15,15/08/26,Rexpram,1.0,frasco,20ml
SIN_NUMERO,E-000125.jpg,2026-08-15,15/08/26,Sedalvet,1.0,caja,50 comprimidos
SIN_NUMERO,E-000125.jpg,2026-08-15,15/08/26,Lidocaína,1.0,frasco,50ml
SIN_NUMERO,E-000125.jpg,2026-08-15,15/08/26,Tramadol,1.0,frasco,100mg/ml
SIN_NUMERO,E-000125.jpg,2026-08-15,15/08/26,Electro-Vet,3.0,frascos,19.5g
SIN_NUMERO,E-000125.jpg,2026-08-15,15/08/26,Probiocal,1.0,frasco,25g
SIN_NUMERO,E-000125.jpg,2026-08-15,15/08/26,Unipets suspensión oral,1.0,frasco,10ml
SIN_NUMERO,E-000125.jpg,2026-08-15,15/08/26,Dermi-care,1.0,frasco,20ml
SIN_NUMERO,E-000125.jpg,2026-08-15,15/08/26,Meloxicam,1.0,caja,10 tabletas
SIN_NUMERO,E-000125.jpg,2026-08-15,15/08/26,Meloxicam,1.0,frasco,0.5% inyectable
SIN_NUMERO,E-000125.jpg,2026-08-15,15/08/26,Oftig,1.0,frasco,20ml
SIN_NUMERO,E-000125.jpg,2026-08-15,15/08/26,Algum Pets,1.0,frasco,2mg
SIN_NUMERO,E-000126.jpg,2026-08-15,15/08/26,Quercetol-vet,1.0,frasco,50mg
SIN_NUMERO,E-000126.jpg,2026-08-15,15/08/26,Amoxicilina,2.0,frascos,50mg 30ml
SIN_NUMERO,E-000126.jpg,2026-08-15,15/08/26,Meloxicam,2.0,tabletas,2mg
SIN_NUMERO,E-000126.jpg,2026-08-15,15/08/26,Meloxicam suspensión oral,2.0,frascos,10ml
SIN_NUMERO,E-000126.jpg,2026-08-15,15/08/26,Meloxicam inyectable,2.0,frascos,10ml
SIN_NUMERO,E-000126.jpg,2026-08-15,15/08/26,Lágrimas,5.0,frascos,20ml
SIN_NUMERO,E-000126.jpg,2026-08-15,15/08/26,Dexametasona inyectable,3.0,frascos,20ml
SIN_NUMERO,E-000126.jpg,2026-08-15,15/08/26,Quercetol-vet,2.0,frascos,70mg
SIN_NUMERO,E-000126.jpg,2026-08-15,15/08/26,Meloxicam oral,1.0,frasco,100mg 50ml
SIN_NUMERO,E-000126.jpg,2026-08-15,15/08/26,Meloxicam inyectable,1.0,frasco,50ml
SIN_NUMERO,E-000126.jpg,2026-08-15,15/08/26,Revitalice oral,29.0,unidades,
SIN_NUMERO,E-000126.jpg,2026-08-15,15/08/26,Complebet oral,10.0,unidades,
SIN_NUMERO,E-000126.jpg,2026-08-15,15/08/26,Ojo dogs,27.0,unidades,250ml
SIN_NUMERO,E-000126.jpg,2026-08-15,15/08/26,Cicatrizante,4.0,unidades,8g
SIN_NUMERO,E-000126.jpg,2026-08-15,15/08/26,Colirio,2.0,frascos,10ml
SIN_NUMERO,E-000126.jpg,2026-08-15,15/08/26,Hialurónico,3.0,frascos,10ml
SIN_NUMERO,E-000126.jpg,2026-08-15,15/08/26,Electrolitos,4.0,bolsas,10g
SIN_NUMERO,E-000126.jpg,2026-08-15,15/08/26,Descensor de presión,10.0,unidades,200mg
SIN_NUMERO,E-000126.jpg,2026-08-15,15/08/26,Meloxicam,10.0,tabletas,7.5mg
SIN_NUMERO,E-000127.jpg,2026-08-15,15/AGO/16,Dental Care,1.0,unidad,
SIN_NUMERO,E-000127.jpg,2026-08-15,15/AGO/16,Adrenalina vet,1.0,unidad,20ml
SIN_NUMERO,E-000127.jpg,2026-08-15,15/AGO/16,Dexametasona,1.0,unidad,50ml
SIN_NUMERO,E-000127.jpg,2026-08-15,15/AGO/16,Metoclopramida,1.0,unidad,10ml
SIN_NUMERO,E-000127.jpg,2026-08-15,15/AGO/16,Florave,1.0,unidad,50ml
SIN_NUMERO,E-000127.jpg,2026-08-15,15/AGO/16,Meloxicam,1.0,unidad,10ml
SIN_NUMERO,E-000127.jpg,2026-08-15,15/AGO/16,Dispensador med,1.0,unidad,
SIN_NUMERO,E-000127.jpg,2026-08-15,15/AGO/16,Aciflux,1.0,unidad,50ml
SIN_NUMERO,E-000127.jpg,2026-08-15,15/AGO/16,Cicangel,1.0,unidad,35g
SIN_NUMERO,E-000127.jpg,2026-08-15,15/AGO/16,Alfa 3,1.0,unidad,30ml
SIN_NUMERO,E-000127.jpg,2026-08-15,15/AGO/16,Cutamycon-V,1.0,unidad,35g
SIN_NUMERO,E-000127.jpg,2026-08-15,15/AGO/16,Cutamycon-VF Crema,1.0,unidad,10g
SIN_NUMERO,E-000127.jpg,2026-08-15,15/AGO/16,Dexametasona,6.0,ampollas,4 gato 2 perro
SIN_NUMERO,E-000128.jpg,2026-08-15,15/08/26,Revitalize,1.0,frasco,500 ml
SIN_NUMERO,E-000128.jpg,2026-08-15,15/08/26,Edo bags y cut,1.0,unidad,250 ml
SIN_NUMERO,E-000128.jpg,2026-08-15,15/08/26,Cansan-Diclorvil,1.0,unidad,10 ml
SIN_NUMERO,E-000128.jpg,2026-08-15,15/08/26,Meloxen oral,1.0,frasco,15 ml
SIN_NUMERO,E-000128.jpg,2026-08-15,15/08/26,Splend colirio,1.0,frasco,10 ml
SIN_NUMERO,E-000128.jpg,2026-08-15,15/08/26,Oblio,1.0,frasco,10 ml
SIN_NUMERO,E-000128.jpg,2026-08-15,15/08/26,Crecelio,3.0,unidades,21.1-22.5 kg
SIN_NUMERO,E-000128.jpg,2026-08-15,15/08/26,Rondel,1.0,unidad,10 ml
SIN_NUMERO,E-000128.jpg,2026-08-15,15/08/26,Oxitetraciclina,5.0,frascos,500 ml
SIN_NUMERO,E-000128.jpg,2026-08-15,15/08/26,Simparica,2.0,unidades,6-10 kg
SIN_NUMERO,E-000128.jpg,2026-08-15,15/08/26,Simparica,2.0,unidades,10-20 kg
SIN_NUMERO,E-000128.jpg,2026-08-15,15/08/26,Nexgard Spectra,4.0,unidades,20-40 kg
SIN_NUMERO,E-000128.jpg,2026-08-15,15/08/26,Bravecto,2.0,unidades,2-3.5 kg
SIN_NUMERO,E-000128.jpg,2026-08-15,15/08/26,Aminelec-B,2.0,frascos,500 mg
SIN_NUMERO,E-000128.jpg,2026-08-15,15/08/26,Meloxicam,3.0,unidades,2 mg
SIN_NUMERO,E-000128.jpg,2026-08-15,15/08/26,Nicilan,2.0,unidades,400 mg
SIN_NUMERO,E-000128.jpg,2026-08-15,15/08/26,Rondel Puppy,2.0,frascos,5 ml
SIN_NUMERO,E-000128.jpg,2026-08-15,15/08/26,Fenbendazol 10%,1.0,frasco,500 ml
SIN_NUMERO,E-000128.jpg,2026-08-15,15/08/26,Stoy Multivitamínico,3.0,unidades,270 g
SIN_NUMERO,E-000128.jpg,2026-08-15,15/08/26,Dermosyn,3.0,frascos,100 ml
SIN_NUMERO,E-000128.jpg,2026-08-15,15/08/26,Pallicida Perros,3.0,unidades,26-40 kg
SIN_NUMERO,E-000129.jpg,2026-08-15,15/Agos/16,Sello Heparina,20.0,unidades,
SIN_NUMERO,E-000129.jpg,2026-08-15,15/Agos/16,Acido Tranexamico,5.0,ampolletas,
SIN_NUMERO,E-000129.jpg,2026-08-15,15/Agos/16,Bicarbonato Sodio,2.0,unidades,
SIN_NUMERO,E-000129.jpg,2026-08-15,15/Agos/16,Hioscina,5.0,ampolletas,
SIN_NUMERO,E-000129.jpg,2026-08-15,15/Agos/16,Dexametasona,10.0,unidades,
SIN_NUMERO,E-000129.jpg,2026-08-15,15/Agos/16,Furosemida,5.0,unidades,
SIN_NUMERO,E-000129.jpg,2026-08-15,15/Agos/16,Hidrocortisona inyectable,5.0,frascos,
SIN_NUMERO,E-000129.jpg,2026-08-15,15/Agos/16,Ondansetron,5.0,unidades,
SIN_NUMERO,E-000129.jpg,2026-08-15,15/Agos/16,Dipirona,1.0,ampolletas,
SIN_NUMERO,E-000129.jpg,2026-08-15,15/Agos/16,Metronidazol,5.0,unidades,
SIN_NUMERO,E-000129.jpg,2026-08-15,15/Agos/16,Metoclopramida,5.0,ampolletas,
SIN_NUMERO,E-000129.jpg,2026-08-15,15/Agos/16,Adrenalina,3.0,ampolletas,
SIN_NUMERO,E-000129.jpg,2026-08-15,15/Agos/16,Atropina,3.0,unidades,
SIN_NUMERO,E-000130.jpg,2026-08-15,15 Agosto/16,Suministro Ciem de medlogica,1.0,unidad,
SIN_NUMERO,E-000130.jpg,2026-08-15,15 Agosto/16,Meloxicam 0.5% inyectable,1.0,frasco,30 ml
SIN_NUMERO,E-000130.jpg,2026-08-15,15 Agosto/16,Dexametasona inyectable,5.0,frascos,10 ml
SIN_NUMERO,E-000130.jpg,2026-08-15,15 Agosto/16,Antiparasitario,2.0,frascos,10 ml
SIN_NUMERO,E-000130.jpg,2026-08-15,15 Agosto/16,Suplemento Gradoc,36.0,unidades,180 g
SIN_NUMERO,E-000130.jpg,2026-08-15,15 Agosto/16,Solución antiséptica,1.0,frasco,120 ml
SIN_NUMERO,E-000130.jpg,2026-08-15,15 Agosto/16,Dexametasona inyectable,1.0,ampolla,20 ml
SIN_NUMERO,E-000130.jpg,2026-08-15,15 Agosto/16,Ketoconazol,4.0,unidades,200 mg
SIN_NUMERO,E-000130.jpg,2026-08-15,15 Agosto/16,Meloxicam oral,1.0,frasco,10 ml
SIN_NUMERO,E-000130.jpg,2026-08-15,15 Agosto/16,Suplemento Petmilk,3.0,unidades,250 g
SIN_NUMERO,E-000130.jpg,2026-08-15,15 Agosto/16,Shampoo Piro Bore Petshop,5.0,frascos,500 ml
SIN_NUMERO,E-000130.jpg,2026-08-15,15 Agosto/16,Enrofloxacina inyectable,2.0,frascos,50 ml
SIN_NUMERO,E-000130.jpg,2026-08-15,15 Agosto/16,Lágrimas oculares,3.0,frascos,10 ml
SIN_NUMERO,E-000130.jpg,2026-08-15,15 Agosto/16,Meloxicam oral,1.0,frasco,50 ml
SIN_NUMERO,E-000130.jpg,2026-08-15,15 Agosto/16,Antidiarreico,10.0,tabletas,2% 50 ml
SIN_NUMERO,E-000130.jpg,2026-08-15,15 Agosto/16,Dexametasona inyectable,4.0,ampollas,
SIN_NUMERO,E-000130.jpg,2026-08-15,15 Agosto/16,Shampoo antiséptico,20.0,tabletas,200 ml
SIN_NUMERO,E-000130.jpg,2026-08-15,15 Agosto/16,Doxiciclina,46.0,unidades,100 mg 30 pastillas
SIN_NUMERO,E-000130.jpg,2026-08-15,15 Agosto/16,Kit de prueba rápido,20.0,unidades,
SIN_NUMERO,E-000130.jpg,2026-08-15,15 Agosto/16,Ketoprofeno,4.0,unidades,20 ml inyectable
SIN_NUMERO,E-000130.jpg,2026-08-15,15 Agosto/16,Suplemento multivitamínico,1.0,frasco,240 ml Vitocell PCT
SIN_NUMERO,E-000131.jpg,2026-08-15,15/09/24,Jabon West,24.0,unidades,60 ml
SIN_NUMERO,E-000131.jpg,2026-08-15,15/09/24,Simparica,2.0,unidades,20-40 kg
SIN_NUMERO,E-000131.jpg,2026-08-15,15/09/24,Simparica,2.0,unidades,10-20 kg
SIN_NUMERO,E-000131.jpg,2026-08-15,15/09/24,Simparica,2.0,unidades,5-10 kg
SIN_NUMERO,E-000131.jpg,2026-08-15,15/09/24,Quirucidal,2.0,unidades,240 cc
SIN_NUMERO,E-000131.jpg,2026-08-15,15/09/24,Dextromin-B,7.0,unidades,500 ml
SIN_NUMERO,E-000131.jpg,2026-08-15,15/09/24,Jabón Quirúrgico Aseptin,9.0,unidades,
SIN_NUMERO,E-000131.jpg,2026-08-15,15/09/24,Prueba Parvo,1.0,unidades,
SIN_NUMERO,E-000131.jpg,2026-08-15,15/09/24,Ambientador Antiséptico,2.0,unidades,240 ml
SIN_NUMERO,E-000131.jpg,2026-08-15,15/09/24,Cefalexina,5.0,unidades,500 mg
SIN_NUMERO,E-000131.jpg,2026-08-15,15/09/24,Baxidin,4.0,unidades,120 ml
SIN_NUMERO,E-000131.jpg,2026-08-15,15/09/24,Clorhexidina,1.0,unidades,Solución 120 ml
SIN_NUMERO,E-000131.jpg,2026-08-15,15/09/24,Edos Antiséptico,1.0,unidades,250 ml
SIN_NUMERO,E-000131.jpg,2026-08-15,15/09/24,Clorhexidina Espuma,1.0,unidades,120 ml
SIN_NUMERO,E-000131.jpg,2026-08-15,15/09/24,Clorhexidina Gluconato,1.0,unidades,60 ml
SIN_NUMERO,E-000131.jpg,2026-08-15,15/09/24,Vioxin,3.0,unidades,4% 60 ml
SIN_NUMERO,E-000131.jpg,2026-08-15,15/09/24,Glucocorticoide,2.0,unidades,10 mg
SIN_NUMERO,E-000131.jpg,2026-08-15,15/09/24,Shampoo Antiséptico,2.0,unidades,230 ml
SIN_NUMERO,E-000131.jpg,2026-08-15,15/09/24,Suplemento,1.0,unidades,110 ml
SIN_NUMERO,E-000131.jpg,2026-08-15,15/09/24,Opti,1.0,unidades,25 ml
SIN_NUMERO,E-000131.jpg,2026-08-15,15/09/24,Credelio Plus,1.0,unidades,22-45 kg
SIN_NUMERO,E-000131.jpg,2026-08-15,15/09/24,Credelio Plus,1.0,unidades,11-22 kg
SIN_NUMERO,E-000131.jpg,2026-08-15,15/09/24,Finilex,1.0,unidades,Inyectable 50 ml
SIN_NUMERO,E-000132.jpg,2026-08-15,15/09/26,Rifamicina Spray,1.0,frascos,20ml
SIN_NUMERO,E-000132.jpg,2026-08-15,15/09/26,Multivitaminico oral,3.0,frascos,10ml
SIN_NUMERO,E-000132.jpg,2026-08-15,15/09/26,Talcox,5.0,frascos,10ml
SIN_NUMERO,E-000132.jpg,2026-08-15,15/09/26,Jeringas,7.0,unidades,10ml
SIN_NUMERO,E-000132.jpg,2026-08-15,15/09/26,Lidocaina 2%,1.0,frascos,inyectable
SIN_NUMERO,E-000132.jpg,2026-08-15,15/09/26,Detergente desinfectante,1.0,frascos,120ml
SIN_NUMERO,E-000132.jpg,2026-08-15,15/09/26,Suplemento Petcell,1.0,frascos,50ml
SIN_NUMERO,E-000132.jpg,2026-08-15,15/09/26,Clorhexidina,4.0,frascos,0.12% bucal
SIN_NUMERO,E-000132.jpg,2026-08-15,15/09/26,Gel Dentrifico,1.0,frascos,75ml
SIN_NUMERO,E-000132.jpg,2026-08-15,15/09/26,Lidocaina,1.0,frascos,30ml
SIN_NUMERO,E-000132.jpg,2026-08-15,15/09/26,Detergente,4.0,frascos,500ml
SIN_NUMERO,E-000132.jpg,2026-08-15,15/09/26,Lidocaina inyeccion,1.0,frascos,20ml
SIN_NUMERO,E-000132.jpg,2026-08-15,15/09/26,Jabon Antiseptico,4.0,frascos,500ml
SIN_NUMERO,E-000132.jpg,2026-08-15,15/09/26,Metubest,2.0,frascos,inyectable
SIN_NUMERO,E-000132.jpg,2026-08-15,15/09/26,Dipirona,4.0,ampollas,5ml
SIN_NUMERO,E-000132.jpg,2026-08-15,15/09/26,N-Acetilcisteina,1.0,ampollas,3ml
SIN_NUMERO,E-000132.jpg,2026-08-15,15/09/26,Meloxipet,1.0,frascos,10ml 0.15%
SIN_NUMERO,E-000132.jpg,2026-08-15,15/09/26,Epinefrina,15.0,ampollas,1mg
SIN_NUMERO,E-000132.jpg,2026-08-15,15/09/26,Suero revitall,12.0,frascos,liquido
SIN_NUMERO,E-000132.jpg,2026-08-15,15/09/26,Dextromin-B,2.0,frascos,100ml
SIN_NUMERO,E-000132.jpg,2026-08-15,15/09/26,Adrenalina,2.0,ampollas,20ml
SIN_NUMERO,E-000132.jpg,2026-08-15,15/09/26,Dexametasona,2.0,frascos,50ml
SIN_NUMERO,E-000132.jpg,2026-08-15,15/09/26,N-Acetilcisteina,3.0,cajas,300mg
SIN_NUMERO,E-000133.jpg,2026-08-16,16 agosto 2026,Jeringa desechables,100.0,unidades,
SIN_NUMERO,E-000133.jpg,2026-08-16,16 agosto 2026,Guantes medianos,1.0,caja,100 unidades
SIN_NUMERO,E-000133.jpg,2026-08-16,16 agosto 2026,Gasa esteril,1.0,caja,300 unidades
SIN_NUMERO,E-000133.jpg,2026-08-16,16 agosto 2026,Gasa esteril,24.0,unidades,
SIN_NUMERO,E-000133.jpg,2026-08-16,16 agosto 2026,Gasa esteril,24.0,unidades,
SIN_NUMERO,E-000133.jpg,2026-08-16,16 agosto 2026,Cinta microporosa,1.0,unidad,
SIN_NUMERO,E-000133.jpg,2026-08-16,16 agosto 2026,Gorro quirurgico,30.0,unidades,
SIN_NUMERO,E-000133.jpg,2026-08-16,16 agosto 2026,Gasa no esteril,12.0,unidades,
SIN_NUMERO,E-000133.jpg,2026-08-16,16 agosto 2026,Tapabocas,50.0,unidades,
SIN_NUMERO,E-000133.jpg,2026-08-16,16 agosto 2026,Guantes latex,100.0,guantes,talla M
SIN_NUMERO,E-000133.jpg,2026-08-16,16 agosto 2026,Pañitos humedos,2.0,paquetes,100 und cada 1
SIN_NUMERO,E-000133.jpg,2026-08-16,16 agosto 2026,Toalla cocina,1.0,unidad,
SIN_NUMERO,E-000133.jpg,2026-08-16,16 agosto 2026,Pañales perro,1.0,paquete,"talla M, 12 unid"
SIN_NUMERO,E-000133.jpg,2026-08-16,16 agosto 2026,Paños humedos mascota,3.0,paquetes,
SIN_NUMERO,E-000133.jpg,2026-08-16,16 agosto 2026,Venda autoadhesiva,3.0,paquetes,
SIN_NUMERO,E-000133.jpg,2026-08-16,16 agosto 2026,Alcohol,3.0,tarros,
SIN_NUMERO,E-000133.jpg,2026-08-16,16 agosto 2026,Cepillo mascota,1.0,unidad,
SIN_NUMERO,E-000133.jpg,2026-08-16,16 agosto 2026,Guantes,1.0,caja,"talla M, 100 und"
SIN_NUMERO,E-000133.jpg,2026-08-16,16 agosto 2026,Gasa,2.0,cajas,
SIN_NUMERO,E-000133.jpg,2026-08-16,16 agosto 2026,Esparadrapo,4.0,rollos,
SIN_NUMERO,E-000133.jpg,2026-08-16,16 agosto 2026,Gasa antihaderente,2.0,unidades,cada una 200 und
SIN_NUMERO,E-000134.jpg,2026-08-16,,Cateter intravenosa,1.0,caja,30 und
SIN_NUMERO,E-000134.jpg,2026-08-16,,Gasa,1.0,caja,12 und x 1 caja
SIN_NUMERO,E-000134.jpg,2026-08-16,,Jeringa 1ml,2.0,cajas,100 unidades
SIN_NUMERO,E-000134.jpg,2026-08-16,,Jeringa 3ml,1.0,caja,100 und
SIN_NUMERO,E-000134.jpg,2026-08-16,,Cefalexina,4.0,tabletas,
SIN_NUMERO,E-000134.jpg,2026-08-16,,Jeringa,28.0,und,
SIN_NUMERO,E-000134.jpg,2026-08-16,,Equipo pericraneal,4.0,und,
SIN_NUMERO,E-000134.jpg,2026-08-16,,Macrogotero,3.0,und,
SIN_NUMERO,E-000134.jpg,2026-08-16,,Algicam pets,1.0,caja,"2mg, 10 tabletas"
SIN_NUMERO,E-000134.jpg,2026-08-16,,Antiseptico,1.0,tarro,120 ml
SIN_NUMERO,E-000134.jpg,2026-08-16,,Fitovete crema,1.0,und,
SIN_NUMERO,E-000134.jpg,2026-08-16,,Gasa esteril,30.0,und,
SIN_NUMERO,E-000134.jpg,2026-08-16,,Micropore,2.0,und,
SIN_NUMERO,E-000134.jpg,2026-08-16,,Gasa,5.0,und,
SIN_NUMERO,E-000134.jpg,2026-08-16,,Pañales mascotas,3.0,und,
SIN_NUMERO,E-000134.jpg,2026-08-16,,Solucion salina,12.0,und,
SIN_NUMERO,E-000134.jpg,2026-08-16,,Cateter 22 G,14.0,und,
SIN_NUMERO,E-000134.jpg,2026-08-16,,Cateter 24 G,15.0,und,
SIN_NUMERO,E-000134.jpg,2026-08-16,,Cateter 20 G,15.0,und,
SIN_NUMERO,E-000134.jpg,2026-08-16,,Cateter,1.0,caja,"20x4, 22x4, 24x4"
SIN_NUMERO,E-000134.jpg,2026-08-16,,Solucion Salina,4.0,tarros,1000 ml
SIN_NUMERO,E-000135.jpg,2026-08-16,16/08/2016,Collar,4.0,unidades,
SIN_NUMERO,E-000135.jpg,2026-08-16,16/08/2016,Cama,5.0,unidades,
SIN_NUMERO,E-000135.jpg,2026-08-16,16/08/2016,Guacal,2.0,unidades,
SIN_NUMERO,E-000135.jpg,2026-08-16,16/08/2016,Comederos,4.0,unidades,
SIN_NUMERO,E-000135.jpg,2026-08-16,16/08/2016,Cobijas,12.0,unidades,
SIN_NUMERO,E-000135.jpg,2026-08-16,16/08/2016,Comederos,5.0,unidades,
SIN_NUMERO,E-000135.jpg,2026-08-16,16/08/2016,Collares,1.0,unidades,
SIN_NUMERO,E-000135.jpg,2026-08-16,16/08/2016,Camas,6.0,unidades,
SIN_NUMERO,E-000135.jpg,2026-08-16,16/08/2016,Juguetes,2.0,unidades,
SIN_NUMERO,E-000135.jpg,2026-08-16,16/08/2016,Flumox inyectable,4.0,unidades,
SIN_NUMERO,E-000135.jpg,2026-08-16,16/08/2016,Hemolitan,1.0,unidades,
SIN_NUMERO,E-000135.jpg,2026-08-16,16/08/2016,Optalmosyn,1.0,unidades,
SIN_NUMERO,E-000135.jpg,2026-08-16,16/08/2016,Lágrimas artificiales,1.0,unidades,
SIN_NUMERO,E-000135.jpg,2026-08-16,16/08/2016,Lágrimas artificiales,4.0,unidades,
SIN_NUMERO,E-000135.jpg,2026-08-16,16/08/2016,Meloxid,1.0,unidades,
SIN_NUMERO,E-000135.jpg,2026-08-16,16/08/2016,Meloxivem,1.0,unidades,
SIN_NUMERO,E-000135.jpg,2026-08-16,16/08/2016,Trimetropin susp.,1.0,unidades,tab.
SIN_NUMERO,E-000136.jpg,2026-08-16,16/08/22,Guacal,3.0,unidades,
SIN_NUMERO,E-000136.jpg,2026-08-16,16/08/22,Comederos,13.0,unidades,
SIN_NUMERO,E-000136.jpg,2026-08-16,16/08/22,Collar,1.0,unidades,
SIN_NUMERO,E-000136.jpg,2026-08-16,16/08/22,Pechera,1.0,unidades,
SIN_NUMERO,E-000136.jpg,2026-08-16,16/08/22,Shampoo clorhexidina,1.0,frascos,
SIN_NUMERO,E-000136.jpg,2026-08-16,16/08/22,Spray clorhexidina,1.0,frascos,
SIN_NUMERO,E-000136.jpg,2026-08-16,16/08/22,Collares,2.0,unidades,
SIN_NUMERO,E-000136.jpg,2026-08-16,16/08/22,Cortauñas,3.0,unidades,
SIN_NUMERO,E-000136.jpg,2026-08-16,16/08/22,Comederos,1.0,unidades,
SIN_NUMERO,E-000136.jpg,2026-08-16,16/08/22,Arenero,1.0,unidades,
SIN_NUMERO,E-000136.jpg,2026-08-16,16/08/22,Collar,2.0,unidades,
SIN_NUMERO,E-000136.jpg,2026-08-16,16/08/22,Bozal,1.0,unidades,
SIN_NUMERO,E-000136.jpg,2026-08-16,16/08/22,Comedero,1.0,unidades,
SIN_NUMERO,E-000136.jpg,2026-08-16,16/08/22,Cepillo,2.0,unidades,
SIN_NUMERO,E-000136.jpg,2026-08-16,16/08/22,Collar,1.0,unidades,
SIN_NUMERO,E-000136.jpg,2026-08-16,16/08/22,Juguete,1.0,unidades,
SIN_NUMERO,E-000136.jpg,2026-08-16,16/08/22,Juguetes,2.0,unidades,
SIN_NUMERO,E-000136.jpg,2026-08-16,16/08/22,Comedero,1.0,unidades,
SIN_NUMERO,E-000136.jpg,2026-08-16,16/08/22,Enjuague bucal,2.0,frascos,
SIN_NUMERO,E-000136.jpg,2026-08-16,16/08/22,Blister naproxeno,1.0,blister,
SIN_NUMERO,E-000136.jpg,2026-08-16,16/08/22,Solpol,1.0,frascos,
SIN_NUMERO,E-000137.jpg,2026-08-16,,Guacal,1.0,unidad,
SIN_NUMERO,E-000137.jpg,2026-08-16,,Guacal bolso,3.0,unidades,
SIN_NUMERO,E-000137.jpg,2026-08-16,,Guacal bolso,1.0,unidad,
SIN_NUMERO,E-000137.jpg,2026-08-16,,Juguete,1.0,unidad,
SIN_NUMERO,E-000137.jpg,2026-08-16,,Acifur,1.0,unidad,
SIN_NUMERO,E-000138.jpg,2026-08-16,16/08/26,Sabana,1.0,unidad,
SIN_NUMERO,E-000138.jpg,2026-08-16,16/08/26,Cama,1.0,unidad,
SIN_NUMERO,E-000138.jpg,2026-08-16,16/08/26,Guacal,1.0,unidad,
SIN_NUMERO,E-000138.jpg,2026-08-16,16/08/26,Bolsa,2.0,unidades,
SIN_NUMERO,E-000138.jpg,2026-08-16,16/08/26,Cobijas,3.0,unidades,
SIN_NUMERO,E-000138.jpg,2026-08-16,16/08/26,Areneros,2.0,unidades,
SIN_NUMERO,E-000138.jpg,2026-08-16,16/08/26,Cama,1.0,unidad,
SIN_NUMERO,E-000138.jpg,2026-08-16,16/08/26,Comederos,2.0,unidades,
SIN_NUMERO,E-000138.jpg,2026-08-16,16/08/26,Tapetes,3.0,unidades,
SIN_NUMERO,E-000138.jpg,2026-08-16,16/08/26,Bolso gato,1.0,unidad,
SIN_NUMERO,E-000138.jpg,2026-08-16,16/08/26,Comederos,4.0,unidades,
SIN_NUMERO,E-000138.jpg,2026-08-16,16/08/26,Corral,32.0,unidades,
SIN_NUMERO,E-000138.jpg,2026-08-16,16/08/26,Frecuence shampoo,1.0,frasco,
SIN_NUMERO,E-000138.jpg,2026-08-16,16/08/26,Ambientador arena,1.0,frasco,
SIN_NUMERO,E-000138.jpg,2026-08-16,16/08/26,Shampoo,3.0,frascos,
SIN_NUMERO,E-000138.jpg,2026-08-16,16/08/26,Palas arenero,1.0,unidad,
SIN_NUMERO,E-000138.jpg,2026-08-16,16/08/26,Bolso gato,2.0,unidades,
SIN_NUMERO,E-000138.jpg,2026-08-16,16/08/26,Guacal,1.0,unidad,
SIN_NUMERO,E-000138.jpg,2026-08-16,16/08/26,Palas arenero,2.0,unidades,
SIN_NUMERO,E-000138.jpg,2026-08-16,16/08/26,Loción perros,1.0,frasco,
SIN_NUMERO,E-000139.jpg,2026-08-16,16/08/26,Cortavias,1.0,unidad,
SIN_NUMERO,E-000139.jpg,2026-08-16,16/08/26,Shampoo perro,2.0,unidades,
SIN_NUMERO,E-000139.jpg,2026-08-16,16/08/26,Perosem,1.0,unidad,
SIN_NUMERO,E-000139.jpg,2026-08-16,16/08/26,Guacul,2.0,unidades,
SIN_NUMERO,E-000139.jpg,2026-08-16,16/08/26,Metronidazol,1.0,unidad,
SIN_NUMERO,E-000139.jpg,2026-08-16,16/08/26,Hemocyton,1.0,unidad,
SIN_NUMERO,E-000139.jpg,2026-08-16,16/08/26,Credelio Plus,1.0,unidad,x3
SIN_NUMERO,E-000139.jpg,2026-08-16,16/08/26,Credelio,1.0,unidad,5-11
SIN_NUMERO,E-000139.jpg,2026-08-16,16/08/26,Credelio,1.0,unidad,11-20
SIN_NUMERO,E-000139.jpg,2026-08-16,16/08/26,Cama,1.0,unidad,
SIN_NUMERO,E-000139.jpg,2026-08-16,16/08/26,Guercal,2.0,unidades,
SIN_NUMERO,E-000139.jpg,2026-08-16,16/08/26,Shampoo clorex,1.0,unidad,
SIN_NUMERO,E-000139.jpg,2026-08-16,16/08/26,Pala arenero,4.0,unidades,
SIN_NUMERO,E-000139.jpg,2026-08-16,16/08/26,Auplux,1.0,unidad,
SIN_NUMERO,E-000139.jpg,2026-08-16,16/08/26,Bolsa,5.0,unidades,x10
SIN_NUMERO,E-000139.jpg,2026-08-16,16/08/26,Juguete,1.0,unidad,
SIN_NUMERO,E-000139.jpg,2026-08-16,16/08/26,Pedican Shampoo,2.0,unidades,
SIN_NUMERO,E-000139.jpg,2026-08-16,16/08/26,Cepillos pelo,1.0,unidad,
SIN_NUMERO,E-000139.jpg,2026-08-16,16/08/26,Paritos,2.0,unidades,
SIN_NUMERO,E-000139.jpg,2026-08-16,16/08/26,Maleta gato,1.0,unidad,
SIN_NUMERO,E-000139.jpg,2026-08-16,16/08/26,Guacel,2.0,unidades,
SIN_NUMERO,E-000139.jpg,2026-08-16,16/08/26,Comederos,2.0,unidades,
SIN_NUMERO,E-000139.jpg,2026-08-16,16/08/26,Vestidos perro,2.0,unidades,
SIN_NUMERO,E-000140.jpg,2026-08-16,16/08/26,Guacal arenero,5.0,unidades,
SIN_NUMERO,E-000140.jpg,2026-08-16,16/08/26,Collares,1.0,unidades,
SIN_NUMERO,E-000140.jpg,2026-08-16,16/08/26,Cama,4.0,unidades,
SIN_NUMERO,E-000140.jpg,2026-08-16,16/08/26,Guacal whiskas cachorro,5.0,unidades,
SIN_NUMERO,E-000140.jpg,2026-08-16,16/08/26,Guacal,1.0,unidades,
SIN_NUMERO,E-000140.jpg,2026-08-16,16/08/26,Cama,12.0,unidades,
SIN_NUMERO,E-000140.jpg,2026-08-16,16/08/26,Cama,2.0,unidades,
SIN_NUMERO,E-000140.jpg,2026-08-16,16/08/26,Collar,5.0,unidades,
SIN_NUMERO,E-000140.jpg,2026-08-16,16/08/26,Comederos,4.0,unidades,
SIN_NUMERO,E-000140.jpg,2026-08-16,16/08/26,Petty x12,2.0,unidades,
SIN_NUMERO,E-000140.jpg,2026-08-16,16/08/26,Cobijas,1.0,unidades,
SIN_NUMERO,E-000140.jpg,2026-08-16,16/08/26,Sabanas,2.0,unidades,
SIN_NUMERO,E-000140.jpg,2026-08-16,16/08/26,Cobija,1.0,unidades,
SIN_NUMERO,E-000140.jpg,2026-08-16,16/08/26,Guacal maleta,12.0,unidades,
SIN_NUMERO,E-000140.jpg,2026-08-16,16/08/26,Cama,10.0,unidades,
SIN_NUMERO,E-000140.jpg,2026-08-16,16/08/26,Guacal,3.0,unidades,
SIN_NUMERO,E-000140.jpg,2026-08-16,16/08/26,Comederos,1.0,unidades,
SIN_NUMERO,E-000140.jpg,2026-08-16,16/08/26,Collar,5.0,unidades,
SIN_NUMERO,E-000140.jpg,2026-08-16,16/08/26,Cobija,4.0,unidades,
SIN_NUMERO,E-000140.jpg,2026-08-16,16/08/26,Guacal,1.0,bolsas,x 10
SIN_NUMERO,E-000141.jpg,2026-08-16,16/08/20,Bismopet,1.0,unidad,
SIN_NUMERO,E-000141.jpg,2026-08-16,16/08/20,Ciprovvet,1.0,unidad,
SIN_NUMERO,E-000141.jpg,2026-08-16,16/08/20,Oftalmosyn,1.0,unidad,
SIN_NUMERO,E-000141.jpg,2026-08-16,16/08/20,Collar isabelino,1.0,unidad,
SIN_NUMERO,E-000141.jpg,2026-08-16,16/08/20,Arenero,6.0,unidades,
SIN_NUMERO,E-000141.jpg,2026-08-16,16/08/20,Sobres Pedigree,5.0,sobres,
SIN_NUMERO,E-000141.jpg,2026-08-16,16/08/20,Sobre bolsa,2.0,unidades,
SIN_NUMERO,E-000141.jpg,2026-08-16,16/08/20,Comederos,2.0,unidades,
SIN_NUMERO,E-000141.jpg,2026-08-16,16/08/20,Credelio,3.0,unidades,
SIN_NUMERO,E-000141.jpg,2026-08-16,16/08/20,Baldes,3.0,unidades,
SIN_NUMERO,E-000142.jpg,2026-08-16,16/08/22,Collar,1.0,unidades,
SIN_NUMERO,E-000142.jpg,2026-08-16,16/08/22,Comederos,2.0,unidades,
SIN_NUMERO,E-000142.jpg,2026-08-16,16/08/22,Juguete,1.0,unidades,
SIN_NUMERO,E-000142.jpg,2026-08-16,16/08/22,Colchoneta,1.0,unidades,
SIN_NUMERO,E-000142.jpg,2026-08-16,16/08/22,Collar,2.0,unidades,
SIN_NUMERO,E-000142.jpg,2026-08-16,16/08/22,Comederos,1.0,unidades,
SIN_NUMERO,E-000142.jpg,2026-08-16,16/08/22,Cama,2.0,unidades,
SIN_NUMERO,E-000142.jpg,2026-08-16,16/08/22,Collares,4.0,unidades,
SIN_NUMERO,E-000142.jpg,2026-08-16,16/08/22,Cama,1.0,unidades,
SIN_NUMERO,E-000142.jpg,2026-08-16,16/08/22,Collar,2.0,unidades,
SIN_NUMERO,E-000142.jpg,2026-08-16,16/08/22,Nebulizador,1.0,unidades,
SIN_NUMERO,E-000142.jpg,2026-08-16,16/08/22,Agua oxigenada,1.0,unidades,
SIN_NUMERO,E-000142.jpg,2026-08-16,16/08/22,Desparasitante,7.0,unidades,
SIN_NUMERO,E-000142.jpg,2026-08-16,16/08/22,Lidocaína,1.0,unidades,
SIN_NUMERO,E-000142.jpg,2026-08-16,16/08/22,Cobija,1.0,unidades,
SIN_NUMERO,E-000142.jpg,2026-08-16,16/08/22,Kit de disección,1.0,unidades,
SIN_NUMERO,E-000142.jpg,2026-08-16,16/08/22,Guardián,1.0,unidades,
SIN_NUMERO,E-000142.jpg,2026-08-16,16/08/22,Sobre,30.0,unidades,
SIN_NUMERO,E-000142.jpg,2026-08-16,16/08/22,Clorexidina tópica,1.0,unidades,
SIN_NUMERO,E-000142.jpg,2026-08-16,16/08/22,Complemento oral,1.0,unidades,
SIN_NUMERO,E-000142.jpg,2026-08-16,16/08/22,Detergente,1.0,unidades,
SIN_NUMERO,E-000142.jpg,2026-08-16,16/08/22,Alimento A/D,1.0,unidades,
SIN_NUMERO,E-000142.jpg,2026-08-16,16/08/22,Confort,1.0,unidades,
SIN_NUMERO,E-000142.jpg,2026-08-16,16/08/22,Guardián,1.0,unidades,
SIN_NUMERO,E-000143.jpg,2026-08-16,16-Ago,Dextrosa en agua,1.0,frascos,500 ml
SIN_NUMERO,E-000143.jpg,2026-08-16,16-Ago,Orcipet,2.0,frascos,400 ml
SIN_NUMERO,E-000143.jpg,2026-08-16,16-Ago,Ixer,3.0,frascos,0.80 1 litro
SIN_NUMERO,E-000143.jpg,2026-08-16,16-Ago,Simparic,2.0,tabletas,20 mg
SIN_NUMERO,E-000143.jpg,2026-08-16,16-Ago,Quintapet,4.0,tabletas,200 mg
SIN_NUMERO,E-000143.jpg,2026-08-16,16-Ago,Meloxipet,5.0,frascos,1.5 mg 10 ml
SIN_NUMERO,E-000143.jpg,2026-08-16,16-Ago,Meloxicam,3.0,frascos,0.15 mg 10 ml
SIN_NUMERO,E-000143.jpg,2026-08-16,16-Ago,Doxiciclina,4.0,tabletas,200 mg
SIN_NUMERO,E-000143.jpg,2026-08-16,16-Ago,Bionics,1.0,frascos,14 gr
SIN_NUMERO,E-000143.jpg,2026-08-16,16-Ago,Doxiciclina,3.0,tabletas,Simple 20 mg
SIN_NUMERO,E-000143.jpg,2026-08-16,16-Ago,Clorhexidina,2.0,frascos,10 ml
SIN_NUMERO,E-000143.jpg,2026-08-16,16-Ago,Cennex,4.0,jeringas,10 ml
SIN_NUMERO,E-000143.jpg,2026-08-16,16-Ago,Meloxicam,2.0,frascos,oral 10 ml
SIN_NUMERO,E-000143.jpg,2026-08-16,16-Ago,Overxicam,1.0,frascos,inyectable 50 ml
SIN_NUMERO,E-000143.jpg,2026-08-16,16-Ago,Isodine,1.0,frascos,solución
SIN_NUMERO,E-000143.jpg,2026-08-16,16-Ago,Pulvican,1.0,frascos,talco
SIN_NUMERO,E-000143.jpg,2026-08-16,16-Ago,Roxicaine,1.0,frascos,tubo x 30 ml
SIN_NUMERO,E-000143.jpg,2026-08-16,16-Ago,Lidocaína,1.0,frascos,2% tubo x 10 ml
SIN_NUMERO,E-000143.jpg,2026-08-16,16-Ago,Clorhexidina,1.0,frascos,spray
SIN_NUMERO,E-000143.jpg,2026-08-16,16-Ago,Septiderm,1.0,frascos,gel
SIN_NUMERO,E-000143.jpg,2026-08-16,16-Ago,Azitromicina,1.0,tabletas,500 mg
SIN_NUMERO,E-000143.jpg,2026-08-16,16-Ago,Bioestril,2.0,frascos,legumbres
SIN_NUMERO,E-000143.jpg,2026-08-16,16-Ago,Selex,2.0,frascos,rehidratación
SIN_NUMERO,E-000144.jpg,2026-08-16,16-Ago,Dextran B,1.0,frascos,500ml
SIN_NUMERO,E-000144.jpg,2026-08-16,16-Ago,Orcpet,2.0,frascos,400ml
SIN_NUMERO,E-000144.jpg,2026-08-16,16-Ago,Iver,3.0,frascos,1 Litro
SIN_NUMERO,E-000144.jpg,2026-08-16,16-Ago,Simparic,2.0,tabletas,20 mg
SIN_NUMERO,E-000144.jpg,2026-08-16,16-Ago,Quintret,1.0,cajas,Tabl. 200mg
SIN_NUMERO,E-000144.jpg,2026-08-16,16-Ago,Meloxipet,4.0,frascos,150 mg x 12
SIN_NUMERO,E-000144.jpg,2026-08-16,16-Ago,Meloxic,5.0,frascos,0.5 mg 10ml
SIN_NUMERO,E-000144.jpg,2026-08-16,16-Ago,Doxiciclina,3.0,cajas,200 mg
SIN_NUMERO,E-000144.jpg,2026-08-16,16-Ago,Roncaine,1.0,frascos,
SIN_NUMERO,E-000144.jpg,2026-08-16,16-Ago,Biocanis,4.0,frascos,14gr
SIN_NUMERO,E-000144.jpg,2026-08-16,16-Ago,Doxiciclina,2.0,cajas,Simple 2g
SIN_NUMERO,E-000144.jpg,2026-08-16,16-Ago,Dexametasona,2.0,frascos,2ml
SIN_NUMERO,E-000144.jpg,2026-08-16,16-Ago,Clorhexidina,4.0,frascos,10ml
SIN_NUMERO,E-000144.jpg,2026-08-16,16-Ago,Cennex,2.0,jeringas,10ml
SIN_NUMERO,E-000144.jpg,2026-08-16,16-Ago,Jabon Splend,1.0,frascos,
SIN_NUMERO,E-000144.jpg,2026-08-16,16-Ago,Meloxic,2.0,frascos,Oral 10ml
SIN_NUMERO,E-000144.jpg,2026-08-16,16-Ago,Overxicem,1.0,frascos,iny 30ml
SIN_NUMERO,E-000144.jpg,2026-08-16,16-Ago,Isodine Soluc,1.0,frascos,
SIN_NUMERO,E-000144.jpg,2026-08-16,16-Ago,Pulvican,1.0,frascos,
SIN_NUMERO,E-000144.jpg,2026-08-16,16-Ago,Roxicaine,1.0,tubos,x 30ml
SIN_NUMERO,E-000144.jpg,2026-08-16,16-Ago,Lidocaina 5%,1.0,tubos,x 10
SIN_NUMERO,E-000144.jpg,2026-08-16,16-Ago,Clayderm,1.0,spray,
SIN_NUMERO,E-000144.jpg,2026-08-16,16-Ago,Septiderm,1.0,frascos,
SIN_NUMERO,E-000144.jpg,2026-08-16,16-Ago,Amoxicilina,1.0,frascos,15%
SIN_NUMERO,E-000144.jpg,2026-08-16,16-Ago,Bioestril,2.0,frascos,Legumes
SIN_NUMERO,E-000144.jpg,2026-08-16,16-Ago,Seles,2.0,frascos,Rehidratación
SIN_NUMERO,E-000145.jpg,2026-08-16,16/Ago/26,Pondel,4.0,unidades,10 ml
SIN_NUMERO,E-000145.jpg,2026-08-16,16/Ago/26,Bonavit,1.0,unidades,120 ml
SIN_NUMERO,E-000145.jpg,2026-08-16,16/Ago/26,Lagrimas artificial,3.0,unidades,15 ml
SIN_NUMERO,E-000145.jpg,2026-08-16,16/Ago/26,Pomada,2.0,unidades,50g/30g
SIN_NUMERO,E-000145.jpg,2026-08-16,16/Ago/26,Adrenalina,10.0,unidades,1mg/ml
SIN_NUMERO,E-000145.jpg,2026-08-16,16/Ago/26,Placaina,2.0,unidades,20mg/ml
SIN_NUMERO,E-000145.jpg,2026-08-16,16/Ago/26,Cefalexina,1.0,unidades,250mg/5ml
SIN_NUMERO,E-000145.jpg,2026-08-16,16/Ago/26,Jabon Quirurgico,1.0,unidades,300 ml
SIN_NUMERO,E-000145.jpg,2026-08-16,16/Ago/26,Jabon Antiseptico,2.0,unidades,90g
SIN_NUMERO,E-000145.jpg,2026-08-16,16/Ago/26,Dexametasona,100.0,unidades,8mg/2ml
SIN_NUMERO,E-000145.jpg,2026-08-16,16/Ago/26,Metronidazol,1.0,unidades,500mg/100ml
SIN_NUMERO,E-000145.jpg,2026-08-16,16/Ago/26,Combat oral,1.0,unidades,120ml
SIN_NUMERO,E-000145.jpg,2026-08-16,16/Ago/26,Lacto reemplazador,1.0,unidades,180g
SIN_NUMERO,E-000145.jpg,2026-08-16,16/Ago/26,Solucion Antiseptica,1.0,unidades,300 ml
SIN_NUMERO,E-000145.jpg,2026-08-16,16/Ago/26,Dextromin-B,3.0,unidades,500 ml
SIN_NUMERO,E-000145.jpg,2026-08-16,16/Ago/26,Solucion Saborizada,4.0,unidades,oral 200 ml
SIN_NUMERO,E-000145.jpg,2026-08-16,16/Ago/26,Sutura,3.0,unidades,2/0
SIN_NUMERO,E-000146.jpg,2026-08-16,16/AGO/26,Rondel,4.0,unidades,10 ml
SIN_NUMERO,E-000146.jpg,2026-08-16,16/AGO/26,Bonavit,1.0,unidades,120 ml
SIN_NUMERO,E-000146.jpg,2026-08-16,16/AGO/26,Lagrimas artificial,3.0,unidades,15 ml
SIN_NUMERO,E-000146.jpg,2026-08-16,16/AGO/26,Meloxicam,2.0,unidades,15mg/50ml
SIN_NUMERO,E-000146.jpg,2026-08-16,16/AGO/26,Adrenalina,10.0,unidades,1mg/ml
SIN_NUMERO,E-000146.jpg,2026-08-16,16/AGO/26,Pisacaina,15.0,unidades,20mg/ml
SIN_NUMERO,E-000146.jpg,2026-08-16,16/AGO/26,Cefalexina,2.0,unidades,250mg/5ml
SIN_NUMERO,E-000146.jpg,2026-08-16,16/AGO/26,Jabon Quirurgico,1.0,unidades,300 ml
SIN_NUMERO,E-000146.jpg,2026-08-16,16/AGO/26,Jabon Antiseptico,1.0,unidades,90g
SIN_NUMERO,E-000146.jpg,2026-08-16,16/AGO/26,Dexametasona,2.0,unidades,8mg/2ml
SIN_NUMERO,E-000146.jpg,2026-08-16,16/AGO/26,Metronidazol,100.0,unidades,300mg/100ml
SIN_NUMERO,E-000146.jpg,2026-08-16,16/AGO/26,Combat oral,1.0,unidades,120ml
SIN_NUMERO,E-000146.jpg,2026-08-16,16/AGO/26,Lacto reemplazador,1.0,unidades,180g
SIN_NUMERO,E-000146.jpg,2026-08-16,16/AGO/26,Solucion Antiseptica,3.0,unidades,300 ml
SIN_NUMERO,E-000146.jpg,2026-08-16,16/AGO/26,Dextromin-B,3.0,unidades,300 ml
SIN_NUMERO,E-000146.jpg,2026-08-16,16/AGO/26,Solucion Saborizada,1.0,unidades,oral 300 ml
SIN_NUMERO,E-000146.jpg,2026-08-16,16/AGO/26,Sutura,4.0,unidades,2/0
SIN_NUMERO,E-000147.jpg,2026-08-16,16-Ago,Dextromin B,1.0,unidades,500ml
SIN_NUMERO,E-000147.jpg,2026-08-16,16-Ago,Anulec-B,3.0,unidades,500ml
SIN_NUMERO,E-000147.jpg,2026-08-16,16-Ago,Oralpet,1.0,unidades,400ml
SIN_NUMERO,E-000147.jpg,2026-08-16,16-Ago,Caniforte,3.0,unidades,20 tabletas
SIN_NUMERO,E-000147.jpg,2026-08-16,16-Ago,Ixer 080,1.0,litro,
SIN_NUMERO,E-000147.jpg,2026-08-16,16-Ago,Jabones,1.0,unidades,
SIN_NUMERO,E-000147.jpg,2026-08-16,16-Ago,Esparadrapo,4.0,unidades,
SIN_NUMERO,E-000147.jpg,2026-08-16,16-Ago,Aminolyte,1.0,unidades,500ml
SIN_NUMERO,E-000147.jpg,2026-08-16,16-Ago,Hepatic-Care,1.0,unidades,
SIN_NUMERO,E-000147.jpg,2026-08-16,16-Ago,Meloxipet,5.0,unidades,0.50%
SIN_NUMERO,E-000147.jpg,2026-08-16,16-Ago,Cutmycon,2.0,unidades,100ml
SIN_NUMERO,E-000147.jpg,2026-08-16,16-Ago,Cutmycon,3.0,unidades,50ml
SIN_NUMERO,E-000147.jpg,2026-08-16,16-Ago,Baxidin,2.0,unidades,120ml
SIN_NUMERO,E-000147.jpg,2026-08-16,16-Ago,Agua Oxigenada,4.0,unidades,120ml
SIN_NUMERO,E-000147.jpg,2026-08-16,16-Ago,Doxiciclina,1.0,unidades,200mg
SIN_NUMERO,E-000147.jpg,2026-08-16,16-Ago,Penicilina,3.0,unidades,1200UT
SIN_NUMERO,E-000147.jpg,2026-08-16,16-Ago,Doxiciclina,1.0,unidades,Jalea
SIN_NUMERO,E-000147.jpg,2026-08-16,16-Ago,Ixer 080,2.0,unidades,120ml
SIN_NUMERO,E-000147.jpg,2026-08-16,16-Ago,Piperacilina + Tazobactam,2.0,unidades,
SIN_NUMERO,E-000147.jpg,2026-08-16,16-Ago,Dexametasona gotas oftálmicas,3.0,unidades,Sol. tópica
SIN_NUMERO,E-000147.jpg,2026-08-16,16-Ago,Oftalmosyn,1.0,frascos,30ml
SIN_NUMERO,E-000147.jpg,2026-08-16,16-Ago,Inmul-V,1.0,unidades,gotas
SIN_NUMERO,E-000147.jpg,2026-08-16,16-Ago,Quarcetol,1.0,unidades,12.5%
SIN_NUMERO,E-000148.jpg,2026-08-16,16-Ago,Dextrosa,1.0,frascos,500ml
SIN_NUMERO,E-000148.jpg,2026-08-16,16-Ago,Anulec-B,1.0,frascos,500ml
SIN_NUMERO,E-000148.jpg,2026-08-16,16-Ago,Oralpet,3.0,frascos,400ml
SIN_NUMERO,E-000148.jpg,2026-08-16,16-Ago,Caniforte,1.0,frascos,250ml
SIN_NUMERO,E-000148.jpg,2026-08-16,16-Ago,Ixer 080,1.0,litro,
SIN_NUMERO,E-000148.jpg,2026-08-16,16-Ago,Jabones,1.0,unidades,
SIN_NUMERO,E-000148.jpg,2026-08-16,16-Ago,Aminolyte,4.0,frascos,500ml
SIN_NUMERO,E-000148.jpg,2026-08-16,16-Ago,Esparadrapo,1.0,unidades,
SIN_NUMERO,E-000148.jpg,2026-08-16,16-Ago,Pañitos,1.0,unidades,
SIN_NUMERO,E-000148.jpg,2026-08-16,16-Ago,Hepatocare,1.0,frascos,
SIN_NUMERO,E-000148.jpg,2026-08-16,16-Ago,Tranquipets,5.0,frascos,80g
SIN_NUMERO,E-000148.jpg,2026-08-16,16-Ago,Meloxipet,2.0,frascos,0.5%
SIN_NUMERO,E-000148.jpg,2026-08-16,16-Ago,Cutamycon,3.0,frascos,100ml
SIN_NUMERO,E-000148.jpg,2026-08-16,16-Ago,Baxidin,3.0,frascos,50ml
SIN_NUMERO,E-000148.jpg,2026-08-16,16-Ago,Weshey Sol,2.0,frascos,120ml
SIN_NUMERO,E-000148.jpg,2026-08-16,16-Ago,Agua Oxigenada,1.0,frascos,120ml
SIN_NUMERO,E-000148.jpg,2026-08-16,16-Ago,Doxiciclina,3.0,tabletas,200mg
SIN_NUMERO,E-000148.jpg,2026-08-16,16-Ago,Penicilina,1.0,frascos,1'200.000 UI
SIN_NUMERO,E-000148.jpg,2026-08-16,16-Ago,Doxiciclina,1.0,tabletas,200mg
SIN_NUMERO,E-000148.jpg,2026-08-16,16-Ago,Ixer 080,1.0,frascos,120ml
SIN_NUMERO,E-000148.jpg,2026-08-16,16-Ago,Piperacilina + Tazobactam,2.0,frascos,
SIN_NUMERO,E-000148.jpg,2026-08-16,16-Ago,Gotas Oftálmicas,2.0,frascos,
SIN_NUMERO,E-000148.jpg,2026-08-16,16-Ago,Dexametasona,3.0,frascos,pulverizador solución tópica 30ml
SIN_NUMERO,E-000148.jpg,2026-08-16,16-Ago,Ocoxín,1.0,frascos,
SIN_NUMERO,E-000148.jpg,2026-08-16,16-Ago,Inmol-V,1.0,frascos,gotas 12.5%
SIN_NUMERO,E-000148.jpg,2026-08-16,16-Ago,Keppra,28.0,tabletas,500mg
SIN_NUMERO,E-000149.jpg,2026-08-16,,Tapete absorbente,12.0,unidades,
SIN_NUMERO,E-000149.jpg,2026-08-16,,Venda,2.0,unidades,
SIN_NUMERO,E-000149.jpg,2026-08-16,,Toallas húmedas,1.0,paquete,
SIN_NUMERO,E-000149.jpg,2026-08-16,,Parche lidocaína,4.0,unidades,
SIN_NUMERO,E-000149.jpg,2026-08-16,,Bondel,1.0,frasco,10 ml
SIN_NUMERO,E-000149.jpg,2026-08-16,,Petcell,1.0,frasco,
SIN_NUMERO,E-000149.jpg,2026-08-16,,Diclofenaco,1.0,caja,x 10
SIN_NUMERO,E-000149.jpg,2026-08-16,,Cilexine,1.0,caja,x 14
SIN_NUMERO,E-000149.jpg,2026-08-16,,Caniforte,2.0,unidades,
SIN_NUMERO,E-000149.jpg,2026-08-16,,Metronidazol,1.0,frasco,250 mg
SIN_NUMERO,E-000149.jpg,2026-08-16,,Baño seco,1.0,frasco,350 ml
SIN_NUMERO,E-000149.jpg,2026-08-16,,Electrolitos,2.0,unidades,x 10
SIN_NUMERO,E-000149.jpg,2026-08-16,,Tranquipets,1.0,frasco,
SIN_NUMERO,E-000149.jpg,2026-08-16,,Pipidogs,1.0,frasco,
SIN_NUMERO,E-000149.jpg,2026-08-16,,Compleland B12,1.0,frasco,
SIN_NUMERO,E-000149.jpg,2026-08-16,,Diclofenaco inyectable,1.0,frasco,75 mg
SIN_NUMERO,E-000149.jpg,2026-08-16,,Ketoprofeno,1.0,frasco,50 ml
SIN_NUMERO,E-000149.jpg,2026-08-16,,Prednisolona,1.0,caja,20 mg
SIN_NUMERO,E-000149.jpg,2026-08-16,,Allerbey,3.0,unidades,5 mg
SIN_NUMERO,E-000149.jpg,2026-08-16,,Pulop,4.0,unidades,tópico
SIN_NUMERO,E-000149.jpg,2026-08-16,,Jabón Splash,1.0,frasco,
SIN_NUMERO,E-000149.jpg,2026-08-16,,Pomada Dermice,3.0,unidades,
SIN_NUMERO,E-000149.jpg,2026-08-16,,Catéter intravenoso,1.0,unidades,
SIN_NUMERO,E-000149.jpg,2026-08-16,,Hidratante,30.0,unidades,
SIN_NUMERO,E-000149.jpg,2026-08-16,,Fibrinex,1.0,tableta,
SIN_NUMERO,E-000149.jpg,2026-08-16,,Dexametasona,10.0,ampollas,inyectable
SIN_NUMERO,E-000150.jpg,2026-08-16,16-Ago,Dextrosa,1.0,frasco,500ml
SIN_NUMERO,E-000150.jpg,2026-08-16,16-Ago,Kit Disección,1.0,unidad,
SIN_NUMERO,E-000150.jpg,2026-08-16,16-Ago,Pralpet,3.0,frascos,400ml
SIN_NUMERO,E-000150.jpg,2026-08-16,16-Ago,Lactoreplazador,2.0,unidades,
SIN_NUMERO,E-000150.jpg,2026-08-16,16-Ago,Dexametasona,3.0,frascos,100ml
SIN_NUMERO,E-000150.jpg,2026-08-16,16-Ago,Jabón,1.0,unidad,
SIN_NUMERO,E-000150.jpg,2026-08-16,16-Ago,Dezosan,1.0,frasco,1000ml
SIN_NUMERO,E-000150.jpg,2026-08-16,16-Ago,Sulpacladine,1.0,frasco,
SIN_NUMERO,E-000150.jpg,2026-08-16,16-Ago,Verdemint,1.0,unidad,
SIN_NUMERO,E-000150.jpg,2026-08-16,16-Ago,Baxidin,1.0,frasco,1 litro
SIN_NUMERO,E-000150.jpg,2026-08-16,16-Ago,Rondel,5.0,frascos,10ml
SIN_NUMERO,E-000150.jpg,2026-08-16,16-Ago,Gotas lagrimales,1.0,unidad,
SIN_NUMERO,E-000150.jpg,2026-08-16,16-Ago,Lagrikov,3.0,unidades,
SIN_NUMERO,E-000150.jpg,2026-08-16,16-Ago,Melodol,3.0,tabletas,0.5mg
SIN_NUMERO,E-000150.jpg,2026-08-16,16-Ago,Alleyvet,1.0,caja,30 tabletas
SIN_NUMERO,E-000150.jpg,2026-08-16,16-Ago,Rexate,1.0,unidad,
SIN_NUMERO,E-000150.jpg,2026-08-16,16-Ago,Canichs,1.0,unidad,
SIN_NUMERO,E-000150.jpg,2026-08-16,16-Ago,Pery Celme,2.0,unidades,
SIN_NUMERO,E-000150.jpg,2026-08-16,16-Ago,Sildenafil,5.0,tabletas,25mg
SIN_NUMERO,E-000150.jpg,2026-08-16,16-Ago,Lidocaína Clorhidrato,4.0,ampollas,
SIN_NUMERO,E-000150.jpg,2026-08-16,16-Ago,Meloxicam,2.0,frascos,0.5%
SIN_NUMERO,E-000150.jpg,2026-08-16,16-Ago,Visibet,1.0,unidad,
SIN_NUMERO,E-000150.jpg,2026-08-16,16-Ago,Telazol,1.0,unidad,
SIN_NUMERO,E-000150.jpg,2026-08-16,16-Ago,Dexametasona,1.0,ampolla,4mg
SIN_NUMERO,E-000150.jpg,2026-08-16,16-Ago,Dexametasona,1.0,ampolla,8mg
SIN_NUMERO,E-000150.jpg,2026-08-16,16-Ago,Logrigen,1.0,unidad,
SIN_NUMERO,E-000151.jpg,2026-08-16,16-Ago,Dextrosa,1.0,frascos,500ml
SIN_NUMERO,E-000151.jpg,2026-08-16,16-Ago,Kit Disección,1.0,unidades,
SIN_NUMERO,E-000151.jpg,2026-08-16,16-Ago,Pralpet,3.0,unidades,400ml
SIN_NUMERO,E-000151.jpg,2026-08-16,16-Ago,Lactato de Ringer,2.0,bolsas,100ml
SIN_NUMERO,E-000151.jpg,2026-08-16,16-Ago,Dexametasona,3.0,unidades,
SIN_NUMERO,E-000151.jpg,2026-08-16,16-Ago,Jabón,1.0,unidades,
SIN_NUMERO,E-000151.jpg,2026-08-16,16-Ago,Sulfadiazina,1.0,unidades,
SIN_NUMERO,E-000151.jpg,2026-08-16,16-Ago,Vardemint,1.0,unidades,
SIN_NUMERO,E-000151.jpg,2026-08-16,16-Ago,Baxidin,1.0,litro,
SIN_NUMERO,E-000151.jpg,2026-08-16,16-Ago,Rondel Oral,5.0,unidades,10ml
SIN_NUMERO,E-000151.jpg,2026-08-16,16-Ago,Gotas Lagrimas,1.0,unidades,
SIN_NUMERO,E-000151.jpg,2026-08-16,16-Ago,Lagrikov,3.0,unidades,
SIN_NUMERO,E-000151.jpg,2026-08-16,16-Ago,Melodol,3.0,unidades,0.15%
SIN_NUMERO,E-000151.jpg,2026-08-16,16-Ago,Allerpet,1.0,cajas,30 tabletas
SIN_NUMERO,E-000151.jpg,2026-08-16,16-Ago,Rexatel,1.0,unidades,
SIN_NUMERO,E-000151.jpg,2026-08-16,16-Ago,Cannulas,1.0,unidades,
SIN_NUMERO,E-000151.jpg,2026-08-16,16-Ago,Pez y Cime,2.0,unidades,
SIN_NUMERO,E-000151.jpg,2026-08-16,16-Ago,Virbac opt,5.0,unidades,
SIN_NUMERO,E-000151.jpg,2026-08-16,16-Ago,Sildenafilo,4.0,unidades,25mg
SIN_NUMERO,E-000151.jpg,2026-08-16,16-Ago,Lidocaína Clorhidrato,2.0,unidades,
SIN_NUMERO,E-000151.jpg,2026-08-16,16-Ago,Meloxicam,1.0,unidades,0.15%
SIN_NUMERO,E-000151.jpg,2026-08-16,16-Ago,Visibet,1.0,unidades,
SIN_NUMERO,E-000151.jpg,2026-08-16,16-Ago,Ofloxacino,1.0,unidades,
SIN_NUMERO,E-000151.jpg,2026-08-16,16-Ago,Dexametasona,1.0,unidades,4mg
SIN_NUMERO,E-000151.jpg,2026-08-16,16-Ago,Dexametasona,1.0,unidades,8mg
SIN_NUMERO,E-000151.jpg,2026-08-16,16-Ago,Logrigen,1.0,unidades,
SIN_NUMERO,E-000152.jpg,2026-08-16,16-Ago,Dextranin B,2.0,frascos,50ml
SIN_NUMERO,E-000152.jpg,2026-08-16,16-Ago,Oligovit LHA,1.0,frascos,x-5
SIN_NUMERO,E-000152.jpg,2026-08-16,16-Ago,Febendazol,6.0,tabletas,10% x 500
SIN_NUMERO,E-000152.jpg,2026-08-16,16-Ago,Meloxicam oral,1.0,frascos,10ml
SIN_NUMERO,E-000152.jpg,2026-08-16,16-Ago,Meloxicam oral,1.0,frascos,10ml
SIN_NUMERO,E-000152.jpg,2026-08-16,16-Ago,Clorhexidina,2.0,frascos,4% 100ml
SIN_NUMERO,E-000152.jpg,2026-08-16,16-Ago,Devit lice,1.0,frascos,50ml
SIN_NUMERO,E-000152.jpg,2026-08-16,16-Ago,Syndet,1.0,frascos,240ml
SIN_NUMERO,E-000152.jpg,2026-08-16,16-Ago,Otoxin,1.0,frascos,15ml
SIN_NUMERO,E-000152.jpg,2026-08-16,16-Ago,Clavupet,1.0,frascos,50ml
SIN_NUMERO,E-000152.jpg,2026-08-16,16-Ago,Meloxicam,1.0,ampollas,15mg/ml
SIN_NUMERO,E-000152.jpg,2026-08-16,16-Ago,Gentamicina,1.0,ampollas,80mg/2ml
SIN_NUMERO,E-000152.jpg,2026-08-16,16-Ago,Bond Relax,1.0,frascos,
SIN_NUMERO,E-000152.jpg,2026-08-16,16-Ago,Clorhexidina spray,1.0,frascos,4% 30ml
SIN_NUMERO,E-000152.jpg,2026-08-16,16-Ago,Canplus,1.0,frascos,
SIN_NUMERO,E-000152.jpg,2026-08-16,16-Ago,Perid-Aid,1.0,frascos,
SIN_NUMERO,E-000152.jpg,2026-08-16,16-Ago,Aloe Vac,1.0,frascos,
SIN_NUMERO,E-000152.jpg,2026-08-16,16-Ago,Sinous,4.0,frascos,50ml
SIN_NUMERO,E-000152.jpg,2026-08-16,16-Ago,Dipirona,2.0,frascos,45gr
SIN_NUMERO,E-000152.jpg,2026-08-16,16-Ago,Dirotret,1.0,frascos,200mg
SIN_NUMERO,E-000152.jpg,2026-08-16,16-Ago,Zeel,1.0,tabletas,
SIN_NUMERO,E-000152.jpg,2026-08-16,16-Ago,Bisacina,1.0,tabletas,2% 20mg
SIN_NUMERO,E-000152.jpg,2026-08-16,16-Ago,Dexametasona,1.0,ampollas,4mg
SIN_NUMERO,E-000152.jpg,2026-08-16,16-Ago,Caniporte,1.0,frascos,150gr
SIN_NUMERO,E-000152.jpg,2026-08-16,16-Ago,Baño seco pulgas,3.0,frascos,100ml
SIN_NUMERO,E-000152.jpg,2026-08-16,16-Ago,Caniporte,1.0,frascos,
SIN_NUMERO,E-000152.jpg,2026-08-16,16-Ago,Vioxin,1.0,frascos,"2,3%"
SIN_NUMERO,E-000152.jpg,2026-08-16,16-Ago,Solución Hidratante,13.0,bolsas,Polvo
SIN_NUMERO,E-000152.jpg,2026-08-16,16-Ago,Parche Lidocaína,6.0,unidades,5%
SIN_NUMERO,E-000152.jpg,2026-08-16,16-Ago,Clorhexidina,1.0,frascos,30ml
SIN_NUMERO,E-000152.jpg,2026-08-16,16-Ago,Agua,1.0,frascos,20ml
SIN_NUMERO,E-000152.jpg,2026-08-16,16-Ago,Fidat spray,1.0,frascos,50ml
SIN_NUMERO,E-000152.jpg,2026-08-16,16-Ago,Jabón,1.0,frascos,
SIN_NUMERO,E-000152.jpg,2026-08-16,16-Ago,Saniderm,1.0,frascos,
SIN_NUMERO,E-000152.jpg,2026-08-16,16-Ago,Tramadol,1.0,frascos,50mg/ml
SIN_NUMERO,E-000152.jpg,2026-08-16,16-Ago,Cefalexina,1.0,frascos,polvo 250mg
SIN_NUMERO,E-000152.jpg,2026-08-16,16-Ago,Roncaine,1.0,frascos,20ml
SIN_NUMERO,E-000152.jpg,2026-08-16,16-Ago,Doxican,1.0,cajas,100mg x 20 tab
SIN_NUMERO,E-000152.jpg,2026-08-16,16-Ago,Yodo espuma,1.0,frascos,60ml
SIN_NUMERO,E-000152.jpg,2026-08-16,16-Ago,Dipirona,1.0,cajas,1gr x 10 comp
SIN_NUMERO,E-000152.jpg,2026-08-16,16-Ago,Ulovet oral,1.0,frascos,
SIN_NUMERO,E-000152.jpg,2026-08-16,16-Ago,Aciclovir,1.0,tabletas,
SIN_NUMERO,E-000152.jpg,2026-08-16,16-Ago,Arnica,1.0,frascos,gotas
SIN_NUMERO,E-000152.jpg,2026-08-16,16-Ago,Cannabis,1.0,frascos,gotas
SIN_NUMERO,E-000152.jpg,2026-08-16,16-Ago,Arsenicum,1.0,frascos,gotas
SIN_NUMERO,E-000152.jpg,2026-08-16,16-Ago,Toallas húmedas pet,1.0,paquetes,
SIN_NUMERO,E-000152.jpg,2026-08-16,16-Ago,Meloxicam,1.0,tabletas,2mg
SIN_NUMERO,E-000152.jpg,2026-08-16,16-Ago,Prednisolona,1.0,cajas,200mg x 20
SIN_NUMERO,E-000152.jpg,2026-08-16,16-Ago,Frawdol,1.0,frascos,1ml x 100mg
SIN_NUMERO,E-000152.jpg,2026-08-16,16-Ago,Amoxicilina,40.0,tabletas,500mg
SIN_NUMERO,E-000153.jpg,2026-08-16,16-Ago,Dextrosa,2.0,frascos,500ml
SIN_NUMERO,E-000153.jpg,2026-08-16,16-Ago,Oligovit,2.0,unidades,LHA X-5
SIN_NUMERO,E-000153.jpg,2026-08-16,16-Ago,Fenbendazol,6.0,unidades,10% x 500
SIN_NUMERO,E-000153.jpg,2026-08-16,16-Ago,Meloxicam,6.0,frascos,oral 10ml
SIN_NUMERO,E-000153.jpg,2026-08-16,16-Ago,Clorhexidina,1.0,frascos,4% 100ml
SIN_NUMERO,E-000153.jpg,2026-08-16,16-Ago,Devit,1.0,frascos,50ml
SIN_NUMERO,E-000153.jpg,2026-08-16,16-Ago,Syndet,2.0,frascos,240ml
SIN_NUMERO,E-000153.jpg,2026-08-16,16-Ago,Otoxin,1.0,frascos,50ml
SIN_NUMERO,E-000153.jpg,2026-08-16,16-Ago,Clavupet,1.0,frascos,50ml
SIN_NUMERO,E-000153.jpg,2026-08-16,16-Ago,Meloxicam,1.0,frascos,15mg/15ml
SIN_NUMERO,E-000153.jpg,2026-08-16,16-Ago,Gentamicina,1.0,frascos,80mg/2ml
SIN_NUMERO,E-000153.jpg,2026-08-16,16-Ago,Bond Relax,1.0,frascos,
SIN_NUMERO,E-000153.jpg,2026-08-16,16-Ago,Clorhexidina,1.0,frascos,4% 200ml
SIN_NUMERO,E-000153.jpg,2026-08-16,16-Ago,Clorhexidina Spray,1.0,frascos,
SIN_NUMERO,E-000153.jpg,2026-08-16,16-Ago,Canplus,1.0,frascos,
SIN_NUMERO,E-000153.jpg,2026-08-16,16-Ago,Povid-Aid,1.0,frascos,
SIN_NUMERO,E-000153.jpg,2026-08-16,16-Ago,Aloe Vac,1.0,frascos,
SIN_NUMERO,E-000153.jpg,2026-08-16,16-Ago,Sinus,1.0,frascos,50ml
SIN_NUMERO,E-000153.jpg,2026-08-16,16-Ago,Piperacilina,1.0,frascos,4.5gr
SIN_NUMERO,E-000153.jpg,2026-08-16,16-Ago,Zeel,2.0,tabletas,200mg
SIN_NUMERO,E-000153.jpg,2026-08-16,16-Ago,Dexametasona,2.0,tabletas,20mg
SIN_NUMERO,E-000153.jpg,2026-08-16,16-Ago,Camphor,1.0,frascos,150gr
SIN_NUMERO,E-000153.jpg,2026-08-16,16-Ago,Baño Seco Pulgas,3.0,frascos,100ml
SIN_NUMERO,E-000153.jpg,2026-08-16,16-Ago,Butox,1.0,frascos,
SIN_NUMERO,E-000153.jpg,2026-08-16,16-Ago,Canipor,1.0,frascos,
SIN_NUMERO,E-000153.jpg,2026-08-16,16-Ago,Vioxin,1.0,frascos,2.3%
SIN_NUMERO,E-000153.jpg,2026-08-16,16-Ago,Solución Hidratante,13.0,bolsas,Polvo
SIN_NUMERO,E-000153.jpg,2026-08-16,16-Ago,Parche Lidocaína,6.0,unidades,5%
SIN_NUMERO,E-000153.jpg,2026-08-16,16-Ago,Clorhexidina,1.0,frascos,30ml
SIN_NUMERO,E-000153.jpg,2026-08-16,16-Ago,Fidal Spray,1.0,frascos,50ml
SIN_NUMERO,E-000153.jpg,2026-08-16,16-Ago,Jabón,1.0,unidades,2-0
SIN_NUMERO,E-000153.jpg,2026-08-16,16-Ago,Tramadol,1.0,frascos,50mg/1ml
SIN_NUMERO,E-000153.jpg,2026-08-16,16-Ago,Saniderm,1.0,frascos,40gr
SIN_NUMERO,E-000153.jpg,2026-08-16,16-Ago,Cefalexina,1.0,frascos,polvo 250mg
SIN_NUMERO,E-000153.jpg,2026-08-16,16-Ago,Poncaine,1.0,frascos,20ml
SIN_NUMERO,E-000153.jpg,2026-08-16,16-Ago,Yodo Espuric,1.0,frascos,60ml
SIN_NUMERO,E-000153.jpg,2026-08-16,16-Ago,Doxican,1.0,cajas,100mg x 20 tab
SIN_NUMERO,E-000153.jpg,2026-08-16,16-Ago,Dipirona,1.0,cajas,1gr x 10 comp
SIN_NUMERO,E-000153.jpg,2026-08-16,16-Ago,Midovet,1.0,frascos,oral
SIN_NUMERO,E-000153.jpg,2026-08-16,16-Ago,Apis,1.0,frascos,goteo
SIN_NUMERO,E-000153.jpg,2026-08-16,16-Ago,Arnica,1.0,frascos,goteo
SIN_NUMERO,E-000153.jpg,2026-08-16,16-Ago,Cannabis,1.0,frascos,goteo
SIN_NUMERO,E-000153.jpg,2026-08-16,16-Ago,Arsenicum,1.0,frascos,goteo
SIN_NUMERO,E-000153.jpg,2026-08-16,16-Ago,Toallas Húmedas,1.0,paquetes,pet
SIN_NUMERO,E-000153.jpg,2026-08-16,16-Ago,Meloxicam,1.0,frascos,2mg
SIN_NUMERO,E-000153.jpg,2026-08-16,16-Ago,Prednisolona,1.0,cajas,20mg x 20
SIN_NUMERO,E-000153.jpg,2026-08-16,16-Ago,Furosemida,1.0,ampollas,1ml x 100mg
SIN_NUMERO,E-000153.jpg,2026-08-16,16-Ago,Amoxicilina,40.0,tabletas,100mg
SIN_NUMERO,E-000154.jpg,2026-08-16,16/Ago/26,Desin-ta,2.0,frascos,10ml
SIN_NUMERO,E-000154.jpg,2026-08-16,16/Ago/26,Lagnkov,6.0,frascos,0.8% 60ml oral
SIN_NUMERO,E-000154.jpg,2026-08-16,16/Ago/26,Acetaminofen,2.0,cajas,16 tabletas
SIN_NUMERO,E-000154.jpg,2026-08-16,16/Ago/26,Predicorten,1.0,caja,5mg
SIN_NUMERO,E-000154.jpg,2026-08-16,16/Ago/26,Saniderm crema topica,5.0,tubos,40g
SIN_NUMERO,E-000154.jpg,2026-08-16,16/Ago/26,Pulloff topica,3.0,viales,0.67ml perros
SIN_NUMERO,E-000154.jpg,2026-08-16,16/Ago/26,Parche medico,3.0,parches,
SIN_NUMERO,E-000154.jpg,2026-08-16,16/Ago/26,Sales de rehidratación,4.0,sobres,20.3g
SIN_NUMERO,E-000154.jpg,2026-08-16,16/Ago/26,Bebida refrescante Fresa,11.0,unidades,10g
SIN_NUMERO,E-000154.jpg,2026-08-16,16/Ago/26,Electrolito,1.0,frasco,10ml/30ml
SIN_NUMERO,E-000154.jpg,2026-08-16,16/Ago/26,Simparica,2.0,unidades,1 tab > 5-10kg
SIN_NUMERO,E-000154.jpg,2026-08-16,16/Ago/26,Meloxicam,1.0,frasco,30g
SIN_NUMERO,E-000154.jpg,2026-08-16,16/Ago/26,Pezosan-n,1.0,frasco,150g
SIN_NUMERO,E-000154.jpg,2026-08-16,16/Ago/26,Caniforte 25E,2.0,frascos,20ml
SIN_NUMERO,E-000154.jpg,2026-08-16,16/Ago/26,Adrenalina Vet,1.0,frasco,otico 20ml
SIN_NUMERO,E-000154.jpg,2026-08-16,16/Ago/26,Splend colirio,2.0,frascos,50g
SIN_NUMERO,E-000154.jpg,2026-08-16,16/Ago/26,Genoflex-NF,1.0,frasco,210ml
SIN_NUMERO,E-000154.jpg,2026-08-16,16/Ago/26,Vita cell,2.0,frascos,75mg/3ml
SIN_NUMERO,E-000154.jpg,2026-08-16,16/Ago/26,Verdemint,15.0,unidades,180g
SIN_NUMERO,E-000154.jpg,2026-08-16,16/Ago/26,Diclofenaco Sodico,3.0,frascos,500mg/2ml
SIN_NUMERO,E-000154.jpg,2026-08-16,16/Ago/26,Lacto reemplazador,2.0,bolsas,100ml
SIN_NUMERO,E-000154.jpg,2026-08-16,16/Ago/26,Dipirona sodica,4.0,frascos,400ml
SIN_NUMERO,E-000154.jpg,2026-08-16,16/Ago/26,Dexametasona fosfato,1.0,frasco,
SIN_NUMERO,E-000154.jpg,2026-08-16,16/Ago/26,Jabon Demosyn locion medica,1.0,frasco,
SIN_NUMERO,E-000154.jpg,2026-08-16,16/Ago/26,Wescohex solucion antiseptica oral pet,1.0,frasco,
SIN_NUMERO,E-000155.jpg,2026-08-16,16/Ago/26,Rondel,2.0,unidades,10ml
SIN_NUMERO,E-000155.jpg,2026-08-16,16/Ago/26,Desinita,1.0,unidades,60ml oral
SIN_NUMERO,E-000155.jpg,2026-08-16,16/Ago/26,Lagnkov,6.0,unidades,15ml
SIN_NUMERO,E-000155.jpg,2026-08-16,16/Ago/26,Acetaminofen,2.0,cajas,16 tabletas
SIN_NUMERO,E-000155.jpg,2026-08-16,16/Ago/26,Predicorten,1.0,unidades,5mg
SIN_NUMERO,E-000155.jpg,2026-08-16,16/Ago/26,Saniderm crema topica,2.0,unidades,40g
SIN_NUMERO,E-000155.jpg,2026-08-16,16/Ago/26,Oligomax homeopatico,1.0,viales,0.67ml perros
SIN_NUMERO,E-000155.jpg,2026-08-16,16/Ago/26,Pulloe topica,3.0,parches,3 parches
SIN_NUMERO,E-000155.jpg,2026-08-16,16/Ago/26,Parche medico,5.0,sobres,20g/sobres
SIN_NUMERO,E-000155.jpg,2026-08-16,16/Ago/26,Sales de rehidratacion,3.0,unidades,10g
SIN_NUMERO,E-000155.jpg,2026-08-16,16/Ago/26,Bebida refrescante fresca,3.0,unidades,10g
SIN_NUMERO,E-000155.jpg,2026-08-16,16/Ago/26,Electrolito,4.0,unidades,1tab > 10kg
SIN_NUMERO,E-000155.jpg,2026-08-16,16/Ago/26,Simparica,11.0,unidades,10ml/30ml
SIN_NUMERO,E-000155.jpg,2026-08-16,16/Ago/26,Meloxicam,1.0,unidades,30g
SIN_NUMERO,E-000155.jpg,2026-08-16,16/Ago/26,Pezosan-n,2.0,unidades,180g
SIN_NUMERO,E-000155.jpg,2026-08-16,16/Ago/26,Caniforte 25E,1.0,unidades,20ml
SIN_NUMERO,E-000155.jpg,2026-08-16,16/Ago/26,Adrenalina Vet,1.0,unidades,otico 10ml
SIN_NUMERO,E-000155.jpg,2026-08-16,16/Ago/26,Splend colirio,2.0,unidades,gotero 20ml
SIN_NUMERO,E-000155.jpg,2026-08-16,16/Ago/26,Genetex NF,1.0,unidades,50g
SIN_NUMERO,E-000155.jpg,2026-08-16,16/Ago/26,Verde mint,2.0,unidades,240ml
SIN_NUMERO,E-000155.jpg,2026-08-16,16/Ago/26,Vita cell,1.0,unidades,75mg/3ml
SIN_NUMERO,E-000155.jpg,2026-08-16,16/Ago/26,Diclofenaco Sodico,15.0,unidades,180g
SIN_NUMERO,E-000155.jpg,2026-08-16,16/Ago/26,Lacto reemplazador,3.0,unidades,500mg/2ml
SIN_NUMERO,E-000155.jpg,2026-08-16,16/Ago/26,Dipirona Sodica,1.0,unidades,2.5g/5ml
SIN_NUMERO,E-000155.jpg,2026-08-16,16/Ago/26,Dexametasona Fosfato,2.0,unidades,100ml
SIN_NUMERO,E-000155.jpg,2026-08-16,16/Ago/26,Jabon,4.0,unidades,400ml
SIN_NUMERO,E-000155.jpg,2026-08-16,16/Ago/26,Demosyn locion medica,0.0,null,null
SIN_NUMERO,E-000155.jpg,2026-08-16,16/Ago/26,Wescohex solucion antiseptica oral pet,0.0,null,null
SIN_NUMERO,E-000156.jpg,2026-08-16,,Tapetes absorbentes,12.0,unidades,
SIN_NUMERO,E-000156.jpg,2026-08-16,,Toallas húmedas,1.0,paquete,
SIN_NUMERO,E-000156.jpg,2026-08-16,,Parche lidocaína,1.0,unidad,10 ml
SIN_NUMERO,E-000156.jpg,2026-08-16,,Detcell,1.0,unidad,50 ml
SIN_NUMERO,E-000156.jpg,2026-08-16,,Anclofenco Dvp,1.0,unidad,x 10
SIN_NUMERO,E-000156.jpg,2026-08-16,,Dilexine,1.0,unidad,300 x 14
SIN_NUMERO,E-000156.jpg,2026-08-16,,Caniforte,2.0,unidades,
SIN_NUMERO,E-000156.jpg,2026-08-16,,Metronid,1.0,unidad,250 mg
SIN_NUMERO,E-000156.jpg,2026-08-16,,Baño seco,1.0,unidad,
SIN_NUMERO,E-000156.jpg,2026-08-16,,Electrolítica,1.0,unidad,350 ml x 10
SIN_NUMERO,E-000156.jpg,2026-08-16,,Tranquipets,1.0,unidad,
SIN_NUMERO,E-000156.jpg,2026-08-16,,Esparadrapo,2.0,unidades,
SIN_NUMERO,E-000156.jpg,2026-08-16,,Pipetas,1.0,unidad,
SIN_NUMERO,E-000156.jpg,2026-08-16,,Completand B12,1.0,unidad,
SIN_NUMERO,E-000156.jpg,2026-08-16,,Diclofenaco inyectable,1.0,unidad,75 mg
SIN_NUMERO,E-000156.jpg,2026-08-16,,Glicoxn,1.0,unidad,30 ml
SIN_NUMERO,E-000156.jpg,2026-08-16,,Ketoprofeno,1.0,unidad,100 mg
SIN_NUMERO,E-000156.jpg,2026-08-16,,Prednisolona,1.0,unidad,20 mg
SIN_NUMERO,E-000156.jpg,2026-08-16,,Allerbey,3.0,unidades,5 mg
SIN_NUMERO,E-000156.jpg,2026-08-16,,Pulop,4.0,unidades,tópico
SIN_NUMERO,E-000156.jpg,2026-08-16,,Jabón,1.0,unidad,splash
SIN_NUMERO,E-000156.jpg,2026-08-16,,Pomada dermice,3.0,unidades,
SIN_NUMERO,E-000156.jpg,2026-08-16,,Catéter intravenoso,1.0,unidad,
SIN_NUMERO,E-000156.jpg,2026-08-16,,Hidratante pulpos,30.0,unidades,
SIN_NUMERO,E-000156.jpg,2026-08-16,,Fibrinexme,1.0,unidad,tebl
SIN_NUMERO,E-000156.jpg,2026-08-16,,Dexametasona inyectable,10.0,unidades,
SIN_NUMERO,E-000157.jpg,2026-08-16,16/Ago/26,Solucion Antiseptica,5.0,unidades,1L / 520 ml
SIN_NUMERO,E-000157.jpg,2026-08-16,16/Ago/26,Vioxin,1.0,unidades,60ml
SIN_NUMERO,E-000157.jpg,2026-08-16,16/Ago/26,Rondel,6.0,unidades,10ml
SIN_NUMERO,E-000157.jpg,2026-08-16,16/Ago/26,Pomada Verdemint,30.0,unidades,50g
SIN_NUMERO,E-000157.jpg,2026-08-16,16/Ago/26,Epinefrina,3.0,unidades,1mg/1ml
SIN_NUMERO,E-000157.jpg,2026-08-16,16/Ago/26,Dextromin-B,4.0,unidades,500ml
SIN_NUMERO,E-000157.jpg,2026-08-16,16/Ago/26,Oral pet-oral cat,1.0,unidades,90g
SIN_NUMERO,E-000157.jpg,2026-08-16,16/Ago/26,Jabon Antiseptico,1.0,unidades,100ml
SIN_NUMERO,E-000157.jpg,2026-08-16,16/Ago/26,Comple B12 oral,1.0,unidades,120ml
SIN_NUMERO,E-000157.jpg,2026-08-16,16/Ago/26,Jabon Quirurgico,1.0,unidades,20ml
SIN_NUMERO,E-000157.jpg,2026-08-16,16/Ago/26,Piecimicina,1.0,unidades,20ml
SIN_NUMERO,E-000157.jpg,2026-08-16,16/Ago/26,Ocul-V,2.0,unidades,10ml
SIN_NUMERO,E-000157.jpg,2026-08-16,16/Ago/26,Alcohol Polivinilico,1.0,unidades,15ml
SIN_NUMERO,E-000157.jpg,2026-08-16,16/Ago/26,Sanimicon-Topico,2.0,unidades,50ml
SIN_NUMERO,E-000157.jpg,2026-08-16,16/Ago/26,Conforte 28E,3.0,unidades,150g
SIN_NUMERO,E-000157.jpg,2026-08-16,16/Ago/26,Optilene,3.0,unidades,3/0
SIN_NUMERO,E-000158.jpg,2026-08-16,16/08/2026,Solución Antiséptica,5.0,unidades,1L / 520 ml
SIN_NUMERO,E-000158.jpg,2026-08-16,16/08/2026,Vioxin,1.0,frasco,60 ml
SIN_NUMERO,E-000158.jpg,2026-08-16,16/08/2026,Rondel,6.0,unidades,10 ml
SIN_NUMERO,E-000158.jpg,2026-08-16,16/08/2026,Enrofloxacina,1.0,frasco,50 g
SIN_NUMERO,E-000158.jpg,2026-08-16,16/08/2026,Dextromin-B,30.0,unidades,1 mg / 1 ml
SIN_NUMERO,E-000158.jpg,2026-08-16,16/08/2026,Oralpet-Oral enteral,3.0,frascos,500 ml
SIN_NUMERO,E-000158.jpg,2026-08-16,16/08/2026,Jabón Antiséptico,4.0,unidades,400 ml
SIN_NUMERO,E-000158.jpg,2026-08-16,16/08/2026,Complejo B12 Oral,1.0,frasco,90 g
SIN_NUMERO,E-000158.jpg,2026-08-16,16/08/2026,Jabón Quirúrgico,1.0,frasco,100 ml
SIN_NUMERO,E-000158.jpg,2026-08-16,16/08/2026,Pifamicina,1.0,frasco,120 ml
SIN_NUMERO,E-000158.jpg,2026-08-16,16/08/2026,Ranidin V,1.0,frasco,20 ml
SIN_NUMERO,E-000158.jpg,2026-08-16,16/08/2026,Ocul-V,1.0,frasco,10 ml
SIN_NUMERO,E-000158.jpg,2026-08-16,16/08/2026,Alcohol Polivinílico,2.0,frascos,15 ml
SIN_NUMERO,E-000158.jpg,2026-08-16,16/08/2026,Sanimicon-Tópico,3.0,frascos,50 ml
SIN_NUMERO,E-000158.jpg,2026-08-16,16/08/2026,Caniforte 28E,2.0,unidades,150 g
SIN_NUMERO,E-000158.jpg,2026-08-16,16/08/2026,Optilene,3.0,unidades,3/0
SIN_NUMERO,E-000159.jpg,2026-08-16,16 Agosto,Guante M,1.0,tarro,Amonio
SIN_NUMERO,E-000159.jpg,2026-08-16,16 Agosto,Kit municipios,2.0,unidades,
SIN_NUMERO,E-000159.jpg,2026-08-16,16 Agosto,Guante,6.0,cajas,
SIN_NUMERO,E-000159.jpg,2026-08-16,16 Agosto,Catéter,50.0,unidades,3ml
SIN_NUMERO,E-000159.jpg,2026-08-16,16 Agosto,Jeringa,55.0,unidades,3ml
SIN_NUMERO,E-000159.jpg,2026-08-16,16 Agosto,Jeringa,26.0,cajas,x 100
SIN_NUMERO,E-000159.jpg,2026-08-16,16 Agosto,Jeringa,100.0,unidades,5ml
SIN_NUMERO,E-000159.jpg,2026-08-16,16 Agosto,Heparina,10.0,unidades,
SIN_NUMERO,E-000159.jpg,2026-08-16,16 Agosto,Lactato Ringer,1.0,caja,
SIN_NUMERO,E-000159.jpg,2026-08-16,16 Agosto,Bolsa de alimentos,1.0,bolsa,Hatman
SIN_NUMERO,E-000159.jpg,2026-08-16,16 Agosto,Clavulonato de Sodio,10.0,unidades,
SIN_NUMERO,E-000159.jpg,2026-08-16,16 Agosto,Lactato,10.0,unidades,
SIN_NUMERO,E-000159.jpg,2026-08-16,16 Agosto,Alcohol antibacterial,1.0,unidad,
SIN_NUMERO,E-000159.jpg,2026-08-16,16 Agosto,Panitos,3.0,unidades,
SIN_NUMERO,E-000160.jpg,2026-08-16,16/ago/26,Guantes Talla M,4.0,unidades,
SIN_NUMERO,E-000160.jpg,2026-08-16,16/ago/26,Guantes Talla L,2.0,unidades,
SIN_NUMERO,E-000160.jpg,2026-08-16,16/ago/26,Tapabocas,4.0,unidades,
SIN_NUMERO,E-000160.jpg,2026-08-16,16/ago/26,Solución Salina,2.0,unidades,
SIN_NUMERO,E-000160.jpg,2026-08-16,16/ago/26,Paños Húmedos,2.0,unidades,
SIN_NUMERO,E-000160.jpg,2026-08-16,16/ago/26,Alcohol,5.0,unidades,350 ml
SIN_NUMERO,E-000160.jpg,2026-08-16,16/ago/26,Lactato de Ringer,5.0,unidades,500 ml
SIN_NUMERO,E-000160.jpg,2026-08-16,16/ago/26,Cloruro de Sodio,2.0,unidades,500 ml
SIN_NUMERO,E-000160.jpg,2026-08-16,16/ago/26,Suero,1.0,unidades,400 ml
SIN_NUMERO,E-000160.jpg,2026-08-16,16/ago/26,Esparadrapo,2.0,unidades,
SIN_NUMERO,E-000160.jpg,2026-08-16,16/ago/26,Micropore,2.0,unidades,
SIN_NUMERO,E-000160.jpg,2026-08-16,16/ago/26,Gasa,200.0,unidades,
SIN_NUMERO,E-000160.jpg,2026-08-16,16/ago/26,Algodón,2.0,unidades,
SIN_NUMERO,E-000160.jpg,2026-08-16,16/ago/26,Catéter Verde,20.0,unidades,18G
SIN_NUMERO,E-000160.jpg,2026-08-16,16/ago/26,Catéter Rosado,40.0,unidades,
SIN_NUMERO,E-000160.jpg,2026-08-16,16/ago/26,Catéter Azul,20.0,unidades,
SIN_NUMERO,E-000160.jpg,2026-08-16,16/ago/26,C. Amarillo,6.0,unidades,
SIN_NUMERO,E-000160.jpg,2026-08-16,16/ago/26,Burcholes,6.0,unidades,
SIN_NUMERO,E-000160.jpg,2026-08-16,16/ago/26,Macrogotero,2.0,unidades,
SIN_NUMERO,E-000160.jpg,2026-08-16,16/ago/26,Cánula Nasal Oxígeno,2.0,unidades,
SIN_NUMERO,E-000160.jpg,2026-08-16,16/ago/26,Tubo endotraqueal,2.0,unidades,30
SIN_NUMERO,E-000160.jpg,2026-08-16,16/ago/26,Tubo endotraqueal,2.0,unidades,26
SIN_NUMERO,E-000160.jpg,2026-08-16,16/ago/26,Tubo endotraqueal,2.0,unidades,20
SIN_NUMERO,E-000160.jpg,2026-08-16,16/ago/26,Jeringas,60.0,unidades,1 ml
SIN_NUMERO,E-000160.jpg,2026-08-16,16/ago/26,Jeringas,60.0,unidades,5 ml
SIN_NUMERO,E-000160.jpg,2026-08-16,16/ago/26,Jeringas,60.0,unidades,10 ml
SIN_NUMERO,E-000160.jpg,2026-08-16,16/ago/26,Jeringas,10.0,unidades,20 ml
SIN_NUMERO,E-000160.jpg,2026-08-16,16/ago/26,Jeringas,2.0,unidades,50 ml
SIN_NUMERO,E-000160.jpg,2026-08-16,16/ago/26,Cánula,2.0,unidades,
SIN_NUMERO,E-000160.jpg,2026-08-16,16/ago/26,Suturas,5.0,unidades,
SIN_NUMERO,E-000160.jpg,2026-08-16,16/ago/26,Vendas,5.0,unidades,
SIN_NUMERO,E-000160.jpg,2026-08-16,16/ago/26,Tapón heparizado,10.0,unidades,
SIN_NUMERO,E-000160.jpg,2026-08-16,16/ago/26,Guantes Talla S,2.0,unidades,
SIN_NUMERO,E-000161.jpg,2026-08-16,16/ago/26,Guantes Talla M,4.0,unidades,
SIN_NUMERO,E-000161.jpg,2026-08-16,16/ago/26,Guantes Talla L,2.0,unidades,
SIN_NUMERO,E-000161.jpg,2026-08-16,16/ago/26,Tapabocas,4.0,unidades,
SIN_NUMERO,E-000161.jpg,2026-08-16,16/ago/26,Solución Salina,2.0,unidades,
SIN_NUMERO,E-000161.jpg,2026-08-16,16/ago/26,Paños Humedos,2.0,unidades,
SIN_NUMERO,E-000161.jpg,2026-08-16,16/ago/26,Alcohol,5.0,unidades,350ml
SIN_NUMERO,E-000161.jpg,2026-08-16,16/ago/26,Alcohol,2.0,unidades,700ml
SIN_NUMERO,E-000161.jpg,2026-08-16,16/ago/26,Lactato de Ringer,2.0,unidades,500ml
SIN_NUMERO,E-000161.jpg,2026-08-16,16/ago/26,Cloruro Sodio,1.0,unidades,500ml
SIN_NUMERO,E-000161.jpg,2026-08-16,16/ago/26,Esparadrapo,2.0,unidades,
SIN_NUMERO,E-000161.jpg,2026-08-16,16/ago/26,Micropore,2.0,unidades,
SIN_NUMERO,E-000161.jpg,2026-08-16,16/ago/26,Gasa,2.0,unidades,
SIN_NUMERO,E-000161.jpg,2026-08-16,16/ago/26,Algodón,2.0,unidades,
SIN_NUMERO,E-000161.jpg,2026-08-16,16/ago/26,Catéter Verde,20.0,unidades,18G
SIN_NUMERO,E-000161.jpg,2026-08-16,16/ago/26,Catéter Rosado,20.0,unidades,
SIN_NUMERO,E-000161.jpg,2026-08-16,16/ago/26,Catéter Azul,40.0,unidades,
SIN_NUMERO,E-000161.jpg,2026-08-16,16/ago/26,Catéter Amarillo,20.0,unidades,
SIN_NUMERO,E-000161.jpg,2026-08-16,16/ago/26,Burcholes,6.0,unidades,
SIN_NUMERO,E-000161.jpg,2026-08-16,16/ago/26,Microgotero,6.0,unidades,
SIN_NUMERO,E-000161.jpg,2026-08-16,16/ago/26,Cánula Nasal Oxígeno,2.0,unidades,
SIN_NUMERO,E-000161.jpg,2026-08-16,16/ago/26,Tubo endotraqueal,2.0,unidades,30
SIN_NUMERO,E-000161.jpg,2026-08-16,16/ago/26,Tubo endotraqueal,2.0,unidades,26
SIN_NUMERO,E-000161.jpg,2026-08-16,16/ago/26,Tubo endotraqueal,2.0,unidades,16
SIN_NUMERO,E-000161.jpg,2026-08-16,16/ago/26,Jeringas,60.0,unidades,1ML
SIN_NUMERO,E-000161.jpg,2026-08-16,16/ago/26,Jeringas,60.0,unidades,5ML
SIN_NUMERO,E-000161.jpg,2026-08-16,16/ago/26,Jeringas,60.0,unidades,10ML
SIN_NUMERO,E-000161.jpg,2026-08-16,16/ago/26,Jeringas,60.0,unidades,20ML
SIN_NUMERO,E-000161.jpg,2026-08-16,16/ago/26,Jeringas,2.0,unidades,60ML
SIN_NUMERO,E-000161.jpg,2026-08-16,16/ago/26,Cánula Oxígeno,2.0,unidades,
SIN_NUMERO,E-000161.jpg,2026-08-16,16/ago/26,Suturas,5.0,unidades,
SIN_NUMERO,E-000161.jpg,2026-08-16,16/ago/26,Tapón heparizado,10.0,unidades,
SIN_NUMERO,E-000161.jpg,2026-08-16,16/ago/26,Guantes Talla S,2.0,unidades,
SIN_NUMERO,E-000162.jpg,2026-08-16,16 agosto,Guantes Talla M,4.0,unidades,
SIN_NUMERO,E-000162.jpg,2026-08-16,16 agosto,Guantes Talla L,2.0,unidades,
SIN_NUMERO,E-000162.jpg,2026-08-16,16 agosto,Tapabocas,4.0,unidades,
SIN_NUMERO,E-000162.jpg,2026-08-16,16 agosto,Solución Salina,2.0,unidades,
SIN_NUMERO,E-000162.jpg,2026-08-16,16 agosto,Paños Húmedos,2.0,unidades,
SIN_NUMERO,E-000162.jpg,2026-08-16,16 agosto,Alcohol,2.0,unidades,350 ml
SIN_NUMERO,E-000162.jpg,2026-08-16,16 agosto,Alcohol,5.0,unidades,700 ml
SIN_NUMERO,E-000162.jpg,2026-08-16,16 agosto,Lactato de Ringer,2.0,unidades,500 ml
SIN_NUMERO,E-000162.jpg,2026-08-16,16 agosto,Cloruro de Sodio,1.0,unidades,400 ml
SIN_NUMERO,E-000162.jpg,2026-08-16,16 agosto,Esparadrapo,2.0,unidades,
SIN_NUMERO,E-000162.jpg,2026-08-16,16 agosto,Micropore,2.0,unidades,
SIN_NUMERO,E-000162.jpg,2026-08-16,16 agosto,Gasa,2.0,unidades,
SIN_NUMERO,E-000162.jpg,2026-08-16,16 agosto,Algodón,20.0,unidades,
SIN_NUMERO,E-000162.jpg,2026-08-16,16 agosto,Catéter Verde,20.0,unidades,18G
SIN_NUMERO,E-000162.jpg,2026-08-16,16 agosto,Catéter Rosado,20.0,unidades,
SIN_NUMERO,E-000162.jpg,2026-08-16,16 agosto,Catéter Azul,40.0,unidades,
SIN_NUMERO,E-000162.jpg,2026-08-16,16 agosto,C. Amarillo,6.0,unidades,
SIN_NUMERO,E-000162.jpg,2026-08-16,16 agosto,Burcholes,6.0,unidades,
SIN_NUMERO,E-000162.jpg,2026-08-16,16 agosto,Microgotero,2.0,unidades,
SIN_NUMERO,E-000162.jpg,2026-08-16,16 agosto,Cánula Nasal Oxígeno,2.0,unidades,
SIN_NUMERO,E-000162.jpg,2026-08-16,16 agosto,Tubo Endotraqueal,2.0,unidades,30
SIN_NUMERO,E-000162.jpg,2026-08-16,16 agosto,Tubo Endotraqueal,2.0,unidades,26
SIN_NUMERO,E-000162.jpg,2026-08-16,16 agosto,Tubo Endotraqueal,16.0,unidades,
SIN_NUMERO,E-000162.jpg,2026-08-16,16 agosto,Jeringas,60.0,unidades,1 ml
SIN_NUMERO,E-000162.jpg,2026-08-16,16 agosto,Jeringas,60.0,unidades,5 ml
SIN_NUMERO,E-000162.jpg,2026-08-16,16 agosto,Jeringas,60.0,unidades,10 ml
SIN_NUMERO,E-000162.jpg,2026-08-16,16 agosto,Jeringas,10.0,unidades,20 ml
SIN_NUMERO,E-000162.jpg,2026-08-16,16 agosto,Jeringas,2.0,unidades,60 ml
SIN_NUMERO,E-000162.jpg,2026-08-16,16 agosto,Cánula,0.0,unidades,
SIN_NUMERO,E-000162.jpg,2026-08-16,16 agosto,Suturas,5.0,unidades,
SIN_NUMERO,E-000162.jpg,2026-08-16,16 agosto,Vendas,5.0,unidades,
SIN_NUMERO,E-000162.jpg,2026-08-16,16 agosto,Tapón Heparinizado,10.0,unidades,
SIN_NUMERO,E-000162.jpg,2026-08-16,16 agosto,Guantes Talla S,10.0,unidades,
3,E-000163.jpg,2026-08-16,16/ago/26,Guantes Talla M,4.0,unidades,
3,E-000163.jpg,2026-08-16,16/ago/26,Guantes Talla L,4.0,unidades,
3,E-000163.jpg,2026-08-16,16/ago/26,Solución Salina,2.0,unidades,
3,E-000163.jpg,2026-08-16,16/ago/26,Tapabocas,2.0,unidades,
3,E-000163.jpg,2026-08-16,16/ago/26,Paños Humedos,2.0,unidades,
3,E-000163.jpg,2026-08-16,16/ago/26,Alcohol,2.0,frascos,350 ml
3,E-000163.jpg,2026-08-16,16/ago/26,Lactato de Ringer,5.0,bolsas,500 ml
3,E-000163.jpg,2026-08-16,16/ago/26,Cloruro Sodio,2.0,bolsas,500 ml
3,E-000163.jpg,2026-08-16,16/ago/26,Suro,1.0,unidades,400 ml
3,E-000163.jpg,2026-08-16,16/ago/26,Esparadrapo,2.0,unidades,
3,E-000163.jpg,2026-08-16,16/ago/26,Micropore,2.0,unidades,
3,E-000163.jpg,2026-08-16,16/ago/26,Gasa,200.0,unidades,
3,E-000163.jpg,2026-08-16,16/ago/26,Algodón,20.0,unidades,
3,E-000163.jpg,2026-08-16,16/ago/26,Catéter Verde,20.0,unidades,18G
3,E-000163.jpg,2026-08-16,16/ago/26,Catéter Rosado,20.0,unidades,
3,E-000163.jpg,2026-08-16,16/ago/26,Catéter Azul,40.0,unidades,
3,E-000163.jpg,2026-08-16,16/ago/26,Catéter Amarillo,20.0,unidades,
3,E-000163.jpg,2026-08-16,16/ago/26,Buretroles,6.0,unidades,
3,E-000163.jpg,2026-08-16,16/ago/26,Microgotero,6.0,unidades,
3,E-000163.jpg,2026-08-16,16/ago/26,Cánula Nasal Oxígeno,2.0,unidades,
3,E-000163.jpg,2026-08-16,16/ago/26,Tubo endotraqueal,2.0,unidades,
3,E-000163.jpg,2026-08-16,16/ago/26,Tubo endotraqueal,2.0,unidades,
3,E-000163.jpg,2026-08-16,16/ago/26,Tubo endotraqueal,16.0,unidades,
3,E-000163.jpg,2026-08-16,16/ago/26,Jeringas,60.0,unidades,1 ml
3,E-000163.jpg,2026-08-16,16/ago/26,Jeringas,60.0,unidades,5 ml
3,E-000163.jpg,2026-08-16,16/ago/26,Jeringas,60.0,unidades,10 ml
3,E-000163.jpg,2026-08-16,16/ago/26,Jeringas,10.0,unidades,20 ml
3,E-000163.jpg,2026-08-16,16/ago/26,Jeringas,60.0,unidades,2 ml
3,E-000163.jpg,2026-08-16,16/ago/26,Jeringas,2.0,unidades,60 ml
3,E-000163.jpg,2026-08-16,16/ago/26,Cánula,0.0,unidades,
3,E-000163.jpg,2026-08-16,16/ago/26,Suturas,5.0,unidades,
3,E-000163.jpg,2026-08-16,16/ago/26,Bendas,5.0,unidades,
3,E-000163.jpg,2026-08-16,16/ago/26,Tapón heparinizado,10.0,unidades,
3,E-000163.jpg,2026-08-16,16/ago/26,Guantes Talla S,2.0,unidades,
SIN_NUMERO,E-000164.jpg,2026-08-16,16 Agosto 2024,Suero fisiológico,3.0,bolsas,500 ml
SIN_NUMERO,E-000164.jpg,2026-08-16,16 Agosto 2024,West jabón,4.0,unidades,120 ml
SIN_NUMERO,E-000164.jpg,2026-08-16,16 Agosto 2024,Splash tears (lágrima),4.0,unidades,60 ml
SIN_NUMERO,E-000164.jpg,2026-08-16,16 Agosto 2024,Aaflux (supremicin),1.0,unidad,15 ml
SIN_NUMERO,E-000164.jpg,2026-08-16,16 Agosto 2024,Didol 0.1%,3.0,unidades,50 ml
SIN_NUMERO,E-000164.jpg,2026-08-16,16 Agosto 2024,Ácido tranexámico,2.0,ampollas,10 ml
SIN_NUMERO,E-000164.jpg,2026-08-16,16 Agosto 2024,West jabón 4%,1.0,unidad,120 ml
SIN_NUMERO,E-000164.jpg,2026-08-16,16 Agosto 2024,Meloxicam,2.0,unidades,10 ml
SIN_NUMERO,E-000164.jpg,2026-08-16,16 Agosto 2024,Legimort 0.5%,1.0,unidad,5 ml
SIN_NUMERO,E-000164.jpg,2026-08-16,16 Agosto 2024,Organew pet,1.0,unidad,100 g
SIN_NUMERO,E-000164.jpg,2026-08-16,16 Agosto 2024,Diclofenaco 70 mg,5.0,unidades,3 ml
SIN_NUMERO,E-000164.jpg,2026-08-16,16 Agosto 2024,Power comprimidos,2.0,cajas,900 mg / 33.75 mg
SIN_NUMERO,E-000164.jpg,2026-08-16,16 Agosto 2024,Credelio plus,1.0,unidad,22.5 mg
SIN_NUMERO,E-000164.jpg,2026-08-16,16 Agosto 2024,Credelio,1.0,unidad,75 mg
SIN_NUMERO,E-000164.jpg,2026-08-16,16 Agosto 2024,Credelio lotilaner,1.0,unidad,450 mg
SIN_NUMERO,E-000164.jpg,2026-08-16,16 Agosto 2024,Clopidogrel,1.0,unidad,2.60 mg
SIN_NUMERO,E-000164.jpg,2026-08-16,16 Agosto 2024,Fiprofectum,2.0,unidades,50 ml
SIN_NUMERO,E-000164.jpg,2026-08-16,16 Agosto 2024,Pronalgin,2.0,goteros,10 ml
SIN_NUMERO,E-000164.jpg,2026-08-16,16 Agosto 2024,Canisan suspención,1.0,unidad,1000 ml
SIN_NUMERO,E-000164.jpg,2026-08-16,16 Agosto 2024,Detromin-B,1.0,unidad,30 ml
SIN_NUMERO,E-000164.jpg,2026-08-16,16 Agosto 2024,Metoclopramida 4 mg,1.0,unidad,5 ml
SIN_NUMERO,E-000164.jpg,2026-08-16,16 Agosto 2024,Metronid 250 mg,1.0,unidad,5 ml
SIN_NUMERO,E-000164.jpg,2026-08-16,16 Agosto 2024,Peracani silvan gel,1.0,unidad,
SIN_NUMERO,E-000165.jpg,2026-08-16,16 Agos 2026,Prednisolona,2.0,cajas,10 mg
SIN_NUMERO,E-000165.jpg,2026-08-16,16 Agos 2026,Meloxicam,7.0,sobres,16 mg
SIN_NUMERO,E-000165.jpg,2026-08-16,16 Agos 2026,Doxiciclina,9.0,cajas,100 mg
SIN_NUMERO,E-000165.jpg,2026-08-16,16 Agos 2026,Meloxicam,3.0,frascos,10 ml
SIN_NUMERO,E-000165.jpg,2026-08-16,16 Agos 2026,Cefalexina,7.0,sobres,1000 mg
SIN_NUMERO,E-000165.jpg,2026-08-16,16 Agos 2026,Itraconazol,1.0,caja,100 mg
SIN_NUMERO,E-000165.jpg,2026-08-16,16 Agos 2026,Acido poliglicolico,16.0,suturas,
SIN_NUMERO,E-000165.jpg,2026-08-16,16 Agos 2026,Lidocaina,3.0,frascos,2 mg
SIN_NUMERO,E-000165.jpg,2026-08-16,16 Agos 2026,Algicam,1.0,caja,10 comprimidos
SIN_NUMERO,E-000165.jpg,2026-08-16,16 Agos 2026,Ketoprofeno,2.0,cajas,5 ml
SIN_NUMERO,E-000165.jpg,2026-08-16,16 Agos 2026,Meloxicam,1.0,caja,1.5 ml
SIN_NUMERO,E-000165.jpg,2026-08-16,16 Agos 2026,Adrenalina,10.0,ampollas,1 ml
SIN_NUMERO,E-000165.jpg,2026-08-16,16 Agos 2026,Metodix,1.0,caja,50 ml
SIN_NUMERO,E-000165.jpg,2026-08-16,16 Agos 2026,Tramic-V,1.0,caja,60 ml
SIN_NUMERO,E-000165.jpg,2026-08-16,16 Agos 2026,Lagrimas artificiales,1.0,caja,15 ml
SIN_NUMERO,E-000166.jpg,2026-08-16,16 Agosto 2016,Jabon Arbol de te,1.0,unidad,
SIN_NUMERO,E-000166.jpg,2026-08-16,16 Agosto 2016,Cefalexina,3.0,sobre,500mg
SIN_NUMERO,E-000166.jpg,2026-08-16,16 Agosto 2016,Dicloxacilina,1.0,caja,500mg
SIN_NUMERO,E-000166.jpg,2026-08-16,16 Agosto 2016,Cateter #20,2.0,unidad,
SIN_NUMERO,E-000166.jpg,2026-08-16,16 Agosto 2016,Amlodipino,6.0,sobres,5 mg
SIN_NUMERO,E-000166.jpg,2026-08-16,16 Agosto 2016,Cateter mariposa #19,13.0,unidad,
SIN_NUMERO,E-000166.jpg,2026-08-16,16 Agosto 2016,Tapones,4.0,caja,
SIN_NUMERO,E-000166.jpg,2026-08-16,16 Agosto 2016,Cefalung,1.0,caja,200mg
SIN_NUMERO,E-000167.jpg,2026-08-16,16-Ago,Dextrosa,1.0,frascos,500ml
SIN_NUMERO,E-000167.jpg,2026-08-16,16-Ago,Cicangul,3.0,unidades,
SIN_NUMERO,E-000167.jpg,2026-08-16,16-Ago,Bravecto,3.0,unidades,112.5 mg
SIN_NUMERO,E-000167.jpg,2026-08-16,16-Ago,Nardoment,1.0,unidades,1 mg
SIN_NUMERO,E-000167.jpg,2026-08-16,16-Ago,Aminelec B,2.0,frascos,500ml
SIN_NUMERO,E-000167.jpg,2026-08-16,16-Ago,B-Fex,4.0,frascos,60 ml
SIN_NUMERO,E-000167.jpg,2026-08-16,16-Ago,Discaline,3.0,frascos,20 ml
SIN_NUMERO,E-000167.jpg,2026-08-16,16-Ago,Septideruk,6.0,frascos,50 ml
SIN_NUMERO,E-000167.jpg,2026-08-16,16-Ago,Tramadol,3.0,frascos,100 ml
SIN_NUMERO,E-000167.jpg,2026-08-16,16-Ago,Cutemycon,1.0,frascos,100 ml
SIN_NUMERO,E-000167.jpg,2026-08-16,16-Ago,Dexametasona,1.0,frascos,50 ml
SIN_NUMERO,E-000167.jpg,2026-08-16,16-Ago,Floxcvet,1.0,frascos,50 ml
SIN_NUMERO,E-000167.jpg,2026-08-16,16-Ago,Onectox,2.0,frascos,Sol. oral 60ml
SIN_NUMERO,E-000167.jpg,2026-08-16,16-Ago,Ioxin,1.0,frascos,40 ml
SIN_NUMERO,E-000167.jpg,2026-08-16,16-Ago,Vitamina,1.0,frascos,23% 120ml
SIN_NUMERO,E-000167.jpg,2026-08-16,16-Ago,Deasen-N,2.0,frascos,100 mg
SIN_NUMERO,E-000167.jpg,2026-08-16,16-Ago,Piperacilina + Tazobactam,2.0,ampollas,15 mg
SIN_NUMERO,E-000167.jpg,2026-08-16,16-Ago,Meloxicam,1.0,frascos,100 mg
SIN_NUMERO,E-000167.jpg,2026-08-16,16-Ago,Doxiciclina,1.0,tabletas,100 mg
SIN_NUMERO,E-000167.jpg,2026-08-16,16-Ago,Diclicin,2.0,tabletas,10 mg
SIN_NUMERO,E-000167.jpg,2026-08-16,16-Ago,Cefalexina,1.0,tabletas,500 mg
SIN_NUMERO,E-000167.jpg,2026-08-16,16-Ago,Enrofloxacina,2.0,frascos,10 ml
SIN_NUMERO,E-000167.jpg,2026-08-16,16-Ago,Gentamicina,4.0,frascos,160 mg 2ml
SIN_NUMERO,E-000167.jpg,2026-08-16,16-Ago,Dexametasona,12.0,frascos,10 ml
SIN_NUMERO,E-000167.jpg,2026-08-16,16-Ago,Meloxipet,5.0,frascos,0.1% 10ml
SIN_NUMERO,E-000167.jpg,2026-08-16,16-Ago,Legrikov,5.0,frascos,0.5% 15ml
SIN_NUMERO,E-000168.jpg,2026-08-16,16-Ago,Dextrosa,1.0,frascos,500 ml
SIN_NUMERO,E-000168.jpg,2026-08-16,16-Ago,Bravecto,4.0,unidades,112.5 mg
SIN_NUMERO,E-000168.jpg,2026-08-16,16-Ago,Nardomin,3.0,unidades,
SIN_NUMERO,E-000168.jpg,2026-08-16,16-Ago,Aminelec B,1.0,unidades,500 ml
SIN_NUMERO,E-000168.jpg,2026-08-16,16-Ago,B-Fex,2.0,unidades,60 ml
SIN_NUMERO,E-000168.jpg,2026-08-16,16-Ago,Discaline,4.0,unidades,20 ml
SIN_NUMERO,E-000168.jpg,2026-08-16,16-Ago,Odi-pet,3.0,unidades,
SIN_NUMERO,E-000168.jpg,2026-08-16,16-Ago,Tramadol,6.0,unidades,100 mg
SIN_NUMERO,E-000168.jpg,2026-08-16,16-Ago,Cutencon,3.0,unidades,100 ml
SIN_NUMERO,E-000168.jpg,2026-08-16,16-Ago,Dexametasona,1.0,unidades,50 ml
SIN_NUMERO,E-000168.jpg,2026-08-16,16-Ago,Floxvet,1.0,unidades,50 ml
SIN_NUMERO,E-000168.jpg,2026-08-16,16-Ago,Canetox,1.0,unidades,60 ml
SIN_NUMERO,E-000168.jpg,2026-08-16,16-Ago,Ivermectina,2.0,unidades,120 ml
SIN_NUMERO,E-000168.jpg,2026-08-16,16-Ago,Deasen-N,1.0,unidades,100 mg
SIN_NUMERO,E-000168.jpg,2026-08-16,16-Ago,Piperacilina + Tazobactam,2.0,unidades,
SIN_NUMERO,E-000168.jpg,2026-08-16,16-Ago,Meloxicam,2.0,unidades,15 mg
SIN_NUMERO,E-000168.jpg,2026-08-16,16-Ago,Doxiciclina,1.0,unidades,100 mg
SIN_NUMERO,E-000168.jpg,2026-08-16,16-Ago,Diclicin,2.0,unidades,10 mg
SIN_NUMERO,E-000168.jpg,2026-08-16,16-Ago,Cefalexina,1.0,unidades,500 mg
SIN_NUMERO,E-000168.jpg,2026-08-16,16-Ago,Enrofloxacina,2.0,unidades,10 ml
SIN_NUMERO,E-000168.jpg,2026-08-16,16-Ago,Gentamicina,1.0,unidades,160 mg
SIN_NUMERO,E-000168.jpg,2026-08-16,16-Ago,Dexametasona,4.0,unidades,10 ml
SIN_NUMERO,E-000168.jpg,2026-08-16,16-Ago,Nebxpet,12.0,unidades,10 ml
SIN_NUMERO,E-000168.jpg,2026-08-16,16-Ago,Logrikov,5.0,unidades,0.5% 15 ml
SIN_NUMERO,E-000169.jpg,2026-08-16,16-Ago,Dextrosa,1.0,frascos,500ml
SIN_NUMERO,E-000169.jpg,2026-08-16,16-Ago,Bravecto,3.0,unidades,112.5 mg
SIN_NUMERO,E-000169.jpg,2026-08-16,16-Ago,Nordomint,1.0,unidades,
SIN_NUMERO,E-000169.jpg,2026-08-16,16-Ago,Aminelec B,2.0,unidades,500ml
SIN_NUMERO,E-000169.jpg,2026-08-16,16-Ago,B-Fex,4.0,unidades,60ml
SIN_NUMERO,E-000169.jpg,2026-08-16,16-Ago,Placaline,3.0,unidades,2% 20ml
SIN_NUMERO,E-000169.jpg,2026-08-16,16-Ago,Septiderue,6.0,unidades,400ml
SIN_NUMERO,E-000169.jpg,2026-08-16,16-Ago,Tramadol,3.0,unidades,x 10 50mg
SIN_NUMERO,E-000169.jpg,2026-08-16,16-Ago,Cuteny,1.0,unidades,100ml
SIN_NUMERO,E-000169.jpg,2026-08-16,16-Ago,Dexametasona,1.0,unidades,4mg 50ml
SIN_NUMERO,E-000169.jpg,2026-08-16,16-Ago,Floxvet,1.0,unidades,50ml
SIN_NUMERO,E-000169.jpg,2026-08-16,16-Ago,Canetox,2.0,unidades,Sol. oral 60ml
SIN_NUMERO,E-000169.jpg,2026-08-16,16-Ago,Ivermectina,1.0,unidades,40% 10ml
SIN_NUMERO,E-000169.jpg,2026-08-16,16-Ago,Deasen-N,2.0,unidades,2.3% 120ml
SIN_NUMERO,E-000169.jpg,2026-08-16,16-Ago,Piperacilina + Tazobactam,1.0,unidades,100mg
SIN_NUMERO,E-000169.jpg,2026-08-16,16-Ago,Meloxicam,2.0,unidades,15mg x 3 amp
SIN_NUMERO,E-000169.jpg,2026-08-16,16-Ago,Doxiciclina,1.0,unidades,100mg x 10 tab
SIN_NUMERO,E-000169.jpg,2026-08-16,16-Ago,Diclicin,2.0,unidades,JO x 16 tab
SIN_NUMERO,E-000169.jpg,2026-08-16,16-Ago,Cefalexina,1.0,unidades,500mg x 10 tab
SIN_NUMERO,E-000169.jpg,2026-08-16,16-Ago,Enrofloxacina,2.0,unidades,150mg x 2ml
SIN_NUMERO,E-000169.jpg,2026-08-16,16-Ago,Gentamicina,1.0,unidades,160mg x 2ml
SIN_NUMERO,E-000169.jpg,2026-08-16,16-Ago,Dexametasona,4.0,unidades,x 10ml
SIN_NUMERO,E-000169.jpg,2026-08-16,16-Ago,Meloxipet,12.0,unidades,0.1% x 10ml
SIN_NUMERO,E-000169.jpg,2026-08-16,16-Ago,Logrikov,5.0,unidades,0.5% x 15ml
SIN_NUMERO,E-000170.jpg,2026-08-16,16 09 2020,Baytril,1.0,frasco,50 mg
SIN_NUMERO,E-000170.jpg,2026-08-16,16 09 2020,Meloxicam,1.0,caja,10 tab 2 mg
SIN_NUMERO,E-000170.jpg,2026-08-16,16 09 2020,Verdemint,1.0,frasco,100 ml
SIN_NUMERO,E-000170.jpg,2026-08-16,16 09 2020,Baxidin,1.0,frasco,300 ml
SIN_NUMERO,E-000170.jpg,2026-08-16,16 09 2020,Ciclorac,1.0,frasco,110 ml
SIN_NUMERO,E-000170.jpg,2026-08-16,16 09 2020,Liv-52,1.0,frasco,10 ml
SIN_NUMERO,E-000170.jpg,2026-08-16,16 09 2020,Etamolate,3.0,ampollas,17.5%
SIN_NUMERO,E-000170.jpg,2026-08-16,16 09 2020,Diamel,1.0,frasco,10 ml
SIN_NUMERO,E-000170.jpg,2026-08-16,16 09 2020,Pimocard,2.0,cajas,1.25 mg x 10 tab
SIN_NUMERO,E-000170.jpg,2026-08-16,16 09 2020,Meloxicam,1.0,caja,2 mg x 2 tab
SIN_NUMERO,E-000170.jpg,2026-08-16,16 09 2020,Predni-200,1.0,sobre,5 mg
SIN_NUMERO,E-000170.jpg,2026-08-16,16 09 2020,Electrolito Pet,1.0,caja,30 tab 5 mg
SIN_NUMERO,E-000170.jpg,2026-08-16,16 09 2020,Clavaseptin,1.0,sobre,250 mg x 8 tab
SIN_NUMERO,E-000170.jpg,2026-08-16,16 09 2020,Gusano,1.0,ungüento,60 g 200 mg 50 mg
SIN_NUMERO,E-000170.jpg,2026-08-16,16 09 2020,Penicilina,1.0,frasco,2.400.000 UI
SIN_NUMERO,E-000170.jpg,2026-08-16,16 09 2020,Gentax-Otico,1.0,frasco,15 ml
SIN_NUMERO,E-000170.jpg,2026-08-16,16 09 2020,Panolog,2.0,frascos,10 ml
SIN_NUMERO,E-000170.jpg,2026-08-16,16 09 2020,Dexametasona,1.0,frasco,10 ml
SIN_NUMERO,E-000170.jpg,2026-08-16,16 09 2020,Gentax-100,1.0,frasco,10 ml
SIN_NUMERO,E-000170.jpg,2026-08-16,16 09 2020,Tranquilan,1.0,frasco,10 ml
SIN_NUMERO,E-000171.jpg,2026-08-16,16/08/26,Organew Suplemento,1.0,unidades,100g
SIN_NUMERO,E-000171.jpg,2026-08-16,16/08/26,Oralpet,4.0,unidades,400 ml
SIN_NUMERO,E-000171.jpg,2026-08-16,16/08/26,Dextromin-B,1.0,unidades,300 ml
SIN_NUMERO,E-000171.jpg,2026-08-16,16/08/26,Citoprotector Antiulceroso,2.0,unidades,50 ml
SIN_NUMERO,E-000171.jpg,2026-08-16,16/08/26,Antibiótico Bacteriostático,3.0,unidades,10 tab/5mg
SIN_NUMERO,E-000171.jpg,2026-08-16,16/08/26,Antiinflamatorio y analgésico,1.0,unidades,30mg/62.5mg
SIN_NUMERO,E-000171.jpg,2026-08-16,16/08/26,Clavaseptin,1.0,tab,10 ml
SIN_NUMERO,E-000171.jpg,2026-08-16,16/08/26,Canisan-D,4.0,unidades,90g/150m
SIN_NUMERO,E-000171.jpg,2026-08-16,16/08/26,Jabon,1.0,unidades,30mg/ml
SIN_NUMERO,E-000171.jpg,2026-08-16,16/08/26,Tramasindol,1.0,tab,10 tab
SIN_NUMERO,E-000171.jpg,2026-08-16,16/08/26,Diciclin 100,10.0,ampolla,10 ampolla
SIN_NUMERO,E-000171.jpg,2026-08-16,16/08/26,Dexametasona,1.0,unidades,50 mg
SIN_NUMERO,E-000171.jpg,2026-08-16,16/08/26,Oxitetraciclina,1.0,unidades,300 ml
SIN_NUMERO,E-000171.jpg,2026-08-16,16/08/26,Splash herbal para perros,20.0,unidades,1mg/1ml
SIN_NUMERO,E-000171.jpg,2026-08-16,16/08/26,Epinefrina,3.0,unidades,3ml
SIN_NUMERO,E-000171.jpg,2026-08-16,16/08/26,Flumucil,2.0,unidades,160mg/2ml
SIN_NUMERO,E-000171.jpg,2026-08-16,16/08/26,Gentamicina,1.0,unidades,
SIN_NUMERO,E-000171.jpg,2026-08-16,16/08/26,Arsenicum homeopático,2.0,unidades,
SIN_NUMERO,E-000171.jpg,2026-08-16,16/08/26,Cannaby,1.0,unidades,
SIN_NUMERO,E-000171.jpg,2026-08-16,16/08/26,Lactoreemplazador,3.0,unidades,100g
SIN_NUMERO,E-000171.jpg,2026-08-16,16/08/26,Compresor nebulizador,2.0,unidades,
SIN_NUMERO,E-000171.jpg,2026-08-16,16/08/26,Kit de tijeras,1.0,unidades,
SIN_NUMERO,E-000171.jpg,2026-08-16,16/08/26,Optilene,3.0,unidades,3/0
SIN_NUMERO,E-000171.jpg,2026-08-16,16/08/26,Novasyn,1.0,unidades,
SIN_NUMERO,E-000171.jpg,2026-08-16,16/08/26,Talco,1.0,unidades,70cm
SIN_NUMERO,E-000172.jpg,2026-08-16,16/08/2016,Complejo B,3.0,frascos,200ml
SIN_NUMERO,E-000172.jpg,2026-08-16,16/08/2016,Colirio,2.0,frascos,2g
SIN_NUMERO,E-000172.jpg,2026-08-16,16/08/2016,Lazarvet,4.0,frascos,200ml
SIN_NUMERO,E-000172.jpg,2026-08-16,16/08/2016,Complejo B oral,2.0,frascos,100ml
SIN_NUMERO,E-000172.jpg,2026-08-16,16/08/2016,Canipets,1.0,frascos,100ml
SIN_NUMERO,E-000172.jpg,2026-08-16,16/08/2016,Canipets VIT,1.0,frascos,100ml
SIN_NUMERO,E-000172.jpg,2026-08-16,16/08/2016,Ojo V,2.0,frascos,10ml
SIN_NUMERO,E-000172.jpg,2026-08-16,16/08/2016,Visioet,1.0,frascos,10ml
SIN_NUMERO,E-000172.jpg,2026-08-16,16/08/2016,Canatox NF,5.0,frascos,60ml
SIN_NUMERO,E-000172.jpg,2026-08-16,16/08/2016,Bestadem,5.0,frascos,100ml
SIN_NUMERO,E-000172.jpg,2026-08-16,16/08/2016,Orenda,1.0,frascos,100ml
SIN_NUMERO,E-000172.jpg,2026-08-16,16/08/2016,Sarna,1.0,frascos,140grs
SIN_NUMERO,E-000172.jpg,2026-08-16,16/08/2016,Tears Lagrima,2.0,frascos,8ml
SIN_NUMERO,E-000172.jpg,2026-08-16,16/08/2016,Champú,2.0,frascos,200ml
SIN_NUMERO,E-000172.jpg,2026-08-16,16/08/2016,Hial,3.0,frascos,"2,5ml"
SIN_NUMERO,E-000172.jpg,2026-08-16,16/08/2016,Nexgard,3.0,unidades,"11,3mg"
SIN_NUMERO,E-000172.jpg,2026-08-16,16/08/2016,Earotic,2.0,frascos,10ml
SIN_NUMERO,E-000172.jpg,2026-08-16,16/08/2016,Oftalmoxyn,6.0,frascos,10ml
SIN_NUMERO,E-000172.jpg,2026-08-16,16/08/2016,Meloxiproc,2.0,frascos,2ml
SIN_NUMERO,E-000172.jpg,2026-08-16,16/08/2016,Detoblas,6.0,frascos,"1,5"
SIN_NUMERO,E-000172.jpg,2026-08-16,16/08/2016,Optive Funsion,3.0,frascos,30ml
SIN_NUMERO,E-000172.jpg,2026-08-16,16/08/2016,Insecticida SHPO,3.0,tabletas,2 tabletas
SIN_NUMERO,E-000173.jpg,2026-08-16,16/08/2026,Cefalexina,8.0,tabletas,1000mg
SIN_NUMERO,E-000173.jpg,2026-08-16,16/08/2026,Meloxivet oral,6.0,frascos,10ml
SIN_NUMERO,E-000173.jpg,2026-08-16,16/08/2026,Sanipic topico,2.0,frascos,50ml
SIN_NUMERO,E-000173.jpg,2026-08-16,16/08/2026,Ketoprofeno inv,2.0,frascos,10ml
SIN_NUMERO,E-000173.jpg,2026-08-16,16/08/2026,Etoricoxib,3.0,tabletas,14/90mg
SIN_NUMERO,E-000173.jpg,2026-08-16,16/08/2026,Nexgard,1.0,tabletas,3.5-7.5kg
SIN_NUMERO,E-000173.jpg,2026-08-16,16/08/2026,Nexgard,1.0,tabletas,9.5-15kg
SIN_NUMERO,E-000173.jpg,2026-08-16,16/08/2026,Meloxicam,12.0,tabletas,2mg/10ta
SIN_NUMERO,E-000173.jpg,2026-08-16,16/08/2026,Bonavit oral,5.0,frascos,120ml
SIN_NUMERO,E-000173.jpg,2026-08-16,16/08/2026,Claupet S. oral,4.0,frascos,100ml
SIN_NUMERO,E-000173.jpg,2026-08-16,16/08/2026,Liv.52,2.0,frascos,100ml
SIN_NUMERO,E-000173.jpg,2026-08-16,16/08/2026,Meloxicam,6.0,frascos,10ml
SIN_NUMERO,E-000173.jpg,2026-08-16,16/08/2026,Lidocaina,9.0,frascos,50ml/2%
SIN_NUMERO,E-000173.jpg,2026-08-16,16/08/2026,Canipet's puppy,4.0,frascos,1L
SIN_NUMERO,E-000173.jpg,2026-08-16,16/08/2026,Credelio,4.0,tabletas,11-22kg
SIN_NUMERO,E-000173.jpg,2026-08-16,16/08/2026,Credelio,2.0,tabletas,5.5-11kg
SIN_NUMERO,E-000173.jpg,2026-08-16,16/08/2026,Credelio,1.0,tabletas,22-45kg
SIN_NUMERO,E-000173.jpg,2026-08-16,16/08/2026,Credelio,1.0,tabletas,2.5-5.5kg
SIN_NUMERO,E-000173.jpg,2026-08-16,16/08/2026,Agrikova,2.0,frascos,15ml
SIN_NUMERO,E-000173.jpg,2026-08-16,16/08/2026,Cefalexina,2.0,tabletas,500mg
SIN_NUMERO,E-000174.jpg,2026-08-16,16/08/2021,Vetisure,1.0,unidades,1L
SIN_NUMERO,E-000174.jpg,2026-08-16,16/08/2021,Fibrilok tableta,2.0,tabletas,10ml 300mg
SIN_NUMERO,E-000174.jpg,2026-08-16,16/08/2021,Meloxican,3.0,unidades,7.5mg 50ml/12.5%
SIN_NUMERO,E-000174.jpg,2026-08-16,16/08/2021,Etamsilato,2.0,unidades,60ml
SIN_NUMERO,E-000174.jpg,2026-08-16,16/08/2021,Sutrim,2.0,unidades,60ml
SIN_NUMERO,E-000174.jpg,2026-08-16,16/08/2021,Clorehexidina,2.0,unidades,2mg
SIN_NUMERO,E-000174.jpg,2026-08-16,16/08/2021,Meloxicam tableta,1.0,tableta,7.5mg
SIN_NUMERO,E-000174.jpg,2026-08-16,16/08/2021,Meloxicam,2.0,unidades,50/100ml
SIN_NUMERO,E-000174.jpg,2026-08-16,16/08/2021,B-Flex oral,1.0,unidad,60ml
SIN_NUMERO,E-000174.jpg,2026-08-16,16/08/2021,De 20 jan-h unguento,3.0,unidades,
SIN_NUMERO,E-000174.jpg,2026-08-16,16/08/2021,Enrofloxacina,2.0,unidades,50/150ml 200mg/20
SIN_NUMERO,E-000174.jpg,2026-08-16,16/08/2021,Tears lagrimal,3.0,unidades,8ml
SIN_NUMERO,E-000174.jpg,2026-08-16,16/08/2021,Enteromax,4.0,unidades,10ml
SIN_NUMERO,E-000174.jpg,2026-08-16,16/08/2021,Ocul-v LHA,3.0,unidades,
SIN_NUMERO,E-000174.jpg,2026-08-16,16/08/2021,Ampicilina + Sulbactam,2.0,unidades,1g
SIN_NUMERO,E-000174.jpg,2026-08-16,16/08/2021,Cefazolina,6.0,unidades,60ml
SIN_NUMERO,E-000174.jpg,2026-08-16,16/08/2021,Iver,1.0,unidad,60ml
SIN_NUMERO,E-000174.jpg,2026-08-16,16/08/2021,Gastrivet famotidina,1.0,unidad,15gr
SIN_NUMERO,E-000174.jpg,2026-08-16,16/08/2021,Gentax unguento,1.0,unidad,10ml
SIN_NUMERO,E-000174.jpg,2026-08-16,16/08/2021,Gentax oftalmica,1.0,unidad,
SIN_NUMERO,E-000174.jpg,2026-08-16,16/08/2021,Apoquel tableta,1.0,tableta,20/3.6mg
SIN_NUMERO,E-000174.jpg,2026-08-16,16/08/2021,Cefalexina tableta,1.0,tableta,500mg
SIN_NUMERO,E-000175.jpg,2026-08-16,16/08/2026,Cefalexina,3.0,blister,
SIN_NUMERO,E-000175.jpg,2026-08-16,16/08/2026,Prednisolona,8.0,blister,25-50kg
SIN_NUMERO,E-000175.jpg,2026-08-16,16/08/2026,Nexgard,6.0,tabletas,4-10kg
SIN_NUMERO,E-000175.jpg,2026-08-16,16/08/2026,Nexgard,4.0,tabletas,22-45kg
SIN_NUMERO,E-000175.jpg,2026-08-16,16/08/2026,Nexgard,4.0,tabletas,10-25kg
SIN_NUMERO,E-000175.jpg,2026-08-16,16/08/2026,Nexgard,3.0,tabletas,2-4kg
SIN_NUMERO,E-000175.jpg,2026-08-16,16/08/2026,Verdemax,3.0,frascos,50g
SIN_NUMERO,E-000175.jpg,2026-08-16,16/08/2026,Solución antiséptica,4.0,frascos,110ml
SIN_NUMERO,E-000175.jpg,2026-08-16,16/08/2026,Limpiador de oídos,4.0,frascos,100ml
SIN_NUMERO,E-000175.jpg,2026-08-16,16/08/2026,Alpiel crema,2.0,tubos,15g
SIN_NUMERO,E-000175.jpg,2026-08-16,16/08/2026,Propofol,1.0,ampolla,20ml
SIN_NUMERO,E-000175.jpg,2026-08-16,16/08/2026,Cedelo,1.0,tabletas,22-45kg
SIN_NUMERO,E-000175.jpg,2026-08-16,16/08/2026,Betametasona,1.0,frasco,
SIN_NUMERO,E-000175.jpg,2026-08-16,16/08/2026,Prednisolona,2.0,tabletas,
SIN_NUMERO,E-000175.jpg,2026-08-16,16/08/2026,Suplementos,3.0,unidades,
SIN_NUMERO,E-000175.jpg,2026-08-16,16/08/2026,Shampoo,1.0,frasco,500ml
SIN_NUMERO,E-000175.jpg,2026-08-16,16/08/2026,Electrolitos,1.0,bolsa,500ml
SIN_NUMERO,E-000176.jpg,2026-08-16,16/08/2016,Tramic-V LHR Lagrigen,2.0,unidades,30ml
SIN_NUMERO,E-000176.jpg,2026-08-16,16/08/2016,Amoxicilina,2.0,unidades,10ml
SIN_NUMERO,E-000176.jpg,2026-08-16,16/08/2016,Enrofloxacina,2.0,unidades,100mg
SIN_NUMERO,E-000176.jpg,2026-08-16,16/08/2016,Canipet,3.0,unidades,5ml
SIN_NUMERO,E-000176.jpg,2026-08-16,16/08/2016,Canvantel,2.0,unidades,2ml
SIN_NUMERO,E-000176.jpg,2026-08-16,16/08/2016,Bilexine,5.0,tabletas,14 tabletas
SIN_NUMERO,E-000176.jpg,2026-08-16,16/08/2016,Vioxin,2.0,unidades,120ml
SIN_NUMERO,E-000176.jpg,2026-08-16,16/08/2016,Ungüento Dexametasona,1.0,unidades,30g
SIN_NUMERO,E-000176.jpg,2026-08-16,16/08/2016,Diclofenaco Sódico,3.0,unidades,3ml
SIN_NUMERO,E-000176.jpg,2026-08-16,16/08/2016,Nexgard,2.0,unidades,28.3ml
SIN_NUMERO,E-000176.jpg,2026-08-16,16/08/2016,Nexgard,4.0,unidades,28.3ml
SIN_NUMERO,E-000176.jpg,2026-08-16,16/08/2016,Meloxicam,1.0,unidades,16ml
SIN_NUMERO,E-000176.jpg,2026-08-16,16/08/2016,Gastrointestinal,30.0,unidades,150g
SIN_NUMERO,E-000176.jpg,2026-08-16,16/08/2016,Dextrosa,5.0,bolsas,500ml
SIN_NUMERO,E-000176.jpg,2026-08-16,16/08/2016,Electrolito,3.0,unidades,500ml
SIN_NUMERO,E-000176.jpg,2026-08-16,16/08/2016,Lidocaína,2.0,unidades,20ml
SIN_NUMERO,E-000176.jpg,2026-08-16,16/08/2016,Multivitamínico,2.0,unidades,500ml
SIN_NUMERO,E-000177.jpg,2026-08-17,12/04/26,Prueba Morfido,1.0,unidad,
SIN_NUMERO,E-000177.jpg,2026-08-17,12/04/26,Vit. Veterinarios,2.0,unidades,
SIN_NUMERO,E-000178.jpg,2026-08-17,17/Ago/26,Ketoprofeno,2.0,frascos,50ml
SIN_NUMERO,E-000178.jpg,2026-08-17,17/Ago/26,Meloxicam,1.0,frasco,10ml
SIN_NUMERO,E-000178.jpg,2026-08-17,17/Ago/26,Meloxicam,6.0,unidades,0.15% / 10ml
SIN_NUMERO,E-000178.jpg,2026-08-17,17/Ago/26,Suero oral,4.0,unidades,20mg / 50ml
SIN_NUMERO,E-000178.jpg,2026-08-17,17/Ago/26,Quercetol,1.0,sobre,30mg / 10+
SIN_NUMERO,E-000178.jpg,2026-08-17,17/Ago/26,Alfa 3,4.0,unidades,topica
SIN_NUMERO,E-000178.jpg,2026-08-17,17/Ago/26,Polfen,8.0,unidades,2mg / 10tab
SIN_NUMERO,E-000178.jpg,2026-08-17,17/Ago/26,Meloxicam,5.0,unidades,100mg
SIN_NUMERO,E-000178.jpg,2026-08-17,17/Ago/26,Quercetol,3.0,unidades,250ml
SIN_NUMERO,E-000178.jpg,2026-08-17,17/Ago/26,Aminalite,1.0,frasco,50ml
SIN_NUMERO,E-000178.jpg,2026-08-17,17/Ago/26,Lidocaina,1.0,ampolla,100mg / 10ml
SIN_NUMERO,E-000178.jpg,2026-08-17,17/Ago/26,Dexametasona,1.0,frasco,100
SIN_NUMERO,E-000178.jpg,2026-08-17,17/Ago/26,Dipirona,11.0,unidades,50mg
SIN_NUMERO,E-000178.jpg,2026-08-17,17/Ago/26,Meloxicam,1.0,frasco,10ml
SIN_NUMERO,E-000178.jpg,2026-08-17,17/Ago/26,Oxitetraciclina,1.0,frasco,100ml
SIN_NUMERO,E-000178.jpg,2026-08-17,17/Ago/26,Shampoo,1.0,frasco,300ml
SIN_NUMERO,E-000178.jpg,2026-08-17,17/Ago/26,Dihidrocodeina,2.0,unidades,300mg
SIN_NUMERO,E-000178.jpg,2026-08-17,17/Ago/26,Fluimucil,1.0,unidad,
SIN_NUMERO,E-000178.jpg,2026-08-17,17/Ago/26,Baxidin,8.0,unidades,
SIN_NUMERO,E-000178.jpg,2026-08-17,17/Ago/26,Suturas,1.0,unidad,Oral
SIN_NUMERO,E-000178.jpg,2026-08-17,17/Ago/26,Pondel,1.0,unidad,2-3.5kg
SIN_NUMERO,E-000178.jpg,2026-08-17,17/Ago/26,Nexgard Spectra,1.0,unidad,75mg
SIN_NUMERO,E-000179.jpg,2026-08-17,17 Agosto 16,Cefalexina,1.0,unidades,500mg/10com
SIN_NUMERO,E-000179.jpg,2026-08-17,17 Agosto 16,Eclosynt,1.0,unidades,
SIN_NUMERO,E-000179.jpg,2026-08-17,17 Agosto 16,Sal activadora,1.0,unidades,
SIN_NUMERO,E-000179.jpg,2026-08-17,17 Agosto 16,Termómetro,1.0,unidades,
SIN_NUMERO,E-000179.jpg,2026-08-17,17 Agosto 16,Ambientador,1.0,unidades,20ml
SIN_NUMERO,E-000179.jpg,2026-08-17,17 Agosto 16,Clorhexin spray,1.0,unidades,110ml
SIN_NUMERO,E-000179.jpg,2026-08-17,17 Agosto 16,Oxitetraciclina,1.0,unidades,50mg
SIN_NUMERO,E-000179.jpg,2026-08-17,17 Agosto 16,Enrofloxacina,1.0,unidades,110ml
SIN_NUMERO,E-000179.jpg,2026-08-17,17 Agosto 16,Solución antiséptica,6.0,unidades,
SIN_NUMERO,E-000179.jpg,2026-08-17,17 Agosto 16,Nebulizador,1.0,unidades,
SIN_NUMERO,E-000179.jpg,2026-08-17,17 Agosto 16,Solución química,12.0,unidades,0.4
SIN_NUMERO,E-000179.jpg,2026-08-17,17 Agosto 16,Solución química,24.0,unidades,
SIN_NUMERO,E-000179.jpg,2026-08-17,17 Agosto 16,Solución química,18.0,unidades,
SIN_NUMERO,E-000179.jpg,2026-08-17,17 Agosto 16,Solución química,4.0,unidades,30ml
SIN_NUMERO,E-000179.jpg,2026-08-17,17 Agosto 16,Meloxicam,5.0,unidades,50ml
SIN_NUMERO,E-000179.jpg,2026-08-17,17 Agosto 16,Diprospan,4.0,unidades,
SIN_NUMERO,E-000179.jpg,2026-08-17,17 Agosto 16,Pregabalina,14.0,unidades,75mg
SIN_NUMERO,E-000179.jpg,2026-08-17,17 Agosto 16,Solución química,6.0,unidades,
SIN_NUMERO,E-000179.jpg,2026-08-17,17 Agosto 16,Lámina artificial,2.0,unidades,
SIN_NUMERO,E-000179.jpg,2026-08-17,17 Agosto 16,Metoxicam,20.0,unidades,
SIN_NUMERO,E-000180.jpg,2026-08-17,17-08-26,Solución oral lidocaína,10.0,unidades,400ml
SIN_NUMERO,E-000180.jpg,2026-08-17,17-08-26,Solución antiséptica,4.0,unidades,50ml
SIN_NUMERO,E-000180.jpg,2026-08-17,17-08-26,Solución tópica,4.0,unidades,1 litro
SIN_NUMERO,E-000180.jpg,2026-08-17,17-08-26,Solución antiséptica,4.0,unidades,500ml
SIN_NUMERO,E-000180.jpg,2026-08-17,17-08-26,Fumicel,4.0,unidades,3ml
SIN_NUMERO,E-000180.jpg,2026-08-17,17-08-26,Algican,5.0,unidades,
SIN_NUMERO,E-000180.jpg,2026-08-17,17-08-26,Baxium,1.0,unidades,
SIN_NUMERO,E-000180.jpg,2026-08-17,17-08-26,Solución antiséptica,2.0,unidades,3ml
SIN_NUMERO,E-000180.jpg,2026-08-17,17-08-26,Antiparasitario,1.0,unidades,250ml
SIN_NUMERO,E-000180.jpg,2026-08-17,17-08-26,Dexapro,4.0,unidades,
SIN_NUMERO,E-000180.jpg,2026-08-17,17-08-26,Desinfectante,1.0,unidades,
SIN_NUMERO,E-000180.jpg,2026-08-17,17-08-26,Meloxicam tableta,80.0,tabletas,
SIN_NUMERO,E-000180.jpg,2026-08-17,17-08-26,Meloxicam gotas,2.0,frascos,20ml
SIN_NUMERO,E-000180.jpg,2026-08-17,17-08-26,Antiinflamatorio,1.0,unidades,50ml
SIN_NUMERO,E-000180.jpg,2026-08-17,17-08-26,Solución inyectable,1.0,unidades,500ml
SIN_NUMERO,E-000180.jpg,2026-08-17,17-08-26,Protector ocular Vedipal,10.0,unidades,10ml
SIN_NUMERO,E-000180.jpg,2026-08-17,17-08-26,Inhalador,30.0,unidades,30ml
SIN_NUMERO,E-000180.jpg,2026-08-17,17-08-26,Trimebutina,2.0,unidades,20ml
SIN_NUMERO,E-000180.jpg,2026-08-17,17-08-26,Antiinflamatorio,1.0,unidades,
SIN_NUMERO,E-000180.jpg,2026-08-17,17-08-26,Trimetoprim + Sulfametoxazol,2.0,unidades,
SIN_NUMERO,E-000180.jpg,2026-08-17,17-08-26,Antibacteriano,1.0,unidades,
SIN_NUMERO,E-000180.jpg,2026-08-17,17-08-26,Solución oftálmica,2.0,unidades,10ml
SIN_NUMERO,E-000180.jpg,2026-08-17,17-08-26,Pregabalina,20.0,unidades,
SIN_NUMERO,E-000181.jpg,2026-08-17,17/08/26,Baxidin,1.0,frascos,120ml
SIN_NUMERO,E-000181.jpg,2026-08-17,17/08/26,Gluconato de calcio,4.0,ampollas,
SIN_NUMERO,E-000181.jpg,2026-08-17,17/08/26,Dexametasona,5.0,ampollas,
SIN_NUMERO,E-000181.jpg,2026-08-17,17/08/26,Ondansetron,3.0,ampollas,
SIN_NUMERO,E-000181.jpg,2026-08-17,17/08/26,Metoclopramida,2.0,ampollas,
SIN_NUMERO,E-000181.jpg,2026-08-17,17/08/26,Adrenalina,5.0,ampollas,
SIN_NUMERO,E-000181.jpg,2026-08-17,17/08/26,Ciclosporina,2.0,unidades,0.1%
SIN_NUMERO,E-000181.jpg,2026-08-17,17/08/26,Metronidazol,4.0,unidades,
SIN_NUMERO,E-000182.jpg,2026-08-17,17/08/26,Elektrolito,12.0,Sobres,50mg
SIN_NUMERO,E-000182.jpg,2026-08-17,17/08/26,Clavaseptin,2.0,cajas,250mg
SIN_NUMERO,E-000182.jpg,2026-08-17,17/08/26,Clavaseptin,3.0,cajas,500mg
SIN_NUMERO,E-000182.jpg,2026-08-17,17/08/26,Clavaseptin,2.0,cajas,250mg
SIN_NUMERO,E-000182.jpg,2026-08-17,17/08/26,Septiderm,2.0,unidades,
SIN_NUMERO,E-000182.jpg,2026-08-17,17/08/26,Metronidazol,1.0,frasco,0.5% 100ml
SIN_NUMERO,E-000182.jpg,2026-08-17,17/08/26,Baxidin,1.0,frasco,1000ml
SIN_NUMERO,E-000182.jpg,2026-08-17,17/08/26,Jabon,2.0,unidades,30g
SIN_NUMERO,E-000182.jpg,2026-08-17,17/08/26,Baño seco,1.0,frasco,235ml
SIN_NUMERO,E-000182.jpg,2026-08-17,17/08/26,Shampoo,1.0,frasco,235ml
SIN_NUMERO,E-000182.jpg,2026-08-17,17/08/26,Baxidin,1.0,frasco,4L
SIN_NUMERO,E-000182.jpg,2026-08-17,17/08/26,Meloxicam,1.0,frasco,0.15% 10ml
SIN_NUMERO,E-000182.jpg,2026-08-17,17/08/26,Hojas bisturí,5.0,unidades,
SIN_NUMERO,E-000182.jpg,2026-08-17,17/08/26,Clorhexidina Digluconato,1.0,frasco,120ml
SIN_NUMERO,E-000182.jpg,2026-08-17,17/08/26,Solución yodada,2.0,frasco,120ml
SIN_NUMERO,E-000182.jpg,2026-08-17,17/08/26,Meloxicam,1.0,frasco,10ml
SIN_NUMERO,E-000182.jpg,2026-08-17,17/08/26,Enterogermina,7.0,ampollas,10ml
SIN_NUMERO,E-000182.jpg,2026-08-17,17/08/26,Jabón antiséptico,2.0,frasco,100g
SIN_NUMERO,E-000182.jpg,2026-08-17,17/08/26,Ketoprofeno,6.0,ampollas,2ml
SIN_NUMERO,E-000182.jpg,2026-08-17,17/08/26,Antiparasitario interno,1.0,tableta,
SIN_NUMERO,E-000182.jpg,2026-08-17,17/08/26,Enrofloxacina,2.0,comprimidos,25mg
SIN_NUMERO,E-000183.jpg,2026-08-17,17/08/26,Suero oral,2.0,unidades,
SIN_NUMERO,E-000183.jpg,2026-08-17,17/08/26,Suero en polvo,3.0,unidades,400g
SIN_NUMERO,E-000183.jpg,2026-08-17,17/08/26,Desenredador,11.0,unidades,
SIN_NUMERO,E-000183.jpg,2026-08-17,17/08/26,Shampoo,2.0,unidades,300g
SIN_NUMERO,E-000183.jpg,2026-08-17,17/08/26,Otofarm NF,1.0,unidades,
SIN_NUMERO,E-000183.jpg,2026-08-17,17/08/26,Doxiciclina,2.0,unidades,200g
SIN_NUMERO,E-000183.jpg,2026-08-17,17/08/26,Meloxicam,3.0,tabletas,20 tabletas
SIN_NUMERO,E-000183.jpg,2026-08-17,17/08/26,Metronidazol,3.0,unidades,250mg
SIN_NUMERO,E-000183.jpg,2026-08-17,17/08/26,Restaderm,1.0,unidades,100ml
SIN_NUMERO,E-000183.jpg,2026-08-17,17/08/26,Pimobendan,1.0,unidades,
SIN_NUMERO,E-000183.jpg,2026-08-17,17/08/26,Enjuague bucal,1.0,unidades,130ml
SIN_NUMERO,E-000183.jpg,2026-08-17,17/08/26,Livererot,1.0,unidades,
SIN_NUMERO,E-000183.jpg,2026-08-17,17/08/26,Cardial,1.0,unidades,
SIN_NUMERO,E-000183.jpg,2026-08-17,17/08/26,Crema dental,1.0,unidades,95g
SIN_NUMERO,E-000183.jpg,2026-08-17,17/08/26,Heloxibest,1.0,tableta,10ml
SIN_NUMERO,E-000183.jpg,2026-08-17,17/08/26,Enrofloxacina,5.0,unidades,
SIN_NUMERO,E-000183.jpg,2026-08-17,17/08/26,Glicerina Carbonatada,4.0,unidades,30ml
SIN_NUMERO,E-000183.jpg,2026-08-17,17/08/26,N-acetilcisteína,10.0,ampollas,
SIN_NUMERO,E-000183.jpg,2026-08-17,17/08/26,Tapón heparinizado,3.0,unidades,0.5
SIN_NUMERO,E-000183.jpg,2026-08-17,17/08/26,Flumucil,1.0,unidades,
SIN_NUMERO,E-000183.jpg,2026-08-17,17/08/26,Lidocaína 2%,2.0,unidades,20mg/ml
SIN_NUMERO,E-000183.jpg,2026-08-17,17/08/26,Suplemento nutricional,2.0,unidades,
SIN_NUMERO,E-000184.jpg,2026-08-17,17-08-26,Crema dermatológica,2.0,unidades,
SIN_NUMERO,E-000184.jpg,2026-08-17,17-08-26,Amoxicilina,3.0,unidades,
SIN_NUMERO,E-000184.jpg,2026-08-17,17-08-26,Antiinflamatorio,1.0,unidades,
SIN_NUMERO,E-000184.jpg,2026-08-17,17-08-26,Solución oftálmica,100.0,unidades,
SIN_NUMERO,E-000184.jpg,2026-08-17,17-08-26,Engystol,50.0,unidades,
SIN_NUMERO,E-000184.jpg,2026-08-17,17-08-26,Gabapentina,20.0,unidades,
SIN_NUMERO,E-000184.jpg,2026-08-17,17-08-26,Pregabalina,14.0,unidades,
SIN_NUMERO,E-000184.jpg,2026-08-17,17-08-26,Trimebutina,60.0,unidades,
SIN_NUMERO,E-000184.jpg,2026-08-17,17-08-26,Baxidin,1.0,unidades,
SIN_NUMERO,E-000184.jpg,2026-08-17,17-08-26,Baxidin,4.0,unidades,
SIN_NUMERO,E-000184.jpg,2026-08-17,17-08-26,Solución antiséptica,2.0,unidades,
SIN_NUMERO,E-000184.jpg,2026-08-17,17-08-26,Fungicida,7.0,unidades,100 ml
SIN_NUMERO,E-000184.jpg,2026-08-17,17-08-26,Omega 3,7.0,unidades,
SIN_NUMERO,E-000184.jpg,2026-08-17,17-08-26,Meloxicam,8.0,unidades,
SIN_NUMERO,E-000184.jpg,2026-08-17,17-08-26,Doxiciclina,1.0,unidades,
SIN_NUMERO,E-000184.jpg,2026-08-17,17-08-26,Oranda,10.0,unidades,
SIN_NUMERO,E-000184.jpg,2026-08-17,17-08-26,Trimebutina-simeticona,14.0,unidades,
SIN_NUMERO,E-000184.jpg,2026-08-17,17-08-26,Cuarcedol,10.0,unidades,
SIN_NUMERO,E-000184.jpg,2026-08-17,17-08-26,Doxiciclina,1.0,unidades,
SIN_NUMERO,E-000184.jpg,2026-08-17,17-08-26,Meloxicam,4.0,unidades,
SIN_NUMERO,E-000184.jpg,2026-08-17,17-08-26,Antiinflamatorio,1.0,unidades,
SIN_NUMERO,E-000184.jpg,2026-08-17,17-08-26,Desparasitante interno,4.0,unidades,
SIN_NUMERO,E-000184.jpg,2026-08-17,17-08-26,Comprimido Meloxicam,1.0,unidades,
SIN_NUMERO,E-000185.jpg,2026-08-17,17/08/26,Desinfección quirúrgicos,3.0,unidades,
SIN_NUMERO,E-000185.jpg,2026-08-17,17/08/26,Cefalexina monohidrato,4.0,unidades,120ml
SIN_NUMERO,E-000185.jpg,2026-08-17,17/08/26,Suplemento alimenticio art.,3.0,unidades,X30 sachets
SIN_NUMERO,E-000185.jpg,2026-08-17,17/08/26,Hidratación oral,1.0,unidades,60ml
SIN_NUMERO,E-000185.jpg,2026-08-17,17/08/26,Aminoimelior oral,2.0,unidades,
SIN_NUMERO,E-000185.jpg,2026-08-17,17/08/26,Cibrac,1.0,unidades,100ml
SIN_NUMERO,E-000185.jpg,2026-08-17,17/08/26,Sanimicon,2.0,unidades,50ml
SIN_NUMERO,E-000185.jpg,2026-08-17,17/08/26,Lactoreemplazador,1.0,unidades,
SIN_NUMERO,E-000185.jpg,2026-08-17,17/08/26,Vaselina,1.0,unidades,8g
SIN_NUMERO,E-000185.jpg,2026-08-17,17/08/26,Meloxicam,2.0,unidades,0.5%
SIN_NUMERO,E-000185.jpg,2026-08-17,17/08/26,Epinefrina,10.0,unidades,Ampolletas
SIN_NUMERO,E-000185.jpg,2026-08-17,17/08/26,Baxdin,3.0,unidades,
SIN_NUMERO,E-000185.jpg,2026-08-17,17/08/26,Novacon,4.0,unidades,5ml
SIN_NUMERO,E-000185.jpg,2026-08-17,17/08/26,Antiparasitario,1.0,unidades,10ml
SIN_NUMERO,E-000185.jpg,2026-08-17,17/08/26,Sanimicon,2.0,unidades,10g
SIN_NUMERO,E-000185.jpg,2026-08-17,17/08/26,Antiparasitario,1.0,unidades,10ml
SIN_NUMERO,E-000185.jpg,2026-08-17,17/08/26,Suplemento vitamínico,2.0,unidades,250ml
SIN_NUMERO,E-000185.jpg,2026-08-17,17/08/26,Solución antiséptica,3.0,unidades,
SIN_NUMERO,E-000185.jpg,2026-08-17,17/08/26,Pezonil,1.0,unidades,40g
SIN_NUMERO,E-000185.jpg,2026-08-17,17/08/26,Novacont,1.0,unidades,5ml
SIN_NUMERO,E-000185.jpg,2026-08-17,17/08/26,Glomax,2.0,unidades,50ml
SIN_NUMERO,E-000185.jpg,2026-08-17,17/08/26,Cefalong,1.0,unidades,500mg
SIN_NUMERO,E-000185.jpg,2026-08-17,17/08/26,Esencias florales,10.0,unidades,
SIN_NUMERO,E-000186.jpg,2026-08-17,17/08/26,Meloxicam,1.0,tabletas,0.15%
SIN_NUMERO,E-000186.jpg,2026-08-17,17/08/26,Desinfección pre y post quirúrgica,4.0,unidades,500ml
SIN_NUMERO,E-000186.jpg,2026-08-17,17/08/26,Dermosyn,3.0,unidades,100ml
SIN_NUMERO,E-000186.jpg,2026-08-17,17/08/26,Semiderm,2.0,unidades,40g
SIN_NUMERO,E-000186.jpg,2026-08-17,17/08/26,Desloratadina,19.0,unidades,10ml
SIN_NUMERO,E-000186.jpg,2026-08-17,17/08/26,Metocarbamol,2.0,tabletas,
SIN_NUMERO,E-000186.jpg,2026-08-17,17/08/26,Amoxicilina,1.0,tabletas,500mg
SIN_NUMERO,E-000186.jpg,2026-08-17,17/08/26,Cefalexina,2.0,tabletas,
SIN_NUMERO,E-000186.jpg,2026-08-17,17/08/26,Enrofloxacina,1.0,ampolleta,120ml
SIN_NUMERO,E-000186.jpg,2026-08-17,17/08/26,Amoxicilina,2.0,ampolletas,5ml
SIN_NUMERO,E-000186.jpg,2026-08-17,17/08/26,Shampoo Clorhexidina,1.0,unidades,60ml
SIN_NUMERO,E-000186.jpg,2026-08-17,17/08/26,Vitamina K1,3.0,unidades,
SIN_NUMERO,E-000186.jpg,2026-08-17,17/08/26,Shampoo,3.0,unidades,250ml
SIN_NUMERO,E-000186.jpg,2026-08-17,17/08/26,Dermosyn,3.0,unidades,
SIN_NUMERO,E-000186.jpg,2026-08-17,17/08/26,Solución salina,4.0,ampolletas,50ml
SIN_NUMERO,E-000186.jpg,2026-08-17,17/08/26,Entero Chronic,1.0,unidades,
SIN_NUMERO,E-000186.jpg,2026-08-17,17/08/26,Lidocaína Clorhidrato,1.0,unidades,2%
SIN_NUMERO,E-000186.jpg,2026-08-17,17/08/26,Naproxeno,1.0,tableta,
SIN_NUMERO,E-000186.jpg,2026-08-17,17/08/26,Acetaminofén,1.0,tableta,
SIN_NUMERO,E-000186.jpg,2026-08-17,17/08/26,Vaselina,1.0,unidades,
SIN_NUMERO,E-000186.jpg,2026-08-17,17/08/26,Canisan,1.0,unidades,10ml
SIN_NUMERO,E-000187.jpg,2026-08-17,17/08/26,Alfa-3,1.0,unidades,
SIN_NUMERO,E-000187.jpg,2026-08-17,17/08/26,Solución Antiséptica,1.0,unidades,
SIN_NUMERO,E-000187.jpg,2026-08-17,17/08/26,Aminotonic,1.0,frascos,500ml
SIN_NUMERO,E-000187.jpg,2026-08-17,17/08/26,Lidocaina,1.0,frascos,50ml
SIN_NUMERO,E-000187.jpg,2026-08-17,17/08/26,Bardin,2.0,unidades,
SIN_NUMERO,E-000187.jpg,2026-08-17,17/08/26,Cefalexina,1.0,unidades,250mg
SIN_NUMERO,E-000187.jpg,2026-08-17,17/08/26,Lubricante ocular,1.0,frascos,5ml
SIN_NUMERO,E-000187.jpg,2026-08-17,17/08/26,Vethistam,1.0,frascos,50ml
SIN_NUMERO,E-000187.jpg,2026-08-17,17/08/26,Dexametasona,1.0,unidades,
SIN_NUMERO,E-000187.jpg,2026-08-17,17/08/26,Verdemint,2.0,unidades,
SIN_NUMERO,E-000187.jpg,2026-08-17,17/08/26,Antiparasitario int.,8.0,unidades,
SIN_NUMERO,E-000187.jpg,2026-08-17,17/08/26,Carrofero,2.0,unidades,
SIN_NUMERO,E-000187.jpg,2026-08-17,17/08/26,Fluralaner,1.0,unidades,50mg
SIN_NUMERO,E-000187.jpg,2026-08-17,17/08/26,Trien t.a,2.0,tabletas,polvo
SIN_NUMERO,E-000187.jpg,2026-08-17,17/08/26,Aciflux,5.0,unidades,500mg
SIN_NUMERO,E-000187.jpg,2026-08-17,17/08/26,Bismo-cet,5.0,unidades,240ml
SIN_NUMERO,E-000187.jpg,2026-08-17,17/08/26,Meloxivet,4.0,unidades,0.15%
SIN_NUMERO,E-000187.jpg,2026-08-17,17/08/26,Antar,1.0,frascos,170ml
SIN_NUMERO,E-000187.jpg,2026-08-17,17/08/26,Bismo-cet antidiarreico,4.0,unidades,
SIN_NUMERO,E-000187.jpg,2026-08-17,17/08/26,Meloxican,3.0,unidades,
SIN_NUMERO,E-000187.jpg,2026-08-17,17/08/26,Solución oftalmica,3.0,unidades,
SIN_NUMERO,E-000187.jpg,2026-08-17,17/08/26,Novafan top,1.0,unidades,
SIN_NUMERO,E-000187.jpg,2026-08-17,17/08/26,Cefalexina,2.0,unidades,
SIN_NUMERO,E-000187.jpg,2026-08-17,17/08/26,Ankofen,2.0,unidades,
SIN_NUMERO,E-000188.jpg,2026-08-17,17/08/26,Hemolitan,2.0,frascos,30ml
SIN_NUMERO,E-000188.jpg,2026-08-17,17/08/26,Meloxicam,2.0,frascos,0.1%
SIN_NUMERO,E-000188.jpg,2026-08-17,17/08/26,Sirocon pet,2.0,frascos,
SIN_NUMERO,E-000188.jpg,2026-08-17,17/08/26,Antiparasitario int,1.0,frascos,
SIN_NUMERO,E-000188.jpg,2026-08-17,17/08/26,Antihelmintico,2.0,frascos,
SIN_NUMERO,E-000188.jpg,2026-08-17,17/08/26,Solucion antiseptica,1.0,frascos,10ml
SIN_NUMERO,E-000188.jpg,2026-08-17,17/08/26,Hidratacion oral,10.0,sobres,
SIN_NUMERO,E-000188.jpg,2026-08-17,17/08/26,Omeprazol,3.0,ampollas,40mg
SIN_NUMERO,E-000188.jpg,2026-08-17,17/08/26,Tramadol,1.0,ampollas,50mg
SIN_NUMERO,E-000188.jpg,2026-08-17,17/08/26,Gluconato de clorhexidina,1.0,frascos,60ml
SIN_NUMERO,E-000188.jpg,2026-08-17,17/08/26,Prontosano,1.0,ampolla,
SIN_NUMERO,E-000188.jpg,2026-08-17,17/08/26,Metoclopramida,2.0,comprimidos,
SIN_NUMERO,E-000188.jpg,2026-08-17,17/08/26,Meloxin,1.0,frascos,0.5%
SIN_NUMERO,E-000188.jpg,2026-08-17,17/08/26,Novacon top,8.0,unidades,2.5kg
SIN_NUMERO,E-000188.jpg,2026-08-17,17/08/26,Simparica trio,2.0,unidades,
SIN_NUMERO,E-000188.jpg,2026-08-17,17/08/26,Solucion oftalmica,3.0,frascos,15ml
SIN_NUMERO,E-000188.jpg,2026-08-17,17/08/26,Baxidin,1.0,frascos,120ml
SIN_NUMERO,E-000188.jpg,2026-08-17,17/08/26,Jabon,5.0,unidades,40g
SIN_NUMERO,E-000188.jpg,2026-08-17,17/08/26,Constilax,5.0,frascos,240ml
SIN_NUMERO,E-000188.jpg,2026-08-17,17/08/26,Tramadol,5.0,ampollas,
SIN_NUMERO,E-000188.jpg,2026-08-17,17/08/26,Cefalotina,5.0,ampollas,1g
SIN_NUMERO,E-000188.jpg,2026-08-17,17/08/26,Acido tranexamico,5.0,ampollas,
SIN_NUMERO,E-000188.jpg,2026-08-17,17/08/26,Amoxicilina,1.0,tabletas,500mg
SIN_NUMERO,E-000188.jpg,2026-08-17,17/08/26,Nexgard,1.0,tabletas,
